time_ps,domain,cyc,kind
172500.000,c_clk,1,some_fifo_full_rise
207500.000,c_clk,8,some_fifo_full_fall
2577500.000,c_clk,482,some_fifo_full_rise
2612500.000,c_clk,489,some_fifo_full_fall
4391209.392,sg_clk,2531,sg0_s1_tvalid_without_tready
4392878.736,sg_clk,2532,sg0_s1_tvalid_without_tready
4394548.080,sg_clk,2533,sg0_s1_tvalid_without_tready
4399556.112,sg_clk,2536,sg0_s1_tvalid_without_tready
4401225.456,sg_clk,2537,sg0_s1_tvalid_without_tready
4402894.800,sg_clk,2538,sg0_s1_tvalid_without_tready
4404564.144,sg_clk,2539,sg0_s1_tvalid_without_tready
4406233.488,sg_clk,2540,sg0_s1_tvalid_without_tready
4407902.832,sg_clk,2541,sg0_s1_tvalid_without_tready
4409572.176,sg_clk,2542,sg0_s1_tvalid_without_tready
4411241.520,sg_clk,2543,sg0_s1_tvalid_without_tready
4412910.864,sg_clk,2544,sg0_s1_tvalid_without_tready
4414580.208,sg_clk,2545,sg0_s1_tvalid_without_tready
4417918.896,sg_clk,2547,sg0_s1_tvalid_without_tready
4419588.240,sg_clk,2548,sg0_s1_tvalid_without_tready
4421257.584,sg_clk,2549,sg0_s1_tvalid_without_tready
4422926.928,sg_clk,2550,sg0_s1_tvalid_without_tready
4424596.272,sg_clk,2551,sg0_s1_tvalid_without_tready
4426265.616,sg_clk,2552,sg0_s1_tvalid_without_tready
4427934.960,sg_clk,2553,sg0_s1_tvalid_without_tready
4429604.304,sg_clk,2554,sg0_s1_tvalid_without_tready
4431273.648,sg_clk,2555,sg0_s1_tvalid_without_tready
4432942.992,sg_clk,2556,sg0_s1_tvalid_without_tready
4434612.336,sg_clk,2557,sg0_s1_tvalid_without_tready
4437951.024,sg_clk,2559,sg0_s1_tvalid_without_tready
4439620.368,sg_clk,2560,sg0_s1_tvalid_without_tready
4441289.712,sg_clk,2561,sg0_s1_tvalid_without_tready
4442959.056,sg_clk,2562,sg0_s1_tvalid_without_tready
4444628.400,sg_clk,2563,sg0_s1_tvalid_without_tready
4446297.744,sg_clk,2564,sg0_s1_tvalid_without_tready
4447967.088,sg_clk,2565,sg0_s1_tvalid_without_tready
4449636.432,sg_clk,2566,sg0_s1_tvalid_without_tready
4451305.776,sg_clk,2567,sg0_s1_tvalid_without_tready
4452975.120,sg_clk,2568,sg0_s1_tvalid_without_tready
4454644.464,sg_clk,2569,sg0_s1_tvalid_without_tready
4457983.152,sg_clk,2571,sg0_s1_tvalid_without_tready
4459652.496,sg_clk,2572,sg0_s1_tvalid_without_tready
4461321.840,sg_clk,2573,sg0_s1_tvalid_without_tready
4462991.184,sg_clk,2574,sg0_s1_tvalid_without_tready
4464660.528,sg_clk,2575,sg0_s1_tvalid_without_tready
4466329.872,sg_clk,2576,sg0_s1_tvalid_without_tready
4467999.216,sg_clk,2577,sg0_s1_tvalid_without_tready
4469668.560,sg_clk,2578,sg0_s1_tvalid_without_tready
4471337.904,sg_clk,2579,sg0_s1_tvalid_without_tready
4473007.248,sg_clk,2580,sg0_s1_tvalid_without_tready
4474676.592,sg_clk,2581,sg0_s1_tvalid_without_tready
4478015.280,sg_clk,2583,sg0_s1_tvalid_without_tready
4479684.624,sg_clk,2584,sg0_s1_tvalid_without_tready
4481353.968,sg_clk,2585,sg0_s1_tvalid_without_tready
4483023.312,sg_clk,2586,sg0_s1_tvalid_without_tready
4484692.656,sg_clk,2587,sg0_s1_tvalid_without_tready
4486362.000,sg_clk,2588,sg0_s1_tvalid_without_tready
4488031.344,sg_clk,2589,sg0_s1_tvalid_without_tready
4489700.688,sg_clk,2590,sg0_s1_tvalid_without_tready
4491370.032,sg_clk,2591,sg0_s1_tvalid_without_tready
4493039.376,sg_clk,2592,sg0_s1_tvalid_without_tready
4494708.720,sg_clk,2593,sg0_s1_tvalid_without_tready
4498047.408,sg_clk,2595,sg0_s1_tvalid_without_tready
4499716.752,sg_clk,2596,sg0_s1_tvalid_without_tready
4501386.096,sg_clk,2597,sg0_s1_tvalid_without_tready
4503055.440,sg_clk,2598,sg0_s1_tvalid_without_tready
4504724.784,sg_clk,2599,sg0_s1_tvalid_without_tready
4506394.128,sg_clk,2600,sg0_s1_tvalid_without_tready
4508063.472,sg_clk,2601,sg0_s1_tvalid_without_tready
4509732.816,sg_clk,2602,sg0_s1_tvalid_without_tready
4511402.160,sg_clk,2603,sg0_s1_tvalid_without_tready
4513071.504,sg_clk,2604,sg0_s1_tvalid_without_tready
4514740.848,sg_clk,2605,sg0_s1_tvalid_without_tready
4518079.536,sg_clk,2607,sg0_s1_tvalid_without_tready
4519748.880,sg_clk,2608,sg0_s1_tvalid_without_tready
4521418.224,sg_clk,2609,sg0_s1_tvalid_without_tready
4523087.568,sg_clk,2610,sg0_s1_tvalid_without_tready
4524756.912,sg_clk,2611,sg0_s1_tvalid_without_tready
4526426.256,sg_clk,2612,sg0_s1_tvalid_without_tready
4528095.600,sg_clk,2613,sg0_s1_tvalid_without_tready
4529764.944,sg_clk,2614,sg0_s1_tvalid_without_tready
4531434.288,sg_clk,2615,sg0_s1_tvalid_without_tready
4533103.632,sg_clk,2616,sg0_s1_tvalid_without_tready
4534772.976,sg_clk,2617,sg0_s1_tvalid_without_tready
4538111.664,sg_clk,2619,sg0_s1_tvalid_without_tready
4539781.008,sg_clk,2620,sg0_s1_tvalid_without_tready
4541450.352,sg_clk,2621,sg0_s1_tvalid_without_tready
4543119.696,sg_clk,2622,sg0_s1_tvalid_without_tready
4544789.040,sg_clk,2623,sg0_s1_tvalid_without_tready
4546458.384,sg_clk,2624,sg0_s1_tvalid_without_tready
4548127.728,sg_clk,2625,sg0_s1_tvalid_without_tready
4549797.072,sg_clk,2626,sg0_s1_tvalid_without_tready
4551466.416,sg_clk,2627,sg0_s1_tvalid_without_tready
4553135.760,sg_clk,2628,sg0_s1_tvalid_without_tready
4554805.104,sg_clk,2629,sg0_s1_tvalid_without_tready
4558143.792,sg_clk,2631,sg0_s1_tvalid_without_tready
4559813.136,sg_clk,2632,sg0_s1_tvalid_without_tready
4561482.480,sg_clk,2633,sg0_s1_tvalid_without_tready
4563151.824,sg_clk,2634,sg0_s1_tvalid_without_tready
4564821.168,sg_clk,2635,sg0_s1_tvalid_without_tready
4566490.512,sg_clk,2636,sg0_s1_tvalid_without_tready
4568159.856,sg_clk,2637,sg0_s1_tvalid_without_tready
4569829.200,sg_clk,2638,sg0_s1_tvalid_without_tready
4571498.544,sg_clk,2639,sg0_s1_tvalid_without_tready
4573167.888,sg_clk,2640,sg0_s1_tvalid_without_tready
4574837.232,sg_clk,2641,sg0_s1_tvalid_without_tready
4578175.920,sg_clk,2643,sg0_s1_tvalid_without_tready
4579845.264,sg_clk,2644,sg0_s1_tvalid_without_tready
4581514.608,sg_clk,2645,sg0_s1_tvalid_without_tready
4583183.952,sg_clk,2646,sg0_s1_tvalid_without_tready
4584853.296,sg_clk,2647,sg0_s1_tvalid_without_tready
4586522.640,sg_clk,2648,sg0_s1_tvalid_without_tready
4588191.984,sg_clk,2649,sg0_s1_tvalid_without_tready
4589861.328,sg_clk,2650,sg0_s1_tvalid_without_tready
4591530.672,sg_clk,2651,sg0_s1_tvalid_without_tready
4593200.016,sg_clk,2652,sg0_s1_tvalid_without_tready
4594869.360,sg_clk,2653,sg0_s1_tvalid_without_tready
4598208.048,sg_clk,2655,sg0_s1_tvalid_without_tready
4599877.392,sg_clk,2656,sg0_s1_tvalid_without_tready
4601546.736,sg_clk,2657,sg0_s1_tvalid_without_tready
4603216.080,sg_clk,2658,sg0_s1_tvalid_without_tready
4604885.424,sg_clk,2659,sg0_s1_tvalid_without_tready
4606554.768,sg_clk,2660,sg0_s1_tvalid_without_tready
4608224.112,sg_clk,2661,sg0_s1_tvalid_without_tready
4609893.456,sg_clk,2662,sg0_s1_tvalid_without_tready
4611562.800,sg_clk,2663,sg0_s1_tvalid_without_tready
4613232.144,sg_clk,2664,sg0_s1_tvalid_without_tready
4614901.488,sg_clk,2665,sg0_s1_tvalid_without_tready
4618240.176,sg_clk,2667,sg0_s1_tvalid_without_tready
4619909.520,sg_clk,2668,sg0_s1_tvalid_without_tready
4621578.864,sg_clk,2669,sg0_s1_tvalid_without_tready
4623248.208,sg_clk,2670,sg0_s1_tvalid_without_tready
4624917.552,sg_clk,2671,sg0_s1_tvalid_without_tready
4626586.896,sg_clk,2672,sg0_s1_tvalid_without_tready
4628256.240,sg_clk,2673,sg0_s1_tvalid_without_tready
4629925.584,sg_clk,2674,sg0_s1_tvalid_without_tready
4631594.928,sg_clk,2675,sg0_s1_tvalid_without_tready
4633264.272,sg_clk,2676,sg0_s1_tvalid_without_tready
4634933.616,sg_clk,2677,sg0_s1_tvalid_without_tready
4638272.304,sg_clk,2679,sg0_s1_tvalid_without_tready
4639941.648,sg_clk,2680,sg0_s1_tvalid_without_tready
4641610.992,sg_clk,2681,sg0_s1_tvalid_without_tready
4643280.336,sg_clk,2682,sg0_s1_tvalid_without_tready
4644949.680,sg_clk,2683,sg0_s1_tvalid_without_tready
4646619.024,sg_clk,2684,sg0_s1_tvalid_without_tready
4648288.368,sg_clk,2685,sg0_s1_tvalid_without_tready
4649957.712,sg_clk,2686,sg0_s1_tvalid_without_tready
4651627.056,sg_clk,2687,sg0_s1_tvalid_without_tready
4653296.400,sg_clk,2688,sg0_s1_tvalid_without_tready
4654965.744,sg_clk,2689,sg0_s1_tvalid_without_tready
4658304.432,sg_clk,2691,sg0_s1_tvalid_without_tready
4659973.776,sg_clk,2692,sg0_s1_tvalid_without_tready
4661643.120,sg_clk,2693,sg0_s1_tvalid_without_tready
4663312.464,sg_clk,2694,sg0_s1_tvalid_without_tready
4664981.808,sg_clk,2695,sg0_s1_tvalid_without_tready
4666651.152,sg_clk,2696,sg0_s1_tvalid_without_tready
4668320.496,sg_clk,2697,sg0_s1_tvalid_without_tready
4669989.840,sg_clk,2698,sg0_s1_tvalid_without_tready
4671659.184,sg_clk,2699,sg0_s1_tvalid_without_tready
4673328.528,sg_clk,2700,sg0_s1_tvalid_without_tready
4674997.872,sg_clk,2701,sg0_s1_tvalid_without_tready
4678336.560,sg_clk,2703,sg0_s1_tvalid_without_tready
4680005.904,sg_clk,2704,sg0_s1_tvalid_without_tready
4681675.248,sg_clk,2705,sg0_s1_tvalid_without_tready
4683344.592,sg_clk,2706,sg0_s1_tvalid_without_tready
4685013.936,sg_clk,2707,sg0_s1_tvalid_without_tready
4686683.280,sg_clk,2708,sg0_s1_tvalid_without_tready
4688352.624,sg_clk,2709,sg0_s1_tvalid_without_tready
4690021.968,sg_clk,2710,sg0_s1_tvalid_without_tready
4691691.312,sg_clk,2711,sg0_s1_tvalid_without_tready
4693360.656,sg_clk,2712,sg0_s1_tvalid_without_tready
4695030.000,sg_clk,2713,sg0_s1_tvalid_without_tready
4698368.688,sg_clk,2715,sg0_s1_tvalid_without_tready
4700038.032,sg_clk,2716,sg0_s1_tvalid_without_tready
4701707.376,sg_clk,2717,sg0_s1_tvalid_without_tready
4703376.720,sg_clk,2718,sg0_s1_tvalid_without_tready
4705046.064,sg_clk,2719,sg0_s1_tvalid_without_tready
4706715.408,sg_clk,2720,sg0_s1_tvalid_without_tready
4708384.752,sg_clk,2721,sg0_s1_tvalid_without_tready
4710054.096,sg_clk,2722,sg0_s1_tvalid_without_tready
4711723.440,sg_clk,2723,sg0_s1_tvalid_without_tready
4713392.784,sg_clk,2724,sg0_s1_tvalid_without_tready
4715062.128,sg_clk,2725,sg0_s1_tvalid_without_tready
4718400.816,sg_clk,2727,sg0_s1_tvalid_without_tready
4720070.160,sg_clk,2728,sg0_s1_tvalid_without_tready
4721739.504,sg_clk,2729,sg0_s1_tvalid_without_tready
4723408.848,sg_clk,2730,sg0_s1_tvalid_without_tready
4725078.192,sg_clk,2731,sg0_s1_tvalid_without_tready
4726747.536,sg_clk,2732,sg0_s1_tvalid_without_tready
4728416.880,sg_clk,2733,sg0_s1_tvalid_without_tready
4730086.224,sg_clk,2734,sg0_s1_tvalid_without_tready
4731755.568,sg_clk,2735,sg0_s1_tvalid_without_tready
4733424.912,sg_clk,2736,sg0_s1_tvalid_without_tready
4735094.256,sg_clk,2737,sg0_s1_tvalid_without_tready
4738432.944,sg_clk,2739,sg0_s1_tvalid_without_tready
4740102.288,sg_clk,2740,sg0_s1_tvalid_without_tready
4741771.632,sg_clk,2741,sg0_s1_tvalid_without_tready
4743440.976,sg_clk,2742,sg0_s1_tvalid_without_tready
4745110.320,sg_clk,2743,sg0_s1_tvalid_without_tready
4746779.664,sg_clk,2744,sg0_s1_tvalid_without_tready
4748449.008,sg_clk,2745,sg0_s1_tvalid_without_tready
4750118.352,sg_clk,2746,sg0_s1_tvalid_without_tready
4751787.696,sg_clk,2747,sg0_s1_tvalid_without_tready
4753457.040,sg_clk,2748,sg0_s1_tvalid_without_tready
4755126.384,sg_clk,2749,sg0_s1_tvalid_without_tready
4758465.072,sg_clk,2751,sg0_s1_tvalid_without_tready
4760134.416,sg_clk,2752,sg0_s1_tvalid_without_tready
4761803.760,sg_clk,2753,sg0_s1_tvalid_without_tready
4763038.000,t_clk,1978,tproc_m0_stall
4763473.104,sg_clk,2754,sg0_s1_tvalid_without_tready
4765142.448,sg_clk,2755,sg0_s1_tvalid_without_tready
4765362.000,t_clk,1979,tproc_m0_stall
4766811.792,sg_clk,2756,sg0_s1_tvalid_without_tready
4767686.000,t_clk,1980,tproc_m0_stall
4768481.136,sg_clk,2757,sg0_s1_tvalid_without_tready
4770010.000,t_clk,1981,tproc_m0_stall
4770150.480,sg_clk,2758,sg0_s1_tvalid_without_tready
4771819.824,sg_clk,2759,sg0_s1_tvalid_without_tready
4772334.000,t_clk,1982,tproc_m0_stall
4773489.168,sg_clk,2760,sg0_s1_tvalid_without_tready
4774658.000,t_clk,1983,tproc_m0_stall
4775158.512,sg_clk,2761,sg0_s1_tvalid_without_tready
4776982.000,t_clk,1984,tproc_m0_stall
4778497.200,sg_clk,2763,sg0_s1_tvalid_without_tready
4779306.000,t_clk,1985,tproc_m0_stall
4780166.544,sg_clk,2764,sg0_s1_tvalid_without_tready
4781835.888,sg_clk,2765,sg0_s1_tvalid_without_tready
4783505.232,sg_clk,2766,sg0_s1_tvalid_without_tready
4783954.000,t_clk,1987,tproc_m0_stall
4785174.576,sg_clk,2767,sg0_s1_tvalid_without_tready
4786278.000,t_clk,1988,tproc_m0_stall
4786843.920,sg_clk,2768,sg0_s1_tvalid_without_tready
4788513.264,sg_clk,2769,sg0_s1_tvalid_without_tready
4788602.000,t_clk,1989,tproc_m0_stall
4790182.608,sg_clk,2770,sg0_s1_tvalid_without_tready
4790926.000,t_clk,1990,tproc_m0_stall
4791851.952,sg_clk,2771,sg0_s1_tvalid_without_tready
4793250.000,t_clk,1991,tproc_m0_stall
4793521.296,sg_clk,2772,sg0_s1_tvalid_without_tready
4795190.640,sg_clk,2773,sg0_s1_tvalid_without_tready
4795574.000,t_clk,1992,tproc_m0_stall
4797898.000,t_clk,1993,tproc_m0_stall
4798529.328,sg_clk,2775,sg0_s1_tvalid_without_tready
4800198.672,sg_clk,2776,sg0_s1_tvalid_without_tready
4800222.000,t_clk,1994,tproc_m0_stall
4801868.016,sg_clk,2777,sg0_s1_tvalid_without_tready
4803537.360,sg_clk,2778,sg0_s1_tvalid_without_tready
4804870.000,t_clk,1996,tproc_m0_stall
4805206.704,sg_clk,2779,sg0_s1_tvalid_without_tready
4806876.048,sg_clk,2780,sg0_s1_tvalid_without_tready
4807194.000,t_clk,1997,tproc_m0_stall
4808545.392,sg_clk,2781,sg0_s1_tvalid_without_tready
4809518.000,t_clk,1998,tproc_m0_stall
4810214.736,sg_clk,2782,sg0_s1_tvalid_without_tready
4811842.000,t_clk,1999,tproc_m0_stall
4811884.080,sg_clk,2783,sg0_s1_tvalid_without_tready
4813553.424,sg_clk,2784,sg0_s1_tvalid_without_tready
4814166.000,t_clk,2000,tproc_m0_stall
4815222.768,sg_clk,2785,sg0_s1_tvalid_without_tready
4816490.000,t_clk,2001,tproc_m0_stall
4818561.456,sg_clk,2787,sg0_s1_tvalid_without_tready
4818814.000,t_clk,2002,tproc_m0_stall
4820230.800,sg_clk,2788,sg0_s1_tvalid_without_tready
4821138.000,t_clk,2003,tproc_m0_stall
4821900.144,sg_clk,2789,sg0_s1_tvalid_without_tready
4823569.488,sg_clk,2790,sg0_s1_tvalid_without_tready
4825238.832,sg_clk,2791,sg0_s1_tvalid_without_tready
4825786.000,t_clk,2005,tproc_m0_stall
4826908.176,sg_clk,2792,sg0_s1_tvalid_without_tready
4828110.000,t_clk,2006,tproc_m0_stall
4828577.520,sg_clk,2793,sg0_s1_tvalid_without_tready
4830246.864,sg_clk,2794,sg0_s1_tvalid_without_tready
4830434.000,t_clk,2007,tproc_m0_stall
4831916.208,sg_clk,2795,sg0_s1_tvalid_without_tready
4832758.000,t_clk,2008,tproc_m0_stall
4833585.552,sg_clk,2796,sg0_s1_tvalid_without_tready
4835082.000,t_clk,2009,tproc_m0_stall
4835254.896,sg_clk,2797,sg0_s1_tvalid_without_tready
4837406.000,t_clk,2010,tproc_m0_stall
4838593.584,sg_clk,2799,sg0_s1_tvalid_without_tready
4839730.000,t_clk,2011,tproc_m0_stall
4840262.928,sg_clk,2800,sg0_s1_tvalid_without_tready
4841932.272,sg_clk,2801,sg0_s1_tvalid_without_tready
4843601.616,sg_clk,2802,sg0_s1_tvalid_without_tready
4844378.000,t_clk,2013,tproc_m0_stall
4845270.960,sg_clk,2803,sg0_s1_tvalid_without_tready
4846702.000,t_clk,2014,tproc_m0_stall
4846940.304,sg_clk,2804,sg0_s1_tvalid_without_tready
4848609.648,sg_clk,2805,sg0_s1_tvalid_without_tready
4849026.000,t_clk,2015,tproc_m0_stall
4850278.992,sg_clk,2806,sg0_s1_tvalid_without_tready
4851350.000,t_clk,2016,tproc_m0_stall
4851948.336,sg_clk,2807,sg0_s1_tvalid_without_tready
4853617.680,sg_clk,2808,sg0_s1_tvalid_without_tready
4853674.000,t_clk,2017,tproc_m0_stall
4855287.024,sg_clk,2809,sg0_s1_tvalid_without_tready
4855998.000,t_clk,2018,tproc_m0_stall
4858322.000,t_clk,2019,tproc_m0_stall
4858625.712,sg_clk,2811,sg0_s1_tvalid_without_tready
4860295.056,sg_clk,2812,sg0_s1_tvalid_without_tready
4860646.000,t_clk,2020,tproc_m0_stall
4861964.400,sg_clk,2813,sg0_s1_tvalid_without_tready
4863633.744,sg_clk,2814,sg0_s1_tvalid_without_tready
4865294.000,t_clk,2022,tproc_m0_stall
4865303.088,sg_clk,2815,sg0_s1_tvalid_without_tready
4866972.432,sg_clk,2816,sg0_s1_tvalid_without_tready
4867618.000,t_clk,2023,tproc_m0_stall
4868641.776,sg_clk,2817,sg0_s1_tvalid_without_tready
4869942.000,t_clk,2024,tproc_m0_stall
4870311.120,sg_clk,2818,sg0_s1_tvalid_without_tready
4871980.464,sg_clk,2819,sg0_s1_tvalid_without_tready
4872266.000,t_clk,2025,tproc_m0_stall
4873649.808,sg_clk,2820,sg0_s1_tvalid_without_tready
4874590.000,t_clk,2026,tproc_m0_stall
4875319.152,sg_clk,2821,sg0_s1_tvalid_without_tready
4876914.000,t_clk,2027,tproc_m0_stall
4878657.840,sg_clk,2823,sg0_s1_tvalid_without_tready
4879238.000,t_clk,2028,tproc_m0_stall
4880327.184,sg_clk,2824,sg0_s1_tvalid_without_tready
4881562.000,t_clk,2029,tproc_m0_stall
4881996.528,sg_clk,2825,sg0_s1_tvalid_without_tready
4883665.872,sg_clk,2826,sg0_s1_tvalid_without_tready
4885335.216,sg_clk,2827,sg0_s1_tvalid_without_tready
4886210.000,t_clk,2031,tproc_m0_stall
4887004.560,sg_clk,2828,sg0_s1_tvalid_without_tready
4888534.000,t_clk,2032,tproc_m0_stall
4888673.904,sg_clk,2829,sg0_s1_tvalid_without_tready
4890343.248,sg_clk,2830,sg0_s1_tvalid_without_tready
4890858.000,t_clk,2033,tproc_m0_stall
4892012.592,sg_clk,2831,sg0_s1_tvalid_without_tready
4893182.000,t_clk,2034,tproc_m0_stall
4893681.936,sg_clk,2832,sg0_s1_tvalid_without_tready
4895351.280,sg_clk,2833,sg0_s1_tvalid_without_tready
4895506.000,t_clk,2035,tproc_m0_stall
4897830.000,t_clk,2036,tproc_m0_stall
4898689.968,sg_clk,2835,sg0_s1_tvalid_without_tready
4900154.000,t_clk,2037,tproc_m0_stall
4900359.312,sg_clk,2836,sg0_s1_tvalid_without_tready
4902028.656,sg_clk,2837,sg0_s1_tvalid_without_tready
4903698.000,sg_clk,2838,sg0_s1_tvalid_without_tready
4904802.000,t_clk,2039,tproc_m0_stall
4905367.344,sg_clk,2839,sg0_s1_tvalid_without_tready
4907036.688,sg_clk,2840,sg0_s1_tvalid_without_tready
4907126.000,t_clk,2040,tproc_m0_stall
4908706.032,sg_clk,2841,sg0_s1_tvalid_without_tready
4909450.000,t_clk,2041,tproc_m0_stall
4910375.376,sg_clk,2842,sg0_s1_tvalid_without_tready
4911774.000,t_clk,2042,tproc_m0_stall
4912044.720,sg_clk,2843,sg0_s1_tvalid_without_tready
4913714.064,sg_clk,2844,sg0_s1_tvalid_without_tready
4914098.000,t_clk,2043,tproc_m0_stall
4915383.408,sg_clk,2845,sg0_s1_tvalid_without_tready
4916422.000,t_clk,2044,tproc_m0_stall
4918722.096,sg_clk,2847,sg0_s1_tvalid_without_tready
4918746.000,t_clk,2045,tproc_m0_stall
4920391.440,sg_clk,2848,sg0_s1_tvalid_without_tready
4921070.000,t_clk,2046,tproc_m0_stall
4922060.784,sg_clk,2849,sg0_s1_tvalid_without_tready
4923730.128,sg_clk,2850,sg0_s1_tvalid_without_tready
4925399.472,sg_clk,2851,sg0_s1_tvalid_without_tready
4925718.000,t_clk,2048,tproc_m0_stall
4927068.816,sg_clk,2852,sg0_s1_tvalid_without_tready
4928042.000,t_clk,2049,tproc_m0_stall
4928738.160,sg_clk,2853,sg0_s1_tvalid_without_tready
4930366.000,t_clk,2050,tproc_m0_stall
4930407.504,sg_clk,2854,sg0_s1_tvalid_without_tready
4932076.848,sg_clk,2855,sg0_s1_tvalid_without_tready
4932690.000,t_clk,2051,tproc_m0_stall
4933746.192,sg_clk,2856,sg0_s1_tvalid_without_tready
4935014.000,t_clk,2052,tproc_m0_stall
4935415.536,sg_clk,2857,sg0_s1_tvalid_without_tready
4937338.000,t_clk,2053,tproc_m0_stall
4938754.224,sg_clk,2859,sg0_s1_tvalid_without_tready
4939662.000,t_clk,2054,tproc_m0_stall
4940423.568,sg_clk,2860,sg0_s1_tvalid_without_tready
4942092.912,sg_clk,2861,sg0_s1_tvalid_without_tready
4943762.256,sg_clk,2862,sg0_s1_tvalid_without_tready
4944310.000,t_clk,2056,tproc_m0_stall
4945431.600,sg_clk,2863,sg0_s1_tvalid_without_tready
4946634.000,t_clk,2057,tproc_m0_stall
4947100.944,sg_clk,2864,sg0_s1_tvalid_without_tready
4948770.288,sg_clk,2865,sg0_s1_tvalid_without_tready
4948958.000,t_clk,2058,tproc_m0_stall
4950439.632,sg_clk,2866,sg0_s1_tvalid_without_tready
4951282.000,t_clk,2059,tproc_m0_stall
4952108.976,sg_clk,2867,sg0_s1_tvalid_without_tready
4953606.000,t_clk,2060,tproc_m0_stall
4953778.320,sg_clk,2868,sg0_s1_tvalid_without_tready
4955447.664,sg_clk,2869,sg0_s1_tvalid_without_tready
4955930.000,t_clk,2061,tproc_m0_stall
4958254.000,t_clk,2062,tproc_m0_stall
4958786.352,sg_clk,2871,sg0_s1_tvalid_without_tready
4960455.696,sg_clk,2872,sg0_s1_tvalid_without_tready
4960578.000,t_clk,2063,tproc_m0_stall
4962125.040,sg_clk,2873,sg0_s1_tvalid_without_tready
4963794.384,sg_clk,2874,sg0_s1_tvalid_without_tready
4965226.000,t_clk,2065,tproc_m0_stall
4965463.728,sg_clk,2875,sg0_s1_tvalid_without_tready
4967133.072,sg_clk,2876,sg0_s1_tvalid_without_tready
4967550.000,t_clk,2066,tproc_m0_stall
4968802.416,sg_clk,2877,sg0_s1_tvalid_without_tready
4969874.000,t_clk,2067,tproc_m0_stall
4970471.760,sg_clk,2878,sg0_s1_tvalid_without_tready
4972141.104,sg_clk,2879,sg0_s1_tvalid_without_tready
4972198.000,t_clk,2068,tproc_m0_stall
4973810.448,sg_clk,2880,sg0_s1_tvalid_without_tready
4974522.000,t_clk,2069,tproc_m0_stall
4975479.792,sg_clk,2881,sg0_s1_tvalid_without_tready
4976846.000,t_clk,2070,tproc_m0_stall
4978818.480,sg_clk,2883,sg0_s1_tvalid_without_tready
4979170.000,t_clk,2071,tproc_m0_stall
4980487.824,sg_clk,2884,sg0_s1_tvalid_without_tready
4981494.000,t_clk,2072,tproc_m0_stall
4982157.168,sg_clk,2885,sg0_s1_tvalid_without_tready
4983826.512,sg_clk,2886,sg0_s1_tvalid_without_tready
4985495.856,sg_clk,2887,sg0_s1_tvalid_without_tready
4986142.000,t_clk,2074,tproc_m0_stall
4987165.200,sg_clk,2888,sg0_s1_tvalid_without_tready
4988466.000,t_clk,2075,tproc_m0_stall
4988834.544,sg_clk,2889,sg0_s1_tvalid_without_tready
4990503.888,sg_clk,2890,sg0_s1_tvalid_without_tready
4990790.000,t_clk,2076,tproc_m0_stall
4992173.232,sg_clk,2891,sg0_s1_tvalid_without_tready
4993114.000,t_clk,2077,tproc_m0_stall
4993842.576,sg_clk,2892,sg0_s1_tvalid_without_tready
4995438.000,t_clk,2078,tproc_m0_stall
4995511.920,sg_clk,2893,sg0_s1_tvalid_without_tready
4997762.000,t_clk,2079,tproc_m0_stall
4998850.608,sg_clk,2895,sg0_s1_tvalid_without_tready
5000086.000,t_clk,2080,tproc_m0_stall
5000519.952,sg_clk,2896,sg0_s1_tvalid_without_tready
5002189.296,sg_clk,2897,sg0_s1_tvalid_without_tready
5003858.640,sg_clk,2898,sg0_s1_tvalid_without_tready
5004734.000,t_clk,2082,tproc_m0_stall
5005527.984,sg_clk,2899,sg0_s1_tvalid_without_tready
5007058.000,t_clk,2083,tproc_m0_stall
5007197.328,sg_clk,2900,sg0_s1_tvalid_without_tready
5008866.672,sg_clk,2901,sg0_s1_tvalid_without_tready
5009382.000,t_clk,2084,tproc_m0_stall
5010536.016,sg_clk,2902,sg0_s1_tvalid_without_tready
5011706.000,t_clk,2085,tproc_m0_stall
5012205.360,sg_clk,2903,sg0_s1_tvalid_without_tready
5013874.704,sg_clk,2904,sg0_s1_tvalid_without_tready
5014030.000,t_clk,2086,tproc_m0_stall
5015544.048,sg_clk,2905,sg0_s1_tvalid_without_tready
5016354.000,t_clk,2087,tproc_m0_stall
5018678.000,t_clk,2088,tproc_m0_stall
5018882.736,sg_clk,2907,sg0_s1_tvalid_without_tready
5020552.080,sg_clk,2908,sg0_s1_tvalid_without_tready
5021002.000,t_clk,2089,tproc_m0_stall
5022221.424,sg_clk,2909,sg0_s1_tvalid_without_tready
5023890.768,sg_clk,2910,sg0_s1_tvalid_without_tready
5025560.112,sg_clk,2911,sg0_s1_tvalid_without_tready
5025650.000,t_clk,2091,tproc_m0_stall
5027229.456,sg_clk,2912,sg0_s1_tvalid_without_tready
5027974.000,t_clk,2092,tproc_m0_stall
5028898.800,sg_clk,2913,sg0_s1_tvalid_without_tready
5030298.000,t_clk,2093,tproc_m0_stall
5030568.144,sg_clk,2914,sg0_s1_tvalid_without_tready
5032237.488,sg_clk,2915,sg0_s1_tvalid_without_tready
5032622.000,t_clk,2094,tproc_m0_stall
5033906.832,sg_clk,2916,sg0_s1_tvalid_without_tready
5034946.000,t_clk,2095,tproc_m0_stall
5035576.176,sg_clk,2917,sg0_s1_tvalid_without_tready
5037270.000,t_clk,2096,tproc_m0_stall
5038914.864,sg_clk,2919,sg0_s1_tvalid_without_tready
5039594.000,t_clk,2097,tproc_m0_stall
5040584.208,sg_clk,2920,sg0_s1_tvalid_without_tready
5042253.552,sg_clk,2921,sg0_s1_tvalid_without_tready
5043922.896,sg_clk,2922,sg0_s1_tvalid_without_tready
5044242.000,t_clk,2099,tproc_m0_stall
5045592.240,sg_clk,2923,sg0_s1_tvalid_without_tready
5046566.000,t_clk,2100,tproc_m0_stall
5047261.584,sg_clk,2924,sg0_s1_tvalid_without_tready
5048890.000,t_clk,2101,tproc_m0_stall
5048930.928,sg_clk,2925,sg0_s1_tvalid_without_tready
5050600.272,sg_clk,2926,sg0_s1_tvalid_without_tready
5051214.000,t_clk,2102,tproc_m0_stall
5052269.616,sg_clk,2927,sg0_s1_tvalid_without_tready
5053538.000,t_clk,2103,tproc_m0_stall
5053938.960,sg_clk,2928,sg0_s1_tvalid_without_tready
5055608.304,sg_clk,2929,sg0_s1_tvalid_without_tready
5055862.000,t_clk,2104,tproc_m0_stall
5058186.000,t_clk,2105,tproc_m0_stall
5058946.992,sg_clk,2931,sg0_s1_tvalid_without_tready
5060510.000,t_clk,2106,tproc_m0_stall
5060616.336,sg_clk,2932,sg0_s1_tvalid_without_tready
5062285.680,sg_clk,2933,sg0_s1_tvalid_without_tready
5063955.024,sg_clk,2934,sg0_s1_tvalid_without_tready
5065624.368,sg_clk,2935,sg0_s1_tvalid_without_tready
5067293.712,sg_clk,2936,sg0_s1_tvalid_without_tready
5068963.056,sg_clk,2937,sg0_s1_tvalid_without_tready
5070632.400,sg_clk,2938,sg0_s1_tvalid_without_tready
5072301.744,sg_clk,2939,sg0_s1_tvalid_without_tready
5073971.088,sg_clk,2940,sg0_s1_tvalid_without_tready
5075640.432,sg_clk,2941,sg0_s1_tvalid_without_tready
5078979.120,sg_clk,2943,sg0_s1_tvalid_without_tready
5080648.464,sg_clk,2944,sg0_s1_tvalid_without_tready
5082317.808,sg_clk,2945,sg0_s1_tvalid_without_tready
5083987.152,sg_clk,2946,sg0_s1_tvalid_without_tready
5085656.496,sg_clk,2947,sg0_s1_tvalid_without_tready
5087325.840,sg_clk,2948,sg0_s1_tvalid_without_tready
5088995.184,sg_clk,2949,sg0_s1_tvalid_without_tready
5090664.528,sg_clk,2950,sg0_s1_tvalid_without_tready
5092333.872,sg_clk,2951,sg0_s1_tvalid_without_tready
5094003.216,sg_clk,2952,sg0_s1_tvalid_without_tready
5095672.560,sg_clk,2953,sg0_s1_tvalid_without_tready
5099011.248,sg_clk,2955,sg0_s1_tvalid_without_tready
5100680.592,sg_clk,2956,sg0_s1_tvalid_without_tready
5102349.936,sg_clk,2957,sg0_s1_tvalid_without_tready
5104019.280,sg_clk,2958,sg0_s1_tvalid_without_tready
5105688.624,sg_clk,2959,sg0_s1_tvalid_without_tready
5107357.968,sg_clk,2960,sg0_s1_tvalid_without_tready
5109027.312,sg_clk,2961,sg0_s1_tvalid_without_tready
5129059.440,sg_clk,2973,sg0_s1_tvalid_without_tready
5130728.784,sg_clk,2974,sg0_s1_tvalid_without_tready
5132398.128,sg_clk,2975,sg0_s1_tvalid_without_tready
5134067.472,sg_clk,2976,sg0_s1_tvalid_without_tready
5135736.816,sg_clk,2977,sg0_s1_tvalid_without_tready
5139075.504,sg_clk,2979,sg0_s1_tvalid_without_tready
5140744.848,sg_clk,2980,sg0_s1_tvalid_without_tready
5142414.192,sg_clk,2981,sg0_s1_tvalid_without_tready
5144083.536,sg_clk,2982,sg0_s1_tvalid_without_tready
5145752.880,sg_clk,2983,sg0_s1_tvalid_without_tready
5147422.224,sg_clk,2984,sg0_s1_tvalid_without_tready
5149091.568,sg_clk,2985,sg0_s1_tvalid_without_tready
5150760.912,sg_clk,2986,sg0_s1_tvalid_without_tready
5152430.256,sg_clk,2987,sg0_s1_tvalid_without_tready
5154099.600,sg_clk,2988,sg0_s1_tvalid_without_tready
5155768.944,sg_clk,2989,sg0_s1_tvalid_without_tready
5159107.632,sg_clk,2991,sg0_s1_tvalid_without_tready
5160776.976,sg_clk,2992,sg0_s1_tvalid_without_tready
5162446.320,sg_clk,2993,sg0_s1_tvalid_without_tready
5164115.664,sg_clk,2994,sg0_s1_tvalid_without_tready
5165785.008,sg_clk,2995,sg0_s1_tvalid_without_tready
5167454.352,sg_clk,2996,sg0_s1_tvalid_without_tready
5169123.696,sg_clk,2997,sg0_s1_tvalid_without_tready
5170793.040,sg_clk,2998,sg0_s1_tvalid_without_tready
5172462.384,sg_clk,2999,sg0_s1_tvalid_without_tready
5174131.728,sg_clk,3000,sg0_s1_tvalid_without_tready
5175801.072,sg_clk,3001,sg0_s1_tvalid_without_tready
5179139.760,sg_clk,3003,sg0_s1_tvalid_without_tready
5180809.104,sg_clk,3004,sg0_s1_tvalid_without_tready
5182478.448,sg_clk,3005,sg0_s1_tvalid_without_tready
5184147.792,sg_clk,3006,sg0_s1_tvalid_without_tready
5185817.136,sg_clk,3007,sg0_s1_tvalid_without_tready
5187486.480,sg_clk,3008,sg0_s1_tvalid_without_tready
5189155.824,sg_clk,3009,sg0_s1_tvalid_without_tready
5190825.168,sg_clk,3010,sg0_s1_tvalid_without_tready
5192494.512,sg_clk,3011,sg0_s1_tvalid_without_tready
5194163.856,sg_clk,3012,sg0_s1_tvalid_without_tready
5195833.200,sg_clk,3013,sg0_s1_tvalid_without_tready
5199171.888,sg_clk,3015,sg0_s1_tvalid_without_tready
5200841.232,sg_clk,3016,sg0_s1_tvalid_without_tready
5202510.576,sg_clk,3017,sg0_s1_tvalid_without_tready
5204179.920,sg_clk,3018,sg0_s1_tvalid_without_tready
5205849.264,sg_clk,3019,sg0_s1_tvalid_without_tready
5207518.608,sg_clk,3020,sg0_s1_tvalid_without_tready
5209187.952,sg_clk,3021,sg0_s1_tvalid_without_tready
5210857.296,sg_clk,3022,sg0_s1_tvalid_without_tready
5212526.640,sg_clk,3023,sg0_s1_tvalid_without_tready
5214195.984,sg_clk,3024,sg0_s1_tvalid_without_tready
5215865.328,sg_clk,3025,sg0_s1_tvalid_without_tready
5219204.016,sg_clk,3027,sg0_s1_tvalid_without_tready
5220873.360,sg_clk,3028,sg0_s1_tvalid_without_tready
5222542.704,sg_clk,3029,sg0_s1_tvalid_without_tready
5224212.048,sg_clk,3030,sg0_s1_tvalid_without_tready
5225881.392,sg_clk,3031,sg0_s1_tvalid_without_tready
5227550.736,sg_clk,3032,sg0_s1_tvalid_without_tready
5229220.080,sg_clk,3033,sg0_s1_tvalid_without_tready
5230889.424,sg_clk,3034,sg0_s1_tvalid_without_tready
5232558.768,sg_clk,3035,sg0_s1_tvalid_without_tready
5234228.112,sg_clk,3036,sg0_s1_tvalid_without_tready
5235897.456,sg_clk,3037,sg0_s1_tvalid_without_tready
5239236.144,sg_clk,3039,sg0_s1_tvalid_without_tready
5240905.488,sg_clk,3040,sg0_s1_tvalid_without_tready
5242574.832,sg_clk,3041,sg0_s1_tvalid_without_tready
5244244.176,sg_clk,3042,sg0_s1_tvalid_without_tready
5245913.520,sg_clk,3043,sg0_s1_tvalid_without_tready
5247582.864,sg_clk,3044,sg0_s1_tvalid_without_tready
5249252.208,sg_clk,3045,sg0_s1_tvalid_without_tready
5250921.552,sg_clk,3046,sg0_s1_tvalid_without_tready
5252590.896,sg_clk,3047,sg0_s1_tvalid_without_tready
5254260.240,sg_clk,3048,sg0_s1_tvalid_without_tready
5255929.584,sg_clk,3049,sg0_s1_tvalid_without_tready
5259268.272,sg_clk,3051,sg0_s1_tvalid_without_tready
5260937.616,sg_clk,3052,sg0_s1_tvalid_without_tready
5262606.960,sg_clk,3053,sg0_s1_tvalid_without_tready
5264276.304,sg_clk,3054,sg0_s1_tvalid_without_tready
5265945.648,sg_clk,3055,sg0_s1_tvalid_without_tready
5267614.992,sg_clk,3056,sg0_s1_tvalid_without_tready
5269284.336,sg_clk,3057,sg0_s1_tvalid_without_tready
5270953.680,sg_clk,3058,sg0_s1_tvalid_without_tready
5272623.024,sg_clk,3059,sg0_s1_tvalid_without_tready
5274292.368,sg_clk,3060,sg0_s1_tvalid_without_tready
5275961.712,sg_clk,3061,sg0_s1_tvalid_without_tready
5279300.400,sg_clk,3063,sg0_s1_tvalid_without_tready
5280969.744,sg_clk,3064,sg0_s1_tvalid_without_tready
5282639.088,sg_clk,3065,sg0_s1_tvalid_without_tready
5284308.432,sg_clk,3066,sg0_s1_tvalid_without_tready
5285977.776,sg_clk,3067,sg0_s1_tvalid_without_tready
5287647.120,sg_clk,3068,sg0_s1_tvalid_without_tready
5289316.464,sg_clk,3069,sg0_s1_tvalid_without_tready
5290985.808,sg_clk,3070,sg0_s1_tvalid_without_tready
5292655.152,sg_clk,3071,sg0_s1_tvalid_without_tready
5294324.496,sg_clk,3072,sg0_s1_tvalid_without_tready
5295993.840,sg_clk,3073,sg0_s1_tvalid_without_tready
5299332.528,sg_clk,3075,sg0_s1_tvalid_without_tready
5301001.872,sg_clk,3076,sg0_s1_tvalid_without_tready
5302671.216,sg_clk,3077,sg0_s1_tvalid_without_tready
5304340.560,sg_clk,3078,sg0_s1_tvalid_without_tready
5306009.904,sg_clk,3079,sg0_s1_tvalid_without_tready
5307679.248,sg_clk,3080,sg0_s1_tvalid_without_tready
5309348.592,sg_clk,3081,sg0_s1_tvalid_without_tready
5311017.936,sg_clk,3082,sg0_s1_tvalid_without_tready
5312687.280,sg_clk,3083,sg0_s1_tvalid_without_tready
5314356.624,sg_clk,3084,sg0_s1_tvalid_without_tready
5316025.968,sg_clk,3085,sg0_s1_tvalid_without_tready
5319364.656,sg_clk,3087,sg0_s1_tvalid_without_tready
5321034.000,sg_clk,3088,sg0_s1_tvalid_without_tready
5322703.344,sg_clk,3089,sg0_s1_tvalid_without_tready
5324372.688,sg_clk,3090,sg0_s1_tvalid_without_tready
5326042.032,sg_clk,3091,sg0_s1_tvalid_without_tready
5327711.376,sg_clk,3092,sg0_s1_tvalid_without_tready
5329380.720,sg_clk,3093,sg0_s1_tvalid_without_tready
5331050.064,sg_clk,3094,sg0_s1_tvalid_without_tready
5332719.408,sg_clk,3095,sg0_s1_tvalid_without_tready
5334388.752,sg_clk,3096,sg0_s1_tvalid_without_tready
5336058.096,sg_clk,3097,sg0_s1_tvalid_without_tready
5339396.784,sg_clk,3099,sg0_s1_tvalid_without_tready
5341066.128,sg_clk,3100,sg0_s1_tvalid_without_tready
5342735.472,sg_clk,3101,sg0_s1_tvalid_without_tready
5344404.816,sg_clk,3102,sg0_s1_tvalid_without_tready
5346074.160,sg_clk,3103,sg0_s1_tvalid_without_tready
5347743.504,sg_clk,3104,sg0_s1_tvalid_without_tready
5349412.848,sg_clk,3105,sg0_s1_tvalid_without_tready
5351082.192,sg_clk,3106,sg0_s1_tvalid_without_tready
5352751.536,sg_clk,3107,sg0_s1_tvalid_without_tready
5354420.880,sg_clk,3108,sg0_s1_tvalid_without_tready
5356090.224,sg_clk,3109,sg0_s1_tvalid_without_tready
5359428.912,sg_clk,3111,sg0_s1_tvalid_without_tready
5361098.256,sg_clk,3112,sg0_s1_tvalid_without_tready
5362767.600,sg_clk,3113,sg0_s1_tvalid_without_tready
5364436.944,sg_clk,3114,sg0_s1_tvalid_without_tready
5366106.288,sg_clk,3115,sg0_s1_tvalid_without_tready
5367775.632,sg_clk,3116,sg0_s1_tvalid_without_tready
5369444.976,sg_clk,3117,sg0_s1_tvalid_without_tready
5371114.320,sg_clk,3118,sg0_s1_tvalid_without_tready
5372783.664,sg_clk,3119,sg0_s1_tvalid_without_tready
5374453.008,sg_clk,3120,sg0_s1_tvalid_without_tready
5376122.352,sg_clk,3121,sg0_s1_tvalid_without_tready
5379461.040,sg_clk,3123,sg0_s1_tvalid_without_tready
5381130.384,sg_clk,3124,sg0_s1_tvalid_without_tready
5382799.728,sg_clk,3125,sg0_s1_tvalid_without_tready
5384469.072,sg_clk,3126,sg0_s1_tvalid_without_tready
5386138.416,sg_clk,3127,sg0_s1_tvalid_without_tready
5387807.760,sg_clk,3128,sg0_s1_tvalid_without_tready
5389477.104,sg_clk,3129,sg0_s1_tvalid_without_tready
5391146.448,sg_clk,3130,sg0_s1_tvalid_without_tready
5392815.792,sg_clk,3131,sg0_s1_tvalid_without_tready
5394485.136,sg_clk,3132,sg0_s1_tvalid_without_tready
5396154.480,sg_clk,3133,sg0_s1_tvalid_without_tready
5399493.168,sg_clk,3135,sg0_s1_tvalid_without_tready
5401162.512,sg_clk,3136,sg0_s1_tvalid_without_tready
5402831.856,sg_clk,3137,sg0_s1_tvalid_without_tready
5404462.000,t_clk,2254,tproc_m0_stall
5404501.200,sg_clk,3138,sg0_s1_tvalid_without_tready
5406170.544,sg_clk,3139,sg0_s1_tvalid_without_tready
5406786.000,t_clk,2255,tproc_m0_stall
5407839.888,sg_clk,3140,sg0_s1_tvalid_without_tready
5409110.000,t_clk,2256,tproc_m0_stall
5409509.232,sg_clk,3141,sg0_s1_tvalid_without_tready
5411178.576,sg_clk,3142,sg0_s1_tvalid_without_tready
5411434.000,t_clk,2257,tproc_m0_stall
5412847.920,sg_clk,3143,sg0_s1_tvalid_without_tready
5413758.000,t_clk,2258,tproc_m0_stall
5414517.264,sg_clk,3144,sg0_s1_tvalid_without_tready
5416082.000,t_clk,2259,tproc_m0_stall
5416186.608,sg_clk,3145,sg0_s1_tvalid_without_tready
5418406.000,t_clk,2260,tproc_m0_stall
5419525.296,sg_clk,3147,sg0_s1_tvalid_without_tready
5420730.000,t_clk,2261,tproc_m0_stall
5421194.640,sg_clk,3148,sg0_s1_tvalid_without_tready
5422863.984,sg_clk,3149,sg0_s1_tvalid_without_tready
5424533.328,sg_clk,3150,sg0_s1_tvalid_without_tready
5425378.000,t_clk,2263,tproc_m0_stall
5426202.672,sg_clk,3151,sg0_s1_tvalid_without_tready
5427702.000,t_clk,2264,tproc_m0_stall
5427872.016,sg_clk,3152,sg0_s1_tvalid_without_tready
5429541.360,sg_clk,3153,sg0_s1_tvalid_without_tready
5430026.000,t_clk,2265,tproc_m0_stall
5431210.704,sg_clk,3154,sg0_s1_tvalid_without_tready
5432350.000,t_clk,2266,tproc_m0_stall
5432880.048,sg_clk,3155,sg0_s1_tvalid_without_tready
5434549.392,sg_clk,3156,sg0_s1_tvalid_without_tready
5434674.000,t_clk,2267,tproc_m0_stall
5436218.736,sg_clk,3157,sg0_s1_tvalid_without_tready
5436998.000,t_clk,2268,tproc_m0_stall
5439322.000,t_clk,2269,tproc_m0_stall
5439557.424,sg_clk,3159,sg0_s1_tvalid_without_tready
5441226.768,sg_clk,3160,sg0_s1_tvalid_without_tready
5441646.000,t_clk,2270,tproc_m0_stall
5442896.112,sg_clk,3161,sg0_s1_tvalid_without_tready
5444565.456,sg_clk,3162,sg0_s1_tvalid_without_tready
5446234.800,sg_clk,3163,sg0_s1_tvalid_without_tready
5446294.000,t_clk,2272,tproc_m0_stall
5447904.144,sg_clk,3164,sg0_s1_tvalid_without_tready
5448618.000,t_clk,2273,tproc_m0_stall
5449573.488,sg_clk,3165,sg0_s1_tvalid_without_tready
5450942.000,t_clk,2274,tproc_m0_stall
5451242.832,sg_clk,3166,sg0_s1_tvalid_without_tready
5452912.176,sg_clk,3167,sg0_s1_tvalid_without_tready
5453266.000,t_clk,2275,tproc_m0_stall
5454581.520,sg_clk,3168,sg0_s1_tvalid_without_tready
5455590.000,t_clk,2276,tproc_m0_stall
5456250.864,sg_clk,3169,sg0_s1_tvalid_without_tready
5457914.000,t_clk,2277,tproc_m0_stall
5459589.552,sg_clk,3171,sg0_s1_tvalid_without_tready
5460238.000,t_clk,2278,tproc_m0_stall
5461258.896,sg_clk,3172,sg0_s1_tvalid_without_tready
5462562.000,t_clk,2279,tproc_m0_stall
5462928.240,sg_clk,3173,sg0_s1_tvalid_without_tready
5464597.584,sg_clk,3174,sg0_s1_tvalid_without_tready
5466266.928,sg_clk,3175,sg0_s1_tvalid_without_tready
5467210.000,t_clk,2281,tproc_m0_stall
5467936.272,sg_clk,3176,sg0_s1_tvalid_without_tready
5469534.000,t_clk,2282,tproc_m0_stall
5469605.616,sg_clk,3177,sg0_s1_tvalid_without_tready
5471274.960,sg_clk,3178,sg0_s1_tvalid_without_tready
5471858.000,t_clk,2283,tproc_m0_stall
5472944.304,sg_clk,3179,sg0_s1_tvalid_without_tready
5474182.000,t_clk,2284,tproc_m0_stall
5474613.648,sg_clk,3180,sg0_s1_tvalid_without_tready
5476282.992,sg_clk,3181,sg0_s1_tvalid_without_tready
5476506.000,t_clk,2285,tproc_m0_stall
5478830.000,t_clk,2286,tproc_m0_stall
5479621.680,sg_clk,3183,sg0_s1_tvalid_without_tready
5481154.000,t_clk,2287,tproc_m0_stall
5481291.024,sg_clk,3184,sg0_s1_tvalid_without_tready
5482960.368,sg_clk,3185,sg0_s1_tvalid_without_tready
5484629.712,sg_clk,3186,sg0_s1_tvalid_without_tready
5485802.000,t_clk,2289,tproc_m0_stall
5486299.056,sg_clk,3187,sg0_s1_tvalid_without_tready
5487968.400,sg_clk,3188,sg0_s1_tvalid_without_tready
5488126.000,t_clk,2290,tproc_m0_stall
5489637.744,sg_clk,3189,sg0_s1_tvalid_without_tready
5490450.000,t_clk,2291,tproc_m0_stall
5491307.088,sg_clk,3190,sg0_s1_tvalid_without_tready
5492774.000,t_clk,2292,tproc_m0_stall
5492976.432,sg_clk,3191,sg0_s1_tvalid_without_tready
5494645.776,sg_clk,3192,sg0_s1_tvalid_without_tready
5495098.000,t_clk,2293,tproc_m0_stall
5496315.120,sg_clk,3193,sg0_s1_tvalid_without_tready
5497422.000,t_clk,2294,tproc_m0_stall
5499653.808,sg_clk,3195,sg0_s1_tvalid_without_tready
5499746.000,t_clk,2295,tproc_m0_stall
5501323.152,sg_clk,3196,sg0_s1_tvalid_without_tready
5502070.000,t_clk,2296,tproc_m0_stall
5502992.496,sg_clk,3197,sg0_s1_tvalid_without_tready
5504661.840,sg_clk,3198,sg0_s1_tvalid_without_tready
5506331.184,sg_clk,3199,sg0_s1_tvalid_without_tready
5506718.000,t_clk,2298,tproc_m0_stall
5508000.528,sg_clk,3200,sg0_s1_tvalid_without_tready
5509042.000,t_clk,2299,tproc_m0_stall
5509669.872,sg_clk,3201,sg0_s1_tvalid_without_tready
5511339.216,sg_clk,3202,sg0_s1_tvalid_without_tready
5511366.000,t_clk,2300,tproc_m0_stall
5513008.560,sg_clk,3203,sg0_s1_tvalid_without_tready
5513690.000,t_clk,2301,tproc_m0_stall
5514677.904,sg_clk,3204,sg0_s1_tvalid_without_tready
5516014.000,t_clk,2302,tproc_m0_stall
5516347.248,sg_clk,3205,sg0_s1_tvalid_without_tready
5518338.000,t_clk,2303,tproc_m0_stall
5519685.936,sg_clk,3207,sg0_s1_tvalid_without_tready
5520662.000,t_clk,2304,tproc_m0_stall
5521355.280,sg_clk,3208,sg0_s1_tvalid_without_tready
5523024.624,sg_clk,3209,sg0_s1_tvalid_without_tready
5524693.968,sg_clk,3210,sg0_s1_tvalid_without_tready
5525310.000,t_clk,2306,tproc_m0_stall
5526363.312,sg_clk,3211,sg0_s1_tvalid_without_tready
5527634.000,t_clk,2307,tproc_m0_stall
5528032.656,sg_clk,3212,sg0_s1_tvalid_without_tready
5529702.000,sg_clk,3213,sg0_s1_tvalid_without_tready
5529958.000,t_clk,2308,tproc_m0_stall
5531371.344,sg_clk,3214,sg0_s1_tvalid_without_tready
5532282.000,t_clk,2309,tproc_m0_stall
5533040.688,sg_clk,3215,sg0_s1_tvalid_without_tready
5534606.000,t_clk,2310,tproc_m0_stall
5534710.032,sg_clk,3216,sg0_s1_tvalid_without_tready
5536379.376,sg_clk,3217,sg0_s1_tvalid_without_tready
5536930.000,t_clk,2311,tproc_m0_stall
5539254.000,t_clk,2312,tproc_m0_stall
5539718.064,sg_clk,3219,sg0_s1_tvalid_without_tready
5541387.408,sg_clk,3220,sg0_s1_tvalid_without_tready
5541578.000,t_clk,2313,tproc_m0_stall
5543056.752,sg_clk,3221,sg0_s1_tvalid_without_tready
5544726.096,sg_clk,3222,sg0_s1_tvalid_without_tready
5546226.000,t_clk,2315,tproc_m0_stall
5546395.440,sg_clk,3223,sg0_s1_tvalid_without_tready
5548064.784,sg_clk,3224,sg0_s1_tvalid_without_tready
5548550.000,t_clk,2316,tproc_m0_stall
5549734.128,sg_clk,3225,sg0_s1_tvalid_without_tready
5550874.000,t_clk,2317,tproc_m0_stall
5551403.472,sg_clk,3226,sg0_s1_tvalid_without_tready
5553072.816,sg_clk,3227,sg0_s1_tvalid_without_tready
5553198.000,t_clk,2318,tproc_m0_stall
5554742.160,sg_clk,3228,sg0_s1_tvalid_without_tready
5555522.000,t_clk,2319,tproc_m0_stall
5556411.504,sg_clk,3229,sg0_s1_tvalid_without_tready
5557846.000,t_clk,2320,tproc_m0_stall
5559750.192,sg_clk,3231,sg0_s1_tvalid_without_tready
5560170.000,t_clk,2321,tproc_m0_stall
5561419.536,sg_clk,3232,sg0_s1_tvalid_without_tready
5562494.000,t_clk,2322,tproc_m0_stall
5563088.880,sg_clk,3233,sg0_s1_tvalid_without_tready
5564758.224,sg_clk,3234,sg0_s1_tvalid_without_tready
5566427.568,sg_clk,3235,sg0_s1_tvalid_without_tready
5567142.000,t_clk,2324,tproc_m0_stall
5568096.912,sg_clk,3236,sg0_s1_tvalid_without_tready
5569466.000,t_clk,2325,tproc_m0_stall
5569766.256,sg_clk,3237,sg0_s1_tvalid_without_tready
5571435.600,sg_clk,3238,sg0_s1_tvalid_without_tready
5571790.000,t_clk,2326,tproc_m0_stall
5573104.944,sg_clk,3239,sg0_s1_tvalid_without_tready
5574114.000,t_clk,2327,tproc_m0_stall
5574774.288,sg_clk,3240,sg0_s1_tvalid_without_tready
5576438.000,t_clk,2328,tproc_m0_stall
5576443.632,sg_clk,3241,sg0_s1_tvalid_without_tready
5578762.000,t_clk,2329,tproc_m0_stall
5579782.320,sg_clk,3243,sg0_s1_tvalid_without_tready
5581086.000,t_clk,2330,tproc_m0_stall
5581451.664,sg_clk,3244,sg0_s1_tvalid_without_tready
5583121.008,sg_clk,3245,sg0_s1_tvalid_without_tready
5584790.352,sg_clk,3246,sg0_s1_tvalid_without_tready
5585734.000,t_clk,2332,tproc_m0_stall
5586459.696,sg_clk,3247,sg0_s1_tvalid_without_tready
5588058.000,t_clk,2333,tproc_m0_stall
5588129.040,sg_clk,3248,sg0_s1_tvalid_without_tready
5589798.384,sg_clk,3249,sg0_s1_tvalid_without_tready
5590382.000,t_clk,2334,tproc_m0_stall
5591467.728,sg_clk,3250,sg0_s1_tvalid_without_tready
5592706.000,t_clk,2335,tproc_m0_stall
5593137.072,sg_clk,3251,sg0_s1_tvalid_without_tready
5594806.416,sg_clk,3252,sg0_s1_tvalid_without_tready
5595030.000,t_clk,2336,tproc_m0_stall
5596475.760,sg_clk,3253,sg0_s1_tvalid_without_tready
5597354.000,t_clk,2337,tproc_m0_stall
5599678.000,t_clk,2338,tproc_m0_stall
5599814.448,sg_clk,3255,sg0_s1_tvalid_without_tready
5601483.792,sg_clk,3256,sg0_s1_tvalid_without_tready
5602002.000,t_clk,2339,tproc_m0_stall
5603153.136,sg_clk,3257,sg0_s1_tvalid_without_tready
5604822.480,sg_clk,3258,sg0_s1_tvalid_without_tready
5606491.824,sg_clk,3259,sg0_s1_tvalid_without_tready
5606650.000,t_clk,2341,tproc_m0_stall
5608161.168,sg_clk,3260,sg0_s1_tvalid_without_tready
5608974.000,t_clk,2342,tproc_m0_stall
5609830.512,sg_clk,3261,sg0_s1_tvalid_without_tready
5611298.000,t_clk,2343,tproc_m0_stall
5611499.856,sg_clk,3262,sg0_s1_tvalid_without_tready
5613169.200,sg_clk,3263,sg0_s1_tvalid_without_tready
5613622.000,t_clk,2344,tproc_m0_stall
5614838.544,sg_clk,3264,sg0_s1_tvalid_without_tready
5615946.000,t_clk,2345,tproc_m0_stall
5616507.888,sg_clk,3265,sg0_s1_tvalid_without_tready
5618270.000,t_clk,2346,tproc_m0_stall
5619846.576,sg_clk,3267,sg0_s1_tvalid_without_tready
5620594.000,t_clk,2347,tproc_m0_stall
5621515.920,sg_clk,3268,sg0_s1_tvalid_without_tready
5623185.264,sg_clk,3269,sg0_s1_tvalid_without_tready
5624854.608,sg_clk,3270,sg0_s1_tvalid_without_tready
5625242.000,t_clk,2349,tproc_m0_stall
5626523.952,sg_clk,3271,sg0_s1_tvalid_without_tready
5627566.000,t_clk,2350,tproc_m0_stall
5628193.296,sg_clk,3272,sg0_s1_tvalid_without_tready
5629862.640,sg_clk,3273,sg0_s1_tvalid_without_tready
5629890.000,t_clk,2351,tproc_m0_stall
5631531.984,sg_clk,3274,sg0_s1_tvalid_without_tready
5632214.000,t_clk,2352,tproc_m0_stall
5633201.328,sg_clk,3275,sg0_s1_tvalid_without_tready
5634538.000,t_clk,2353,tproc_m0_stall
5634870.672,sg_clk,3276,sg0_s1_tvalid_without_tready
5636540.016,sg_clk,3277,sg0_s1_tvalid_without_tready
5636862.000,t_clk,2354,tproc_m0_stall
5639186.000,t_clk,2355,tproc_m0_stall
5639878.704,sg_clk,3279,sg0_s1_tvalid_without_tready
5641510.000,t_clk,2356,tproc_m0_stall
5641548.048,sg_clk,3280,sg0_s1_tvalid_without_tready
5643217.392,sg_clk,3281,sg0_s1_tvalid_without_tready
5644886.736,sg_clk,3282,sg0_s1_tvalid_without_tready
5646158.000,t_clk,2358,tproc_m0_stall
5646556.080,sg_clk,3283,sg0_s1_tvalid_without_tready
5648225.424,sg_clk,3284,sg0_s1_tvalid_without_tready
5648482.000,t_clk,2359,tproc_m0_stall
5649894.768,sg_clk,3285,sg0_s1_tvalid_without_tready
5650806.000,t_clk,2360,tproc_m0_stall
5651564.112,sg_clk,3286,sg0_s1_tvalid_without_tready
5653130.000,t_clk,2361,tproc_m0_stall
5653233.456,sg_clk,3287,sg0_s1_tvalid_without_tready
5654902.800,sg_clk,3288,sg0_s1_tvalid_without_tready
5655454.000,t_clk,2362,tproc_m0_stall
5656572.144,sg_clk,3289,sg0_s1_tvalid_without_tready
5657778.000,t_clk,2363,tproc_m0_stall
5659910.832,sg_clk,3291,sg0_s1_tvalid_without_tready
5660102.000,t_clk,2364,tproc_m0_stall
5661580.176,sg_clk,3292,sg0_s1_tvalid_without_tready
5662426.000,t_clk,2365,tproc_m0_stall
5663249.520,sg_clk,3293,sg0_s1_tvalid_without_tready
5664918.864,sg_clk,3294,sg0_s1_tvalid_without_tready
5666588.208,sg_clk,3295,sg0_s1_tvalid_without_tready
5667074.000,t_clk,2367,tproc_m0_stall
5668257.552,sg_clk,3296,sg0_s1_tvalid_without_tready
5669398.000,t_clk,2368,tproc_m0_stall
5669926.896,sg_clk,3297,sg0_s1_tvalid_without_tready
5671596.240,sg_clk,3298,sg0_s1_tvalid_without_tready
5671722.000,t_clk,2369,tproc_m0_stall
5673265.584,sg_clk,3299,sg0_s1_tvalid_without_tready
5674046.000,t_clk,2370,tproc_m0_stall
5674934.928,sg_clk,3300,sg0_s1_tvalid_without_tready
5676370.000,t_clk,2371,tproc_m0_stall
5676604.272,sg_clk,3301,sg0_s1_tvalid_without_tready
5678694.000,t_clk,2372,tproc_m0_stall
5679942.960,sg_clk,3303,sg0_s1_tvalid_without_tready
5681018.000,t_clk,2373,tproc_m0_stall
5681612.304,sg_clk,3304,sg0_s1_tvalid_without_tready
5683281.648,sg_clk,3305,sg0_s1_tvalid_without_tready
5684950.992,sg_clk,3306,sg0_s1_tvalid_without_tready
5685666.000,t_clk,2375,tproc_m0_stall
5686620.336,sg_clk,3307,sg0_s1_tvalid_without_tready
5687990.000,t_clk,2376,tproc_m0_stall
5688289.680,sg_clk,3308,sg0_s1_tvalid_without_tready
5689959.024,sg_clk,3309,sg0_s1_tvalid_without_tready
5690314.000,t_clk,2377,tproc_m0_stall
5691628.368,sg_clk,3310,sg0_s1_tvalid_without_tready
5692638.000,t_clk,2378,tproc_m0_stall
5693297.712,sg_clk,3311,sg0_s1_tvalid_without_tready
5694962.000,t_clk,2379,tproc_m0_stall
5694967.056,sg_clk,3312,sg0_s1_tvalid_without_tready
5696636.400,sg_clk,3313,sg0_s1_tvalid_without_tready
5697286.000,t_clk,2380,tproc_m0_stall
5699610.000,t_clk,2381,tproc_m0_stall
5699975.088,sg_clk,3315,sg0_s1_tvalid_without_tready
5701644.432,sg_clk,3316,sg0_s1_tvalid_without_tready
5701934.000,t_clk,2382,tproc_m0_stall
5703313.776,sg_clk,3317,sg0_s1_tvalid_without_tready
5704983.120,sg_clk,3318,sg0_s1_tvalid_without_tready
5706652.464,sg_clk,3319,sg0_s1_tvalid_without_tready
5708321.808,sg_clk,3320,sg0_s1_tvalid_without_tready
5709991.152,sg_clk,3321,sg0_s1_tvalid_without_tready
5711660.496,sg_clk,3322,sg0_s1_tvalid_without_tready
5713329.840,sg_clk,3323,sg0_s1_tvalid_without_tready
5714999.184,sg_clk,3324,sg0_s1_tvalid_without_tready
5716668.528,sg_clk,3325,sg0_s1_tvalid_without_tready
5720007.216,sg_clk,3327,sg0_s1_tvalid_without_tready
5721676.560,sg_clk,3328,sg0_s1_tvalid_without_tready
5723345.904,sg_clk,3329,sg0_s1_tvalid_without_tready
5725015.248,sg_clk,3330,sg0_s1_tvalid_without_tready
5726684.592,sg_clk,3331,sg0_s1_tvalid_without_tready
5728353.936,sg_clk,3332,sg0_s1_tvalid_without_tready
5730023.280,sg_clk,3333,sg0_s1_tvalid_without_tready
5731692.624,sg_clk,3334,sg0_s1_tvalid_without_tready
5733361.968,sg_clk,3335,sg0_s1_tvalid_without_tready
5735031.312,sg_clk,3336,sg0_s1_tvalid_without_tready
5736700.656,sg_clk,3337,sg0_s1_tvalid_without_tready
5740039.344,sg_clk,3339,sg0_s1_tvalid_without_tready
5741708.688,sg_clk,3340,sg0_s1_tvalid_without_tready
5743378.032,sg_clk,3341,sg0_s1_tvalid_without_tready
5745047.376,sg_clk,3342,sg0_s1_tvalid_without_tready
5746716.720,sg_clk,3343,sg0_s1_tvalid_without_tready
5748386.064,sg_clk,3344,sg0_s1_tvalid_without_tready
5750055.408,sg_clk,3345,sg0_s1_tvalid_without_tready
5751724.752,sg_clk,3346,sg0_s1_tvalid_without_tready
5771756.880,sg_clk,3358,sg0_s1_tvalid_without_tready
5773426.224,sg_clk,3359,sg0_s1_tvalid_without_tready
5775095.568,sg_clk,3360,sg0_s1_tvalid_without_tready
5776764.912,sg_clk,3361,sg0_s1_tvalid_without_tready
5780103.600,sg_clk,3363,sg0_s1_tvalid_without_tready
5781772.944,sg_clk,3364,sg0_s1_tvalid_without_tready
5783442.288,sg_clk,3365,sg0_s1_tvalid_without_tready
5785111.632,sg_clk,3366,sg0_s1_tvalid_without_tready
5786780.976,sg_clk,3367,sg0_s1_tvalid_without_tready
5788450.320,sg_clk,3368,sg0_s1_tvalid_without_tready
5790119.664,sg_clk,3369,sg0_s1_tvalid_without_tready
5791789.008,sg_clk,3370,sg0_s1_tvalid_without_tready
5793458.352,sg_clk,3371,sg0_s1_tvalid_without_tready
5795127.696,sg_clk,3372,sg0_s1_tvalid_without_tready
5796797.040,sg_clk,3373,sg0_s1_tvalid_without_tready
5800135.728,sg_clk,3375,sg0_s1_tvalid_without_tready
5801805.072,sg_clk,3376,sg0_s1_tvalid_without_tready
5803474.416,sg_clk,3377,sg0_s1_tvalid_without_tready
5805143.760,sg_clk,3378,sg0_s1_tvalid_without_tready
5806813.104,sg_clk,3379,sg0_s1_tvalid_without_tready
5808482.448,sg_clk,3380,sg0_s1_tvalid_without_tready
5810151.792,sg_clk,3381,sg0_s1_tvalid_without_tready
5811821.136,sg_clk,3382,sg0_s1_tvalid_without_tready
5813490.480,sg_clk,3383,sg0_s1_tvalid_without_tready
5815159.824,sg_clk,3384,sg0_s1_tvalid_without_tready
5816829.168,sg_clk,3385,sg0_s1_tvalid_without_tready
5820167.856,sg_clk,3387,sg0_s1_tvalid_without_tready
5821837.200,sg_clk,3388,sg0_s1_tvalid_without_tready
5823506.544,sg_clk,3389,sg0_s1_tvalid_without_tready
5825175.888,sg_clk,3390,sg0_s1_tvalid_without_tready
5826845.232,sg_clk,3391,sg0_s1_tvalid_without_tready
5828514.576,sg_clk,3392,sg0_s1_tvalid_without_tready
5830183.920,sg_clk,3393,sg0_s1_tvalid_without_tready
5831853.264,sg_clk,3394,sg0_s1_tvalid_without_tready
5833522.608,sg_clk,3395,sg0_s1_tvalid_without_tready
5835191.952,sg_clk,3396,sg0_s1_tvalid_without_tready
5836861.296,sg_clk,3397,sg0_s1_tvalid_without_tready
5840199.984,sg_clk,3399,sg0_s1_tvalid_without_tready
5841869.328,sg_clk,3400,sg0_s1_tvalid_without_tready
5843538.672,sg_clk,3401,sg0_s1_tvalid_without_tready
5845208.016,sg_clk,3402,sg0_s1_tvalid_without_tready
5846877.360,sg_clk,3403,sg0_s1_tvalid_without_tready
5848546.704,sg_clk,3404,sg0_s1_tvalid_without_tready
5850216.048,sg_clk,3405,sg0_s1_tvalid_without_tready
5851885.392,sg_clk,3406,sg0_s1_tvalid_without_tready
5853554.736,sg_clk,3407,sg0_s1_tvalid_without_tready
5855224.080,sg_clk,3408,sg0_s1_tvalid_without_tready
5856893.424,sg_clk,3409,sg0_s1_tvalid_without_tready
5860232.112,sg_clk,3411,sg0_s1_tvalid_without_tready
5861901.456,sg_clk,3412,sg0_s1_tvalid_without_tready
5863570.800,sg_clk,3413,sg0_s1_tvalid_without_tready
5865240.144,sg_clk,3414,sg0_s1_tvalid_without_tready
5866909.488,sg_clk,3415,sg0_s1_tvalid_without_tready
5868578.832,sg_clk,3416,sg0_s1_tvalid_without_tready
5870248.176,sg_clk,3417,sg0_s1_tvalid_without_tready
5871917.520,sg_clk,3418,sg0_s1_tvalid_without_tready
5873586.864,sg_clk,3419,sg0_s1_tvalid_without_tready
5875256.208,sg_clk,3420,sg0_s1_tvalid_without_tready
5876925.552,sg_clk,3421,sg0_s1_tvalid_without_tready
5880264.240,sg_clk,3423,sg0_s1_tvalid_without_tready
5881933.584,sg_clk,3424,sg0_s1_tvalid_without_tready
5883602.928,sg_clk,3425,sg0_s1_tvalid_without_tready
5885272.272,sg_clk,3426,sg0_s1_tvalid_without_tready
5886941.616,sg_clk,3427,sg0_s1_tvalid_without_tready
5888610.960,sg_clk,3428,sg0_s1_tvalid_without_tready
5890280.304,sg_clk,3429,sg0_s1_tvalid_without_tready
5891949.648,sg_clk,3430,sg0_s1_tvalid_without_tready
5893618.992,sg_clk,3431,sg0_s1_tvalid_without_tready
5895288.336,sg_clk,3432,sg0_s1_tvalid_without_tready
5896957.680,sg_clk,3433,sg0_s1_tvalid_without_tready
5900296.368,sg_clk,3435,sg0_s1_tvalid_without_tready
5901965.712,sg_clk,3436,sg0_s1_tvalid_without_tready
5903635.056,sg_clk,3437,sg0_s1_tvalid_without_tready
5905304.400,sg_clk,3438,sg0_s1_tvalid_without_tready
5906973.744,sg_clk,3439,sg0_s1_tvalid_without_tready
5908643.088,sg_clk,3440,sg0_s1_tvalid_without_tready
5910312.432,sg_clk,3441,sg0_s1_tvalid_without_tready
5911981.776,sg_clk,3442,sg0_s1_tvalid_without_tready
5913651.120,sg_clk,3443,sg0_s1_tvalid_without_tready
5915320.464,sg_clk,3444,sg0_s1_tvalid_without_tready
5916989.808,sg_clk,3445,sg0_s1_tvalid_without_tready
5920328.496,sg_clk,3447,sg0_s1_tvalid_without_tready
5921997.840,sg_clk,3448,sg0_s1_tvalid_without_tready
5923667.184,sg_clk,3449,sg0_s1_tvalid_without_tready
5925336.528,sg_clk,3450,sg0_s1_tvalid_without_tready
5927005.872,sg_clk,3451,sg0_s1_tvalid_without_tready
5928675.216,sg_clk,3452,sg0_s1_tvalid_without_tready
5930344.560,sg_clk,3453,sg0_s1_tvalid_without_tready
5932013.904,sg_clk,3454,sg0_s1_tvalid_without_tready
5933683.248,sg_clk,3455,sg0_s1_tvalid_without_tready
5935352.592,sg_clk,3456,sg0_s1_tvalid_without_tready
5937021.936,sg_clk,3457,sg0_s1_tvalid_without_tready
5940360.624,sg_clk,3459,sg0_s1_tvalid_without_tready
5942029.968,sg_clk,3460,sg0_s1_tvalid_without_tready
5943699.312,sg_clk,3461,sg0_s1_tvalid_without_tready
5945368.656,sg_clk,3462,sg0_s1_tvalid_without_tready
5947038.000,sg_clk,3463,sg0_s1_tvalid_without_tready
5948707.344,sg_clk,3464,sg0_s1_tvalid_without_tready
5950376.688,sg_clk,3465,sg0_s1_tvalid_without_tready
5952046.032,sg_clk,3466,sg0_s1_tvalid_without_tready
5953715.376,sg_clk,3467,sg0_s1_tvalid_without_tready
5955384.720,sg_clk,3468,sg0_s1_tvalid_without_tready
5957054.064,sg_clk,3469,sg0_s1_tvalid_without_tready
5960392.752,sg_clk,3471,sg0_s1_tvalid_without_tready
5962062.096,sg_clk,3472,sg0_s1_tvalid_without_tready
5963731.440,sg_clk,3473,sg0_s1_tvalid_without_tready
5965400.784,sg_clk,3474,sg0_s1_tvalid_without_tready
5967070.128,sg_clk,3475,sg0_s1_tvalid_without_tready
5968739.472,sg_clk,3476,sg0_s1_tvalid_without_tready
5970408.816,sg_clk,3477,sg0_s1_tvalid_without_tready
5972078.160,sg_clk,3478,sg0_s1_tvalid_without_tready
5973747.504,sg_clk,3479,sg0_s1_tvalid_without_tready
5975416.848,sg_clk,3480,sg0_s1_tvalid_without_tready
5977086.192,sg_clk,3481,sg0_s1_tvalid_without_tready
5980424.880,sg_clk,3483,sg0_s1_tvalid_without_tready
5982094.224,sg_clk,3484,sg0_s1_tvalid_without_tready
5983763.568,sg_clk,3485,sg0_s1_tvalid_without_tready
5985432.912,sg_clk,3486,sg0_s1_tvalid_without_tready
5987102.256,sg_clk,3487,sg0_s1_tvalid_without_tready
5988771.600,sg_clk,3488,sg0_s1_tvalid_without_tready
5990440.944,sg_clk,3489,sg0_s1_tvalid_without_tready
5992110.288,sg_clk,3490,sg0_s1_tvalid_without_tready
5993779.632,sg_clk,3491,sg0_s1_tvalid_without_tready
5995448.976,sg_clk,3492,sg0_s1_tvalid_without_tready
5997118.320,sg_clk,3493,sg0_s1_tvalid_without_tready
6000457.008,sg_clk,3495,sg0_s1_tvalid_without_tready
6002126.352,sg_clk,3496,sg0_s1_tvalid_without_tready
6003795.696,sg_clk,3497,sg0_s1_tvalid_without_tready
6005465.040,sg_clk,3498,sg0_s1_tvalid_without_tready
6007134.384,sg_clk,3499,sg0_s1_tvalid_without_tready
6008803.728,sg_clk,3500,sg0_s1_tvalid_without_tready
6010473.072,sg_clk,3501,sg0_s1_tvalid_without_tready
6012142.416,sg_clk,3502,sg0_s1_tvalid_without_tready
6013811.760,sg_clk,3503,sg0_s1_tvalid_without_tready
6015481.104,sg_clk,3504,sg0_s1_tvalid_without_tready
6017150.448,sg_clk,3505,sg0_s1_tvalid_without_tready
6020489.136,sg_clk,3507,sg0_s1_tvalid_without_tready
6022158.480,sg_clk,3508,sg0_s1_tvalid_without_tready
6023827.824,sg_clk,3509,sg0_s1_tvalid_without_tready
6025497.168,sg_clk,3510,sg0_s1_tvalid_without_tready
6027166.512,sg_clk,3511,sg0_s1_tvalid_without_tready
6028835.856,sg_clk,3512,sg0_s1_tvalid_without_tready
6030505.200,sg_clk,3513,sg0_s1_tvalid_without_tready
6032174.544,sg_clk,3514,sg0_s1_tvalid_without_tready
6033843.888,sg_clk,3515,sg0_s1_tvalid_without_tready
6035513.232,sg_clk,3516,sg0_s1_tvalid_without_tready
6037182.576,sg_clk,3517,sg0_s1_tvalid_without_tready
6040521.264,sg_clk,3519,sg0_s1_tvalid_without_tready
6042190.608,sg_clk,3520,sg0_s1_tvalid_without_tready
6043859.952,sg_clk,3521,sg0_s1_tvalid_without_tready
6045529.296,sg_clk,3522,sg0_s1_tvalid_without_tready
6047198.640,sg_clk,3523,sg0_s1_tvalid_without_tready
6048867.984,sg_clk,3524,sg0_s1_tvalid_without_tready
6050537.328,sg_clk,3525,sg0_s1_tvalid_without_tready
6052206.672,sg_clk,3526,sg0_s1_tvalid_without_tready
6053876.016,sg_clk,3527,sg0_s1_tvalid_without_tready
6055545.360,sg_clk,3528,sg0_s1_tvalid_without_tready
6057214.704,sg_clk,3529,sg0_s1_tvalid_without_tready
6060553.392,sg_clk,3531,sg0_s1_tvalid_without_tready
6062222.736,sg_clk,3532,sg0_s1_tvalid_without_tready
6063892.080,sg_clk,3533,sg0_s1_tvalid_without_tready
6065561.424,sg_clk,3534,sg0_s1_tvalid_without_tready
6067230.768,sg_clk,3535,sg0_s1_tvalid_without_tready
6068900.112,sg_clk,3536,sg0_s1_tvalid_without_tready
6070569.456,sg_clk,3537,sg0_s1_tvalid_without_tready
6072238.800,sg_clk,3538,sg0_s1_tvalid_without_tready
6073908.144,sg_clk,3539,sg0_s1_tvalid_without_tready
6075577.488,sg_clk,3540,sg0_s1_tvalid_without_tready
6077246.832,sg_clk,3541,sg0_s1_tvalid_without_tready
6080585.520,sg_clk,3543,sg0_s1_tvalid_without_tready
6082254.864,sg_clk,3544,sg0_s1_tvalid_without_tready
6083924.208,sg_clk,3545,sg0_s1_tvalid_without_tready
6085593.552,sg_clk,3546,sg0_s1_tvalid_without_tready
6087262.896,sg_clk,3547,sg0_s1_tvalid_without_tready
6088932.240,sg_clk,3548,sg0_s1_tvalid_without_tready
6090601.584,sg_clk,3549,sg0_s1_tvalid_without_tready
6092270.928,sg_clk,3550,sg0_s1_tvalid_without_tready
6093940.272,sg_clk,3551,sg0_s1_tvalid_without_tready
6095609.616,sg_clk,3552,sg0_s1_tvalid_without_tready
6097278.960,sg_clk,3553,sg0_s1_tvalid_without_tready
6100617.648,sg_clk,3555,sg0_s1_tvalid_without_tready
6102286.992,sg_clk,3556,sg0_s1_tvalid_without_tready
6103956.336,sg_clk,3557,sg0_s1_tvalid_without_tready
6105625.680,sg_clk,3558,sg0_s1_tvalid_without_tready
6107295.024,sg_clk,3559,sg0_s1_tvalid_without_tready
6108964.368,sg_clk,3560,sg0_s1_tvalid_without_tready
6110633.712,sg_clk,3561,sg0_s1_tvalid_without_tready
6112303.056,sg_clk,3562,sg0_s1_tvalid_without_tready
6113972.400,sg_clk,3563,sg0_s1_tvalid_without_tready
6115641.744,sg_clk,3564,sg0_s1_tvalid_without_tready
6117311.088,sg_clk,3565,sg0_s1_tvalid_without_tready
6120649.776,sg_clk,3567,sg0_s1_tvalid_without_tready
6122319.120,sg_clk,3568,sg0_s1_tvalid_without_tready
6123988.464,sg_clk,3569,sg0_s1_tvalid_without_tready
6125657.808,sg_clk,3570,sg0_s1_tvalid_without_tready
6127327.152,sg_clk,3571,sg0_s1_tvalid_without_tready
6128996.496,sg_clk,3572,sg0_s1_tvalid_without_tready
6130665.840,sg_clk,3573,sg0_s1_tvalid_without_tready
6132335.184,sg_clk,3574,sg0_s1_tvalid_without_tready
6134004.528,sg_clk,3575,sg0_s1_tvalid_without_tready
6135673.872,sg_clk,3576,sg0_s1_tvalid_without_tready
6137343.216,sg_clk,3577,sg0_s1_tvalid_without_tready
6140681.904,sg_clk,3579,sg0_s1_tvalid_without_tready
6142351.248,sg_clk,3580,sg0_s1_tvalid_without_tready
6144020.592,sg_clk,3581,sg0_s1_tvalid_without_tready
6145689.936,sg_clk,3582,sg0_s1_tvalid_without_tready
6147359.280,sg_clk,3583,sg0_s1_tvalid_without_tready
6149028.624,sg_clk,3584,sg0_s1_tvalid_without_tready
6150697.968,sg_clk,3585,sg0_s1_tvalid_without_tready
6152367.312,sg_clk,3586,sg0_s1_tvalid_without_tready
6154036.656,sg_clk,3587,sg0_s1_tvalid_without_tready
6155706.000,sg_clk,3588,sg0_s1_tvalid_without_tready
6157375.344,sg_clk,3589,sg0_s1_tvalid_without_tready
6160714.032,sg_clk,3591,sg0_s1_tvalid_without_tready
6162383.376,sg_clk,3592,sg0_s1_tvalid_without_tready
6164052.720,sg_clk,3593,sg0_s1_tvalid_without_tready
6165722.064,sg_clk,3594,sg0_s1_tvalid_without_tready
6167391.408,sg_clk,3595,sg0_s1_tvalid_without_tready
6169060.752,sg_clk,3596,sg0_s1_tvalid_without_tready
6170730.096,sg_clk,3597,sg0_s1_tvalid_without_tready
6172399.440,sg_clk,3598,sg0_s1_tvalid_without_tready
6174068.784,sg_clk,3599,sg0_s1_tvalid_without_tready
6175738.128,sg_clk,3600,sg0_s1_tvalid_without_tready
6177407.472,sg_clk,3601,sg0_s1_tvalid_without_tready
6180746.160,sg_clk,3603,sg0_s1_tvalid_without_tready
6182415.504,sg_clk,3604,sg0_s1_tvalid_without_tready
6184084.848,sg_clk,3605,sg0_s1_tvalid_without_tready
6185754.192,sg_clk,3606,sg0_s1_tvalid_without_tready
6187423.536,sg_clk,3607,sg0_s1_tvalid_without_tready
6189092.880,sg_clk,3608,sg0_s1_tvalid_without_tready
6190762.224,sg_clk,3609,sg0_s1_tvalid_without_tready
6192431.568,sg_clk,3610,sg0_s1_tvalid_without_tready
6194100.912,sg_clk,3611,sg0_s1_tvalid_without_tready
6195770.256,sg_clk,3612,sg0_s1_tvalid_without_tready
6197439.600,sg_clk,3613,sg0_s1_tvalid_without_tready
6200778.288,sg_clk,3615,sg0_s1_tvalid_without_tready
6202447.632,sg_clk,3616,sg0_s1_tvalid_without_tready
6204116.976,sg_clk,3617,sg0_s1_tvalid_without_tready
6205786.320,sg_clk,3618,sg0_s1_tvalid_without_tready
6207455.664,sg_clk,3619,sg0_s1_tvalid_without_tready
6209125.008,sg_clk,3620,sg0_s1_tvalid_without_tready
6210794.352,sg_clk,3621,sg0_s1_tvalid_without_tready
6212463.696,sg_clk,3622,sg0_s1_tvalid_without_tready
6214133.040,sg_clk,3623,sg0_s1_tvalid_without_tready
6215802.384,sg_clk,3624,sg0_s1_tvalid_without_tready
6217471.728,sg_clk,3625,sg0_s1_tvalid_without_tready
6220810.416,sg_clk,3627,sg0_s1_tvalid_without_tready
6222479.760,sg_clk,3628,sg0_s1_tvalid_without_tready
6224149.104,sg_clk,3629,sg0_s1_tvalid_without_tready
6225818.448,sg_clk,3630,sg0_s1_tvalid_without_tready
6227487.792,sg_clk,3631,sg0_s1_tvalid_without_tready
6229157.136,sg_clk,3632,sg0_s1_tvalid_without_tready
6230826.480,sg_clk,3633,sg0_s1_tvalid_without_tready
6232495.824,sg_clk,3634,sg0_s1_tvalid_without_tready
6234165.168,sg_clk,3635,sg0_s1_tvalid_without_tready
6235834.512,sg_clk,3636,sg0_s1_tvalid_without_tready
6237503.856,sg_clk,3637,sg0_s1_tvalid_without_tready
6240842.544,sg_clk,3639,sg0_s1_tvalid_without_tready
6242511.888,sg_clk,3640,sg0_s1_tvalid_without_tready
6244181.232,sg_clk,3641,sg0_s1_tvalid_without_tready
6245850.576,sg_clk,3642,sg0_s1_tvalid_without_tready
6247519.920,sg_clk,3643,sg0_s1_tvalid_without_tready
6249189.264,sg_clk,3644,sg0_s1_tvalid_without_tready
6250858.608,sg_clk,3645,sg0_s1_tvalid_without_tready
6252527.952,sg_clk,3646,sg0_s1_tvalid_without_tready
6254197.296,sg_clk,3647,sg0_s1_tvalid_without_tready
6255866.640,sg_clk,3648,sg0_s1_tvalid_without_tready
6257535.984,sg_clk,3649,sg0_s1_tvalid_without_tready
6260874.672,sg_clk,3651,sg0_s1_tvalid_without_tready
6262544.016,sg_clk,3652,sg0_s1_tvalid_without_tready
6264213.360,sg_clk,3653,sg0_s1_tvalid_without_tready
6265882.704,sg_clk,3654,sg0_s1_tvalid_without_tready
6267552.048,sg_clk,3655,sg0_s1_tvalid_without_tready
6269221.392,sg_clk,3656,sg0_s1_tvalid_without_tready
6270890.736,sg_clk,3657,sg0_s1_tvalid_without_tready
6272560.080,sg_clk,3658,sg0_s1_tvalid_without_tready
6274229.424,sg_clk,3659,sg0_s1_tvalid_without_tready
6275898.768,sg_clk,3660,sg0_s1_tvalid_without_tready
6277568.112,sg_clk,3661,sg0_s1_tvalid_without_tready
6280906.800,sg_clk,3663,sg0_s1_tvalid_without_tready
6282576.144,sg_clk,3664,sg0_s1_tvalid_without_tready
6284245.488,sg_clk,3665,sg0_s1_tvalid_without_tready
6285914.832,sg_clk,3666,sg0_s1_tvalid_without_tready
6287584.176,sg_clk,3667,sg0_s1_tvalid_without_tready
6289253.520,sg_clk,3668,sg0_s1_tvalid_without_tready
6290922.864,sg_clk,3669,sg0_s1_tvalid_without_tready
6292592.208,sg_clk,3670,sg0_s1_tvalid_without_tready
6294261.552,sg_clk,3671,sg0_s1_tvalid_without_tready
6295930.896,sg_clk,3672,sg0_s1_tvalid_without_tready
6297600.240,sg_clk,3673,sg0_s1_tvalid_without_tready
6300938.928,sg_clk,3675,sg0_s1_tvalid_without_tready
6302608.272,sg_clk,3676,sg0_s1_tvalid_without_tready
6304277.616,sg_clk,3677,sg0_s1_tvalid_without_tready
6305946.960,sg_clk,3678,sg0_s1_tvalid_without_tready
6307616.304,sg_clk,3679,sg0_s1_tvalid_without_tready
6309285.648,sg_clk,3680,sg0_s1_tvalid_without_tready
6310954.992,sg_clk,3681,sg0_s1_tvalid_without_tready
6312624.336,sg_clk,3682,sg0_s1_tvalid_without_tready
6314293.680,sg_clk,3683,sg0_s1_tvalid_without_tready
6315963.024,sg_clk,3684,sg0_s1_tvalid_without_tready
6317632.368,sg_clk,3685,sg0_s1_tvalid_without_tready
6320971.056,sg_clk,3687,sg0_s1_tvalid_without_tready
6322640.400,sg_clk,3688,sg0_s1_tvalid_without_tready
6324309.744,sg_clk,3689,sg0_s1_tvalid_without_tready
6325979.088,sg_clk,3690,sg0_s1_tvalid_without_tready
6327648.432,sg_clk,3691,sg0_s1_tvalid_without_tready
6329317.776,sg_clk,3692,sg0_s1_tvalid_without_tready
6330987.120,sg_clk,3693,sg0_s1_tvalid_without_tready
6332656.464,sg_clk,3694,sg0_s1_tvalid_without_tready
6334325.808,sg_clk,3695,sg0_s1_tvalid_without_tready
6335995.152,sg_clk,3696,sg0_s1_tvalid_without_tready
6337664.496,sg_clk,3697,sg0_s1_tvalid_without_tready
6341003.184,sg_clk,3699,sg0_s1_tvalid_without_tready
6342672.528,sg_clk,3700,sg0_s1_tvalid_without_tready
6344341.872,sg_clk,3701,sg0_s1_tvalid_without_tready
6346011.216,sg_clk,3702,sg0_s1_tvalid_without_tready
6347680.560,sg_clk,3703,sg0_s1_tvalid_without_tready
6349349.904,sg_clk,3704,sg0_s1_tvalid_without_tready
6351019.248,sg_clk,3705,sg0_s1_tvalid_without_tready
6352688.592,sg_clk,3706,sg0_s1_tvalid_without_tready
6354357.936,sg_clk,3707,sg0_s1_tvalid_without_tready
6356027.280,sg_clk,3708,sg0_s1_tvalid_without_tready
6357696.624,sg_clk,3709,sg0_s1_tvalid_without_tready
6361035.312,sg_clk,3711,sg0_s1_tvalid_without_tready
6362704.656,sg_clk,3712,sg0_s1_tvalid_without_tready
6364374.000,sg_clk,3713,sg0_s1_tvalid_without_tready
6366043.344,sg_clk,3714,sg0_s1_tvalid_without_tready
6367712.688,sg_clk,3715,sg0_s1_tvalid_without_tready
6369382.032,sg_clk,3716,sg0_s1_tvalid_without_tready
6371051.376,sg_clk,3717,sg0_s1_tvalid_without_tready
6372720.720,sg_clk,3718,sg0_s1_tvalid_without_tready
6374390.064,sg_clk,3719,sg0_s1_tvalid_without_tready
6376059.408,sg_clk,3720,sg0_s1_tvalid_without_tready
6377728.752,sg_clk,3721,sg0_s1_tvalid_without_tready
6381067.440,sg_clk,3723,sg0_s1_tvalid_without_tready
6382736.784,sg_clk,3724,sg0_s1_tvalid_without_tready
6384406.128,sg_clk,3725,sg0_s1_tvalid_without_tready
6386075.472,sg_clk,3726,sg0_s1_tvalid_without_tready
6387744.816,sg_clk,3727,sg0_s1_tvalid_without_tready
6389414.160,sg_clk,3728,sg0_s1_tvalid_without_tready
6391083.504,sg_clk,3729,sg0_s1_tvalid_without_tready
6392752.848,sg_clk,3730,sg0_s1_tvalid_without_tready
6394422.192,sg_clk,3731,sg0_s1_tvalid_without_tready
6396091.536,sg_clk,3732,sg0_s1_tvalid_without_tready
6397760.880,sg_clk,3733,sg0_s1_tvalid_without_tready
6401099.568,sg_clk,3735,sg0_s1_tvalid_without_tready
6402768.912,sg_clk,3736,sg0_s1_tvalid_without_tready
6404438.256,sg_clk,3737,sg0_s1_tvalid_without_tready
6406107.600,sg_clk,3738,sg0_s1_tvalid_without_tready
6407776.944,sg_clk,3739,sg0_s1_tvalid_without_tready
6409446.288,sg_clk,3740,sg0_s1_tvalid_without_tready
6411115.632,sg_clk,3741,sg0_s1_tvalid_without_tready
6412784.976,sg_clk,3742,sg0_s1_tvalid_without_tready
6414454.320,sg_clk,3743,sg0_s1_tvalid_without_tready
6416123.664,sg_clk,3744,sg0_s1_tvalid_without_tready
6417793.008,sg_clk,3745,sg0_s1_tvalid_without_tready
6421131.696,sg_clk,3747,sg0_s1_tvalid_without_tready
6422801.040,sg_clk,3748,sg0_s1_tvalid_without_tready
6424470.384,sg_clk,3749,sg0_s1_tvalid_without_tready
6426139.728,sg_clk,3750,sg0_s1_tvalid_without_tready
6427809.072,sg_clk,3751,sg0_s1_tvalid_without_tready
6429478.416,sg_clk,3752,sg0_s1_tvalid_without_tready
6431147.760,sg_clk,3753,sg0_s1_tvalid_without_tready
6432817.104,sg_clk,3754,sg0_s1_tvalid_without_tready
6434486.448,sg_clk,3755,sg0_s1_tvalid_without_tready
6436155.792,sg_clk,3756,sg0_s1_tvalid_without_tready
6437825.136,sg_clk,3757,sg0_s1_tvalid_without_tready
6441163.824,sg_clk,3759,sg0_s1_tvalid_without_tready
6442833.168,sg_clk,3760,sg0_s1_tvalid_without_tready
6444502.512,sg_clk,3761,sg0_s1_tvalid_without_tready
6446171.856,sg_clk,3762,sg0_s1_tvalid_without_tready
6447841.200,sg_clk,3763,sg0_s1_tvalid_without_tready
6449510.544,sg_clk,3764,sg0_s1_tvalid_without_tready
6451179.888,sg_clk,3765,sg0_s1_tvalid_without_tready
6452849.232,sg_clk,3766,sg0_s1_tvalid_without_tready
6454518.576,sg_clk,3767,sg0_s1_tvalid_without_tready
6456187.920,sg_clk,3768,sg0_s1_tvalid_without_tready
6457857.264,sg_clk,3769,sg0_s1_tvalid_without_tready
6461195.952,sg_clk,3771,sg0_s1_tvalid_without_tready
6462865.296,sg_clk,3772,sg0_s1_tvalid_without_tready
6464534.640,sg_clk,3773,sg0_s1_tvalid_without_tready
6466203.984,sg_clk,3774,sg0_s1_tvalid_without_tready
6467873.328,sg_clk,3775,sg0_s1_tvalid_without_tready
6469542.672,sg_clk,3776,sg0_s1_tvalid_without_tready
6471212.016,sg_clk,3777,sg0_s1_tvalid_without_tready
6472881.360,sg_clk,3778,sg0_s1_tvalid_without_tready
6474550.704,sg_clk,3779,sg0_s1_tvalid_without_tready
6476220.048,sg_clk,3780,sg0_s1_tvalid_without_tready
6477889.392,sg_clk,3781,sg0_s1_tvalid_without_tready
6481228.080,sg_clk,3783,sg0_s1_tvalid_without_tready
6482897.424,sg_clk,3784,sg0_s1_tvalid_without_tready
6484566.768,sg_clk,3785,sg0_s1_tvalid_without_tready
6486236.112,sg_clk,3786,sg0_s1_tvalid_without_tready
6487905.456,sg_clk,3787,sg0_s1_tvalid_without_tready
6489574.800,sg_clk,3788,sg0_s1_tvalid_without_tready
6491244.144,sg_clk,3789,sg0_s1_tvalid_without_tready
6492913.488,sg_clk,3790,sg0_s1_tvalid_without_tready
6494582.832,sg_clk,3791,sg0_s1_tvalid_without_tready
6496252.176,sg_clk,3792,sg0_s1_tvalid_without_tready
6497921.520,sg_clk,3793,sg0_s1_tvalid_without_tready
6501260.208,sg_clk,3795,sg0_s1_tvalid_without_tready
6502929.552,sg_clk,3796,sg0_s1_tvalid_without_tready
6504598.896,sg_clk,3797,sg0_s1_tvalid_without_tready
6506268.240,sg_clk,3798,sg0_s1_tvalid_without_tready
6507937.584,sg_clk,3799,sg0_s1_tvalid_without_tready
6509606.928,sg_clk,3800,sg0_s1_tvalid_without_tready
6511276.272,sg_clk,3801,sg0_s1_tvalid_without_tready
6512945.616,sg_clk,3802,sg0_s1_tvalid_without_tready
6514614.960,sg_clk,3803,sg0_s1_tvalid_without_tready
6516284.304,sg_clk,3804,sg0_s1_tvalid_without_tready
6517953.648,sg_clk,3805,sg0_s1_tvalid_without_tready
6521292.336,sg_clk,3807,sg0_s1_tvalid_without_tready
6522961.680,sg_clk,3808,sg0_s1_tvalid_without_tready
6524631.024,sg_clk,3809,sg0_s1_tvalid_without_tready
6526300.368,sg_clk,3810,sg0_s1_tvalid_without_tready
6527969.712,sg_clk,3811,sg0_s1_tvalid_without_tready
6529639.056,sg_clk,3812,sg0_s1_tvalid_without_tready
6531308.400,sg_clk,3813,sg0_s1_tvalid_without_tready
6532977.744,sg_clk,3814,sg0_s1_tvalid_without_tready
6534647.088,sg_clk,3815,sg0_s1_tvalid_without_tready
6536316.432,sg_clk,3816,sg0_s1_tvalid_without_tready
6537985.776,sg_clk,3817,sg0_s1_tvalid_without_tready
6541324.464,sg_clk,3819,sg0_s1_tvalid_without_tready
6542993.808,sg_clk,3820,sg0_s1_tvalid_without_tready
6544663.152,sg_clk,3821,sg0_s1_tvalid_without_tready
6546332.496,sg_clk,3822,sg0_s1_tvalid_without_tready
6548001.840,sg_clk,3823,sg0_s1_tvalid_without_tready
6549671.184,sg_clk,3824,sg0_s1_tvalid_without_tready
6551340.528,sg_clk,3825,sg0_s1_tvalid_without_tready
6553009.872,sg_clk,3826,sg0_s1_tvalid_without_tready
6554679.216,sg_clk,3827,sg0_s1_tvalid_without_tready
6556348.560,sg_clk,3828,sg0_s1_tvalid_without_tready
6558017.904,sg_clk,3829,sg0_s1_tvalid_without_tready
6561356.592,sg_clk,3831,sg0_s1_tvalid_without_tready
6563025.936,sg_clk,3832,sg0_s1_tvalid_without_tready
6564695.280,sg_clk,3833,sg0_s1_tvalid_without_tready
6566364.624,sg_clk,3834,sg0_s1_tvalid_without_tready
6568033.968,sg_clk,3835,sg0_s1_tvalid_without_tready
6569703.312,sg_clk,3836,sg0_s1_tvalid_without_tready
6571372.656,sg_clk,3837,sg0_s1_tvalid_without_tready
6573042.000,sg_clk,3838,sg0_s1_tvalid_without_tready
6574711.344,sg_clk,3839,sg0_s1_tvalid_without_tready
6576380.688,sg_clk,3840,sg0_s1_tvalid_without_tready
6578050.032,sg_clk,3841,sg0_s1_tvalid_without_tready
6581388.720,sg_clk,3843,sg0_s1_tvalid_without_tready
6583058.064,sg_clk,3844,sg0_s1_tvalid_without_tready
6584727.408,sg_clk,3845,sg0_s1_tvalid_without_tready
6586396.752,sg_clk,3846,sg0_s1_tvalid_without_tready
6588066.096,sg_clk,3847,sg0_s1_tvalid_without_tready
6589735.440,sg_clk,3848,sg0_s1_tvalid_without_tready
6591404.784,sg_clk,3849,sg0_s1_tvalid_without_tready
6593074.128,sg_clk,3850,sg0_s1_tvalid_without_tready
6594743.472,sg_clk,3851,sg0_s1_tvalid_without_tready
6596412.816,sg_clk,3852,sg0_s1_tvalid_without_tready
6598082.160,sg_clk,3853,sg0_s1_tvalid_without_tready
6601420.848,sg_clk,3855,sg0_s1_tvalid_without_tready
6603090.192,sg_clk,3856,sg0_s1_tvalid_without_tready
6604759.536,sg_clk,3857,sg0_s1_tvalid_without_tready
6606428.880,sg_clk,3858,sg0_s1_tvalid_without_tready
6608098.224,sg_clk,3859,sg0_s1_tvalid_without_tready
6609767.568,sg_clk,3860,sg0_s1_tvalid_without_tready
6611436.912,sg_clk,3861,sg0_s1_tvalid_without_tready
6613106.256,sg_clk,3862,sg0_s1_tvalid_without_tready
6614775.600,sg_clk,3863,sg0_s1_tvalid_without_tready
6616444.944,sg_clk,3864,sg0_s1_tvalid_without_tready
6618114.288,sg_clk,3865,sg0_s1_tvalid_without_tready
6621452.976,sg_clk,3867,sg0_s1_tvalid_without_tready
6623122.320,sg_clk,3868,sg0_s1_tvalid_without_tready
6624791.664,sg_clk,3869,sg0_s1_tvalid_without_tready
6626461.008,sg_clk,3870,sg0_s1_tvalid_without_tready
6628130.352,sg_clk,3871,sg0_s1_tvalid_without_tready
6629799.696,sg_clk,3872,sg0_s1_tvalid_without_tready
6631469.040,sg_clk,3873,sg0_s1_tvalid_without_tready
6633138.384,sg_clk,3874,sg0_s1_tvalid_without_tready
6634807.728,sg_clk,3875,sg0_s1_tvalid_without_tready
6636477.072,sg_clk,3876,sg0_s1_tvalid_without_tready
6638146.416,sg_clk,3877,sg0_s1_tvalid_without_tready
6641485.104,sg_clk,3879,sg0_s1_tvalid_without_tready
6643154.448,sg_clk,3880,sg0_s1_tvalid_without_tready
6644823.792,sg_clk,3881,sg0_s1_tvalid_without_tready
6646493.136,sg_clk,3882,sg0_s1_tvalid_without_tready
6648162.480,sg_clk,3883,sg0_s1_tvalid_without_tready
6649831.824,sg_clk,3884,sg0_s1_tvalid_without_tready
6651501.168,sg_clk,3885,sg0_s1_tvalid_without_tready
6653170.512,sg_clk,3886,sg0_s1_tvalid_without_tready
6654839.856,sg_clk,3887,sg0_s1_tvalid_without_tready
6656509.200,sg_clk,3888,sg0_s1_tvalid_without_tready
6658178.544,sg_clk,3889,sg0_s1_tvalid_without_tready
6661517.232,sg_clk,3891,sg0_s1_tvalid_without_tready
6663186.576,sg_clk,3892,sg0_s1_tvalid_without_tready
6664855.920,sg_clk,3893,sg0_s1_tvalid_without_tready
6666525.264,sg_clk,3894,sg0_s1_tvalid_without_tready
6668194.608,sg_clk,3895,sg0_s1_tvalid_without_tready
6669863.952,sg_clk,3896,sg0_s1_tvalid_without_tready
6671533.296,sg_clk,3897,sg0_s1_tvalid_without_tready
6673202.640,sg_clk,3898,sg0_s1_tvalid_without_tready
6674871.984,sg_clk,3899,sg0_s1_tvalid_without_tready
6676541.328,sg_clk,3900,sg0_s1_tvalid_without_tready
6678210.672,sg_clk,3901,sg0_s1_tvalid_without_tready
6681549.360,sg_clk,3903,sg0_s1_tvalid_without_tready
6683218.704,sg_clk,3904,sg0_s1_tvalid_without_tready
6684888.048,sg_clk,3905,sg0_s1_tvalid_without_tready
6686557.392,sg_clk,3906,sg0_s1_tvalid_without_tready
6688226.736,sg_clk,3907,sg0_s1_tvalid_without_tready
6689896.080,sg_clk,3908,sg0_s1_tvalid_without_tready
6691565.424,sg_clk,3909,sg0_s1_tvalid_without_tready
6693234.768,sg_clk,3910,sg0_s1_tvalid_without_tready
6694904.112,sg_clk,3911,sg0_s1_tvalid_without_tready
6696573.456,sg_clk,3912,sg0_s1_tvalid_without_tready
6698242.800,sg_clk,3913,sg0_s1_tvalid_without_tready
6701581.488,sg_clk,3915,sg0_s1_tvalid_without_tready
6703250.832,sg_clk,3916,sg0_s1_tvalid_without_tready
6704920.176,sg_clk,3917,sg0_s1_tvalid_without_tready
6706589.520,sg_clk,3918,sg0_s1_tvalid_without_tready
6708258.864,sg_clk,3919,sg0_s1_tvalid_without_tready
6709928.208,sg_clk,3920,sg0_s1_tvalid_without_tready
6711597.552,sg_clk,3921,sg0_s1_tvalid_without_tready
6713266.896,sg_clk,3922,sg0_s1_tvalid_without_tready
6714936.240,sg_clk,3923,sg0_s1_tvalid_without_tready
6716605.584,sg_clk,3924,sg0_s1_tvalid_without_tready
6718274.928,sg_clk,3925,sg0_s1_tvalid_without_tready
6721613.616,sg_clk,3927,sg0_s1_tvalid_without_tready
6723282.960,sg_clk,3928,sg0_s1_tvalid_without_tready
6724952.304,sg_clk,3929,sg0_s1_tvalid_without_tready
6726621.648,sg_clk,3930,sg0_s1_tvalid_without_tready
6728290.992,sg_clk,3931,sg0_s1_tvalid_without_tready
6729960.336,sg_clk,3932,sg0_s1_tvalid_without_tready
6731629.680,sg_clk,3933,sg0_s1_tvalid_without_tready
6733299.024,sg_clk,3934,sg0_s1_tvalid_without_tready
6734968.368,sg_clk,3935,sg0_s1_tvalid_without_tready
6736637.712,sg_clk,3936,sg0_s1_tvalid_without_tready
6738307.056,sg_clk,3937,sg0_s1_tvalid_without_tready
6741645.744,sg_clk,3939,sg0_s1_tvalid_without_tready
6743315.088,sg_clk,3940,sg0_s1_tvalid_without_tready
6744984.432,sg_clk,3941,sg0_s1_tvalid_without_tready
6746653.776,sg_clk,3942,sg0_s1_tvalid_without_tready
6748323.120,sg_clk,3943,sg0_s1_tvalid_without_tready
6749992.464,sg_clk,3944,sg0_s1_tvalid_without_tready
6751661.808,sg_clk,3945,sg0_s1_tvalid_without_tready
6753331.152,sg_clk,3946,sg0_s1_tvalid_without_tready
6755000.496,sg_clk,3947,sg0_s1_tvalid_without_tready
6756669.840,sg_clk,3948,sg0_s1_tvalid_without_tready
6758339.184,sg_clk,3949,sg0_s1_tvalid_without_tready
6761677.872,sg_clk,3951,sg0_s1_tvalid_without_tready
6763347.216,sg_clk,3952,sg0_s1_tvalid_without_tready
6765016.560,sg_clk,3953,sg0_s1_tvalid_without_tready
6766685.904,sg_clk,3954,sg0_s1_tvalid_without_tready
6768355.248,sg_clk,3955,sg0_s1_tvalid_without_tready
6770024.592,sg_clk,3956,sg0_s1_tvalid_without_tready
6771693.936,sg_clk,3957,sg0_s1_tvalid_without_tready
6773363.280,sg_clk,3958,sg0_s1_tvalid_without_tready
6775032.624,sg_clk,3959,sg0_s1_tvalid_without_tready
6776701.968,sg_clk,3960,sg0_s1_tvalid_without_tready
6778371.312,sg_clk,3961,sg0_s1_tvalid_without_tready
6781710.000,sg_clk,3963,sg0_s1_tvalid_without_tready
6783379.344,sg_clk,3964,sg0_s1_tvalid_without_tready
6785048.688,sg_clk,3965,sg0_s1_tvalid_without_tready
6786718.032,sg_clk,3966,sg0_s1_tvalid_without_tready
6788387.376,sg_clk,3967,sg0_s1_tvalid_without_tready
6790056.720,sg_clk,3968,sg0_s1_tvalid_without_tready
6791726.064,sg_clk,3969,sg0_s1_tvalid_without_tready
6793395.408,sg_clk,3970,sg0_s1_tvalid_without_tready
6795064.752,sg_clk,3971,sg0_s1_tvalid_without_tready
6796734.096,sg_clk,3972,sg0_s1_tvalid_without_tready
6798403.440,sg_clk,3973,sg0_s1_tvalid_without_tready
6801742.128,sg_clk,3975,sg0_s1_tvalid_without_tready
6803411.472,sg_clk,3976,sg0_s1_tvalid_without_tready
6805080.816,sg_clk,3977,sg0_s1_tvalid_without_tready
6806750.160,sg_clk,3978,sg0_s1_tvalid_without_tready
6808419.504,sg_clk,3979,sg0_s1_tvalid_without_tready
6810088.848,sg_clk,3980,sg0_s1_tvalid_without_tready
6811758.192,sg_clk,3981,sg0_s1_tvalid_without_tready
6813427.536,sg_clk,3982,sg0_s1_tvalid_without_tready
6815096.880,sg_clk,3983,sg0_s1_tvalid_without_tready
6816766.224,sg_clk,3984,sg0_s1_tvalid_without_tready
6818435.568,sg_clk,3985,sg0_s1_tvalid_without_tready
6821774.256,sg_clk,3987,sg0_s1_tvalid_without_tready
6823443.600,sg_clk,3988,sg0_s1_tvalid_without_tready
6825112.944,sg_clk,3989,sg0_s1_tvalid_without_tready
6826782.288,sg_clk,3990,sg0_s1_tvalid_without_tready
6828451.632,sg_clk,3991,sg0_s1_tvalid_without_tready
6830120.976,sg_clk,3992,sg0_s1_tvalid_without_tready
6831790.320,sg_clk,3993,sg0_s1_tvalid_without_tready
6833459.664,sg_clk,3994,sg0_s1_tvalid_without_tready
6835129.008,sg_clk,3995,sg0_s1_tvalid_without_tready
6836798.352,sg_clk,3996,sg0_s1_tvalid_without_tready
6838467.696,sg_clk,3997,sg0_s1_tvalid_without_tready
6841806.384,sg_clk,3999,sg0_s1_tvalid_without_tready
6843475.728,sg_clk,4000,sg0_s1_tvalid_without_tready
6845145.072,sg_clk,4001,sg0_s1_tvalid_without_tready
6846814.416,sg_clk,4002,sg0_s1_tvalid_without_tready
6848483.760,sg_clk,4003,sg0_s1_tvalid_without_tready
6850153.104,sg_clk,4004,sg0_s1_tvalid_without_tready
6851822.448,sg_clk,4005,sg0_s1_tvalid_without_tready
6853491.792,sg_clk,4006,sg0_s1_tvalid_without_tready
6855161.136,sg_clk,4007,sg0_s1_tvalid_without_tready
6856830.480,sg_clk,4008,sg0_s1_tvalid_without_tready
6858499.824,sg_clk,4009,sg0_s1_tvalid_without_tready
6861838.512,sg_clk,4011,sg0_s1_tvalid_without_tready
6863507.856,sg_clk,4012,sg0_s1_tvalid_without_tready
6865177.200,sg_clk,4013,sg0_s1_tvalid_without_tready
6866846.544,sg_clk,4014,sg0_s1_tvalid_without_tready
6868515.888,sg_clk,4015,sg0_s1_tvalid_without_tready
6870185.232,sg_clk,4016,sg0_s1_tvalid_without_tready
6871854.576,sg_clk,4017,sg0_s1_tvalid_without_tready
6873523.920,sg_clk,4018,sg0_s1_tvalid_without_tready
6875193.264,sg_clk,4019,sg0_s1_tvalid_without_tready
6876862.608,sg_clk,4020,sg0_s1_tvalid_without_tready
6878531.952,sg_clk,4021,sg0_s1_tvalid_without_tready
6881870.640,sg_clk,4023,sg0_s1_tvalid_without_tready
6883539.984,sg_clk,4024,sg0_s1_tvalid_without_tready
6885209.328,sg_clk,4025,sg0_s1_tvalid_without_tready
6886878.672,sg_clk,4026,sg0_s1_tvalid_without_tready
6888548.016,sg_clk,4027,sg0_s1_tvalid_without_tready
6890217.360,sg_clk,4028,sg0_s1_tvalid_without_tready
6891886.704,sg_clk,4029,sg0_s1_tvalid_without_tready
6893556.048,sg_clk,4030,sg0_s1_tvalid_without_tready
6895225.392,sg_clk,4031,sg0_s1_tvalid_without_tready
6896894.736,sg_clk,4032,sg0_s1_tvalid_without_tready
6898564.080,sg_clk,4033,sg0_s1_tvalid_without_tready
6901902.768,sg_clk,4035,sg0_s1_tvalid_without_tready
6903572.112,sg_clk,4036,sg0_s1_tvalid_without_tready
6905241.456,sg_clk,4037,sg0_s1_tvalid_without_tready
6906910.800,sg_clk,4038,sg0_s1_tvalid_without_tready
6908580.144,sg_clk,4039,sg0_s1_tvalid_without_tready
6910249.488,sg_clk,4040,sg0_s1_tvalid_without_tready
6911918.832,sg_clk,4041,sg0_s1_tvalid_without_tready
6913588.176,sg_clk,4042,sg0_s1_tvalid_without_tready
6915257.520,sg_clk,4043,sg0_s1_tvalid_without_tready
6916926.864,sg_clk,4044,sg0_s1_tvalid_without_tready
6918596.208,sg_clk,4045,sg0_s1_tvalid_without_tready
6921934.896,sg_clk,4047,sg0_s1_tvalid_without_tready
6923604.240,sg_clk,4048,sg0_s1_tvalid_without_tready
6925273.584,sg_clk,4049,sg0_s1_tvalid_without_tready
6926942.928,sg_clk,4050,sg0_s1_tvalid_without_tready
6928612.272,sg_clk,4051,sg0_s1_tvalid_without_tready
6930281.616,sg_clk,4052,sg0_s1_tvalid_without_tready
6931950.960,sg_clk,4053,sg0_s1_tvalid_without_tready
6933620.304,sg_clk,4054,sg0_s1_tvalid_without_tready
6935289.648,sg_clk,4055,sg0_s1_tvalid_without_tready
6936958.992,sg_clk,4056,sg0_s1_tvalid_without_tready
6938628.336,sg_clk,4057,sg0_s1_tvalid_without_tready
6941967.024,sg_clk,4059,sg0_s1_tvalid_without_tready
6943636.368,sg_clk,4060,sg0_s1_tvalid_without_tready
6945305.712,sg_clk,4061,sg0_s1_tvalid_without_tready
6946975.056,sg_clk,4062,sg0_s1_tvalid_without_tready
6948644.400,sg_clk,4063,sg0_s1_tvalid_without_tready
6950313.744,sg_clk,4064,sg0_s1_tvalid_without_tready
6951983.088,sg_clk,4065,sg0_s1_tvalid_without_tready
6953652.432,sg_clk,4066,sg0_s1_tvalid_without_tready
6955321.776,sg_clk,4067,sg0_s1_tvalid_without_tready
6956991.120,sg_clk,4068,sg0_s1_tvalid_without_tready
6958660.464,sg_clk,4069,sg0_s1_tvalid_without_tready
6961999.152,sg_clk,4071,sg0_s1_tvalid_without_tready
6963668.496,sg_clk,4072,sg0_s1_tvalid_without_tready
6965337.840,sg_clk,4073,sg0_s1_tvalid_without_tready
6967007.184,sg_clk,4074,sg0_s1_tvalid_without_tready
6968676.528,sg_clk,4075,sg0_s1_tvalid_without_tready
6970345.872,sg_clk,4076,sg0_s1_tvalid_without_tready
6972015.216,sg_clk,4077,sg0_s1_tvalid_without_tready
6973684.560,sg_clk,4078,sg0_s1_tvalid_without_tready
6975353.904,sg_clk,4079,sg0_s1_tvalid_without_tready
6977023.248,sg_clk,4080,sg0_s1_tvalid_without_tready
6978692.592,sg_clk,4081,sg0_s1_tvalid_without_tready
6982031.280,sg_clk,4083,sg0_s1_tvalid_without_tready
6983700.624,sg_clk,4084,sg0_s1_tvalid_without_tready
6985369.968,sg_clk,4085,sg0_s1_tvalid_without_tready
6987039.312,sg_clk,4086,sg0_s1_tvalid_without_tready
6988708.656,sg_clk,4087,sg0_s1_tvalid_without_tready
6990378.000,sg_clk,4088,sg0_s1_tvalid_without_tready
6992047.344,sg_clk,4089,sg0_s1_tvalid_without_tready
6993716.688,sg_clk,4090,sg0_s1_tvalid_without_tready
6995386.032,sg_clk,4091,sg0_s1_tvalid_without_tready
6997055.376,sg_clk,4092,sg0_s1_tvalid_without_tready
6998724.720,sg_clk,4093,sg0_s1_tvalid_without_tready
7002063.408,sg_clk,4095,sg0_s1_tvalid_without_tready
7003732.752,sg_clk,4096,sg0_s1_tvalid_without_tready
7005402.096,sg_clk,4097,sg0_s1_tvalid_without_tready
7007071.440,sg_clk,4098,sg0_s1_tvalid_without_tready
7008740.784,sg_clk,4099,sg0_s1_tvalid_without_tready
7010410.128,sg_clk,4100,sg0_s1_tvalid_without_tready
7012079.472,sg_clk,4101,sg0_s1_tvalid_without_tready
7013748.816,sg_clk,4102,sg0_s1_tvalid_without_tready
7015418.160,sg_clk,4103,sg0_s1_tvalid_without_tready
7017087.504,sg_clk,4104,sg0_s1_tvalid_without_tready
7018756.848,sg_clk,4105,sg0_s1_tvalid_without_tready
7022095.536,sg_clk,4107,sg0_s1_tvalid_without_tready
7023764.880,sg_clk,4108,sg0_s1_tvalid_without_tready
7025434.224,sg_clk,4109,sg0_s1_tvalid_without_tready
7027103.568,sg_clk,4110,sg0_s1_tvalid_without_tready
7028772.912,sg_clk,4111,sg0_s1_tvalid_without_tready
7030442.256,sg_clk,4112,sg0_s1_tvalid_without_tready
7032111.600,sg_clk,4113,sg0_s1_tvalid_without_tready
7033780.944,sg_clk,4114,sg0_s1_tvalid_without_tready
7035450.288,sg_clk,4115,sg0_s1_tvalid_without_tready
7037119.632,sg_clk,4116,sg0_s1_tvalid_without_tready
7038788.976,sg_clk,4117,sg0_s1_tvalid_without_tready
7042127.664,sg_clk,4119,sg0_s1_tvalid_without_tready
7043797.008,sg_clk,4120,sg0_s1_tvalid_without_tready
7045466.352,sg_clk,4121,sg0_s1_tvalid_without_tready
7047135.696,sg_clk,4122,sg0_s1_tvalid_without_tready
7048805.040,sg_clk,4123,sg0_s1_tvalid_without_tready
7050474.384,sg_clk,4124,sg0_s1_tvalid_without_tready
7052143.728,sg_clk,4125,sg0_s1_tvalid_without_tready
7053813.072,sg_clk,4126,sg0_s1_tvalid_without_tready
7055482.416,sg_clk,4127,sg0_s1_tvalid_without_tready
7057151.760,sg_clk,4128,sg0_s1_tvalid_without_tready
7058821.104,sg_clk,4129,sg0_s1_tvalid_without_tready
7062159.792,sg_clk,4131,sg0_s1_tvalid_without_tready
7063829.136,sg_clk,4132,sg0_s1_tvalid_without_tready
7065498.480,sg_clk,4133,sg0_s1_tvalid_without_tready
7067167.824,sg_clk,4134,sg0_s1_tvalid_without_tready
7068837.168,sg_clk,4135,sg0_s1_tvalid_without_tready
7070506.512,sg_clk,4136,sg0_s1_tvalid_without_tready
7072175.856,sg_clk,4137,sg0_s1_tvalid_without_tready
7073845.200,sg_clk,4138,sg0_s1_tvalid_without_tready
7075514.544,sg_clk,4139,sg0_s1_tvalid_without_tready
7077183.888,sg_clk,4140,sg0_s1_tvalid_without_tready
7078853.232,sg_clk,4141,sg0_s1_tvalid_without_tready
7082191.920,sg_clk,4143,sg0_s1_tvalid_without_tready
7083861.264,sg_clk,4144,sg0_s1_tvalid_without_tready
7085530.608,sg_clk,4145,sg0_s1_tvalid_without_tready
7087199.952,sg_clk,4146,sg0_s1_tvalid_without_tready
7088869.296,sg_clk,4147,sg0_s1_tvalid_without_tready
7090538.640,sg_clk,4148,sg0_s1_tvalid_without_tready
7092207.984,sg_clk,4149,sg0_s1_tvalid_without_tready
7093877.328,sg_clk,4150,sg0_s1_tvalid_without_tready
7095546.672,sg_clk,4151,sg0_s1_tvalid_without_tready
7097216.016,sg_clk,4152,sg0_s1_tvalid_without_tready
7098885.360,sg_clk,4153,sg0_s1_tvalid_without_tready
7102224.048,sg_clk,4155,sg0_s1_tvalid_without_tready
7103893.392,sg_clk,4156,sg0_s1_tvalid_without_tready
7105562.736,sg_clk,4157,sg0_s1_tvalid_without_tready
7107232.080,sg_clk,4158,sg0_s1_tvalid_without_tready
7108901.424,sg_clk,4159,sg0_s1_tvalid_without_tready
7110570.768,sg_clk,4160,sg0_s1_tvalid_without_tready
7112240.112,sg_clk,4161,sg0_s1_tvalid_without_tready
7113909.456,sg_clk,4162,sg0_s1_tvalid_without_tready
7115578.800,sg_clk,4163,sg0_s1_tvalid_without_tready
7117248.144,sg_clk,4164,sg0_s1_tvalid_without_tready
7118917.488,sg_clk,4165,sg0_s1_tvalid_without_tready
7122256.176,sg_clk,4167,sg0_s1_tvalid_without_tready
7123925.520,sg_clk,4168,sg0_s1_tvalid_without_tready
7125594.864,sg_clk,4169,sg0_s1_tvalid_without_tready
7127264.208,sg_clk,4170,sg0_s1_tvalid_without_tready
7128933.552,sg_clk,4171,sg0_s1_tvalid_without_tready
7130602.896,sg_clk,4172,sg0_s1_tvalid_without_tready
7132272.240,sg_clk,4173,sg0_s1_tvalid_without_tready
7133941.584,sg_clk,4174,sg0_s1_tvalid_without_tready
7135610.928,sg_clk,4175,sg0_s1_tvalid_without_tready
7137280.272,sg_clk,4176,sg0_s1_tvalid_without_tready
7138949.616,sg_clk,4177,sg0_s1_tvalid_without_tready
7142288.304,sg_clk,4179,sg0_s1_tvalid_without_tready
7143957.648,sg_clk,4180,sg0_s1_tvalid_without_tready
7145626.992,sg_clk,4181,sg0_s1_tvalid_without_tready
7147296.336,sg_clk,4182,sg0_s1_tvalid_without_tready
7148965.680,sg_clk,4183,sg0_s1_tvalid_without_tready
7150635.024,sg_clk,4184,sg0_s1_tvalid_without_tready
7152304.368,sg_clk,4185,sg0_s1_tvalid_without_tready
7153973.712,sg_clk,4186,sg0_s1_tvalid_without_tready
7155643.056,sg_clk,4187,sg0_s1_tvalid_without_tready
7157312.400,sg_clk,4188,sg0_s1_tvalid_without_tready
7158981.744,sg_clk,4189,sg0_s1_tvalid_without_tready
7162320.432,sg_clk,4191,sg0_s1_tvalid_without_tready
7163989.776,sg_clk,4192,sg0_s1_tvalid_without_tready
7165659.120,sg_clk,4193,sg0_s1_tvalid_without_tready
7167328.464,sg_clk,4194,sg0_s1_tvalid_without_tready
7168997.808,sg_clk,4195,sg0_s1_tvalid_without_tready
7170667.152,sg_clk,4196,sg0_s1_tvalid_without_tready
7172336.496,sg_clk,4197,sg0_s1_tvalid_without_tready
7174005.840,sg_clk,4198,sg0_s1_tvalid_without_tready
7175675.184,sg_clk,4199,sg0_s1_tvalid_without_tready
7177344.528,sg_clk,4200,sg0_s1_tvalid_without_tready
7179013.872,sg_clk,4201,sg0_s1_tvalid_without_tready
7182352.560,sg_clk,4203,sg0_s1_tvalid_without_tready
7184021.904,sg_clk,4204,sg0_s1_tvalid_without_tready
7185691.248,sg_clk,4205,sg0_s1_tvalid_without_tready
7187360.592,sg_clk,4206,sg0_s1_tvalid_without_tready
7189029.936,sg_clk,4207,sg0_s1_tvalid_without_tready
7190699.280,sg_clk,4208,sg0_s1_tvalid_without_tready
7192368.624,sg_clk,4209,sg0_s1_tvalid_without_tready
7194037.968,sg_clk,4210,sg0_s1_tvalid_without_tready
7195707.312,sg_clk,4211,sg0_s1_tvalid_without_tready
7197376.656,sg_clk,4212,sg0_s1_tvalid_without_tready
7199046.000,sg_clk,4213,sg0_s1_tvalid_without_tready
7202384.688,sg_clk,4215,sg0_s1_tvalid_without_tready
7204054.032,sg_clk,4216,sg0_s1_tvalid_without_tready
7205723.376,sg_clk,4217,sg0_s1_tvalid_without_tready
7207392.720,sg_clk,4218,sg0_s1_tvalid_without_tready
7209062.064,sg_clk,4219,sg0_s1_tvalid_without_tready
7210731.408,sg_clk,4220,sg0_s1_tvalid_without_tready
7212400.752,sg_clk,4221,sg0_s1_tvalid_without_tready
7214070.096,sg_clk,4222,sg0_s1_tvalid_without_tready
7215739.440,sg_clk,4223,sg0_s1_tvalid_without_tready
7217408.784,sg_clk,4224,sg0_s1_tvalid_without_tready
7219078.128,sg_clk,4225,sg0_s1_tvalid_without_tready
7222416.816,sg_clk,4227,sg0_s1_tvalid_without_tready
7224086.160,sg_clk,4228,sg0_s1_tvalid_without_tready
7225755.504,sg_clk,4229,sg0_s1_tvalid_without_tready
7227424.848,sg_clk,4230,sg0_s1_tvalid_without_tready
7229094.192,sg_clk,4231,sg0_s1_tvalid_without_tready
7230763.536,sg_clk,4232,sg0_s1_tvalid_without_tready
7232432.880,sg_clk,4233,sg0_s1_tvalid_without_tready
7234102.224,sg_clk,4234,sg0_s1_tvalid_without_tready
7235771.568,sg_clk,4235,sg0_s1_tvalid_without_tready
7237440.912,sg_clk,4236,sg0_s1_tvalid_without_tready
7239110.256,sg_clk,4237,sg0_s1_tvalid_without_tready
7242448.944,sg_clk,4239,sg0_s1_tvalid_without_tready
7244118.288,sg_clk,4240,sg0_s1_tvalid_without_tready
7245787.632,sg_clk,4241,sg0_s1_tvalid_without_tready
7247456.976,sg_clk,4242,sg0_s1_tvalid_without_tready
7249126.320,sg_clk,4243,sg0_s1_tvalid_without_tready
7250795.664,sg_clk,4244,sg0_s1_tvalid_without_tready
7252465.008,sg_clk,4245,sg0_s1_tvalid_without_tready
7254134.352,sg_clk,4246,sg0_s1_tvalid_without_tready
7255803.696,sg_clk,4247,sg0_s1_tvalid_without_tready
7257473.040,sg_clk,4248,sg0_s1_tvalid_without_tready
7259142.384,sg_clk,4249,sg0_s1_tvalid_without_tready
7262481.072,sg_clk,4251,sg0_s1_tvalid_without_tready
7264150.416,sg_clk,4252,sg0_s1_tvalid_without_tready
7265819.760,sg_clk,4253,sg0_s1_tvalid_without_tready
7267489.104,sg_clk,4254,sg0_s1_tvalid_without_tready
7269158.448,sg_clk,4255,sg0_s1_tvalid_without_tready
7270827.792,sg_clk,4256,sg0_s1_tvalid_without_tready
7272497.136,sg_clk,4257,sg0_s1_tvalid_without_tready
7274166.480,sg_clk,4258,sg0_s1_tvalid_without_tready
7275835.824,sg_clk,4259,sg0_s1_tvalid_without_tready
7277505.168,sg_clk,4260,sg0_s1_tvalid_without_tready
7279174.512,sg_clk,4261,sg0_s1_tvalid_without_tready
7282513.200,sg_clk,4263,sg0_s1_tvalid_without_tready
7284182.544,sg_clk,4264,sg0_s1_tvalid_without_tready
7285851.888,sg_clk,4265,sg0_s1_tvalid_without_tready
7287521.232,sg_clk,4266,sg0_s1_tvalid_without_tready
7289190.576,sg_clk,4267,sg0_s1_tvalid_without_tready
7290859.920,sg_clk,4268,sg0_s1_tvalid_without_tready
7292529.264,sg_clk,4269,sg0_s1_tvalid_without_tready
7294198.608,sg_clk,4270,sg0_s1_tvalid_without_tready
7295867.952,sg_clk,4271,sg0_s1_tvalid_without_tready
7297537.296,sg_clk,4272,sg0_s1_tvalid_without_tready
7299206.640,sg_clk,4273,sg0_s1_tvalid_without_tready
7302545.328,sg_clk,4275,sg0_s1_tvalid_without_tready
7304214.672,sg_clk,4276,sg0_s1_tvalid_without_tready
7305884.016,sg_clk,4277,sg0_s1_tvalid_without_tready
7307553.360,sg_clk,4278,sg0_s1_tvalid_without_tready
7309222.704,sg_clk,4279,sg0_s1_tvalid_without_tready
7310892.048,sg_clk,4280,sg0_s1_tvalid_without_tready
7312561.392,sg_clk,4281,sg0_s1_tvalid_without_tready
7314230.736,sg_clk,4282,sg0_s1_tvalid_without_tready
7315900.080,sg_clk,4283,sg0_s1_tvalid_without_tready
7317569.424,sg_clk,4284,sg0_s1_tvalid_without_tready
7319238.768,sg_clk,4285,sg0_s1_tvalid_without_tready
7322577.456,sg_clk,4287,sg0_s1_tvalid_without_tready
7324246.800,sg_clk,4288,sg0_s1_tvalid_without_tready
7325916.144,sg_clk,4289,sg0_s1_tvalid_without_tready
7327585.488,sg_clk,4290,sg0_s1_tvalid_without_tready
7329254.832,sg_clk,4291,sg0_s1_tvalid_without_tready
7330924.176,sg_clk,4292,sg0_s1_tvalid_without_tready
7332593.520,sg_clk,4293,sg0_s1_tvalid_without_tready
7334262.864,sg_clk,4294,sg0_s1_tvalid_without_tready
7335932.208,sg_clk,4295,sg0_s1_tvalid_without_tready
7337601.552,sg_clk,4296,sg0_s1_tvalid_without_tready
7339270.896,sg_clk,4297,sg0_s1_tvalid_without_tready
7342609.584,sg_clk,4299,sg0_s1_tvalid_without_tready
7344278.928,sg_clk,4300,sg0_s1_tvalid_without_tready
7345948.272,sg_clk,4301,sg0_s1_tvalid_without_tready
7347617.616,sg_clk,4302,sg0_s1_tvalid_without_tready
7349286.960,sg_clk,4303,sg0_s1_tvalid_without_tready
7350956.304,sg_clk,4304,sg0_s1_tvalid_without_tready
7352625.648,sg_clk,4305,sg0_s1_tvalid_without_tready
7354294.992,sg_clk,4306,sg0_s1_tvalid_without_tready
7355964.336,sg_clk,4307,sg0_s1_tvalid_without_tready
7357633.680,sg_clk,4308,sg0_s1_tvalid_without_tready
7359303.024,sg_clk,4309,sg0_s1_tvalid_without_tready
7362641.712,sg_clk,4311,sg0_s1_tvalid_without_tready
7364311.056,sg_clk,4312,sg0_s1_tvalid_without_tready
7365980.400,sg_clk,4313,sg0_s1_tvalid_without_tready
7367649.744,sg_clk,4314,sg0_s1_tvalid_without_tready
7369319.088,sg_clk,4315,sg0_s1_tvalid_without_tready
7370988.432,sg_clk,4316,sg0_s1_tvalid_without_tready
7372657.776,sg_clk,4317,sg0_s1_tvalid_without_tready
7374327.120,sg_clk,4318,sg0_s1_tvalid_without_tready
7375996.464,sg_clk,4319,sg0_s1_tvalid_without_tready
7377665.808,sg_clk,4320,sg0_s1_tvalid_without_tready
7379335.152,sg_clk,4321,sg0_s1_tvalid_without_tready
7382673.840,sg_clk,4323,sg0_s1_tvalid_without_tready
7384343.184,sg_clk,4324,sg0_s1_tvalid_without_tready
7386012.528,sg_clk,4325,sg0_s1_tvalid_without_tready
7387681.872,sg_clk,4326,sg0_s1_tvalid_without_tready
7389351.216,sg_clk,4327,sg0_s1_tvalid_without_tready
7391020.560,sg_clk,4328,sg0_s1_tvalid_without_tready
7392689.904,sg_clk,4329,sg0_s1_tvalid_without_tready
7394359.248,sg_clk,4330,sg0_s1_tvalid_without_tready
7396028.592,sg_clk,4331,sg0_s1_tvalid_without_tready
7397697.936,sg_clk,4332,sg0_s1_tvalid_without_tready
7399367.280,sg_clk,4333,sg0_s1_tvalid_without_tready
7402705.968,sg_clk,4335,sg0_s1_tvalid_without_tready
7404375.312,sg_clk,4336,sg0_s1_tvalid_without_tready
7406044.656,sg_clk,4337,sg0_s1_tvalid_without_tready
7407714.000,sg_clk,4338,sg0_s1_tvalid_without_tready
7409383.344,sg_clk,4339,sg0_s1_tvalid_without_tready
7411052.688,sg_clk,4340,sg0_s1_tvalid_without_tready
7412722.032,sg_clk,4341,sg0_s1_tvalid_without_tready
7414391.376,sg_clk,4342,sg0_s1_tvalid_without_tready
7416060.720,sg_clk,4343,sg0_s1_tvalid_without_tready
7417730.064,sg_clk,4344,sg0_s1_tvalid_without_tready
7419399.408,sg_clk,4345,sg0_s1_tvalid_without_tready
7422738.096,sg_clk,4347,sg0_s1_tvalid_without_tready
7424407.440,sg_clk,4348,sg0_s1_tvalid_without_tready
7426076.784,sg_clk,4349,sg0_s1_tvalid_without_tready
7427746.128,sg_clk,4350,sg0_s1_tvalid_without_tready
7429415.472,sg_clk,4351,sg0_s1_tvalid_without_tready
7431084.816,sg_clk,4352,sg0_s1_tvalid_without_tready
7432754.160,sg_clk,4353,sg0_s1_tvalid_without_tready
7434423.504,sg_clk,4354,sg0_s1_tvalid_without_tready
7436092.848,sg_clk,4355,sg0_s1_tvalid_without_tready
7437762.192,sg_clk,4356,sg0_s1_tvalid_without_tready
7439431.536,sg_clk,4357,sg0_s1_tvalid_without_tready
7442770.224,sg_clk,4359,sg0_s1_tvalid_without_tready
7444439.568,sg_clk,4360,sg0_s1_tvalid_without_tready
7446108.912,sg_clk,4361,sg0_s1_tvalid_without_tready
7447778.256,sg_clk,4362,sg0_s1_tvalid_without_tready
7449447.600,sg_clk,4363,sg0_s1_tvalid_without_tready
7451116.944,sg_clk,4364,sg0_s1_tvalid_without_tready
7452786.288,sg_clk,4365,sg0_s1_tvalid_without_tready
7454455.632,sg_clk,4366,sg0_s1_tvalid_without_tready
7456124.976,sg_clk,4367,sg0_s1_tvalid_without_tready
7457794.320,sg_clk,4368,sg0_s1_tvalid_without_tready
7459463.664,sg_clk,4369,sg0_s1_tvalid_without_tready
7462802.352,sg_clk,4371,sg0_s1_tvalid_without_tready
7464471.696,sg_clk,4372,sg0_s1_tvalid_without_tready
7466141.040,sg_clk,4373,sg0_s1_tvalid_without_tready
7467810.384,sg_clk,4374,sg0_s1_tvalid_without_tready
7469479.728,sg_clk,4375,sg0_s1_tvalid_without_tready
7471149.072,sg_clk,4376,sg0_s1_tvalid_without_tready
7472818.416,sg_clk,4377,sg0_s1_tvalid_without_tready
7474487.760,sg_clk,4378,sg0_s1_tvalid_without_tready
7476157.104,sg_clk,4379,sg0_s1_tvalid_without_tready
7477826.448,sg_clk,4380,sg0_s1_tvalid_without_tready
7479495.792,sg_clk,4381,sg0_s1_tvalid_without_tready
7482834.480,sg_clk,4383,sg0_s1_tvalid_without_tready
7484503.824,sg_clk,4384,sg0_s1_tvalid_without_tready
7486173.168,sg_clk,4385,sg0_s1_tvalid_without_tready
7487842.512,sg_clk,4386,sg0_s1_tvalid_without_tready
7489511.856,sg_clk,4387,sg0_s1_tvalid_without_tready
7491181.200,sg_clk,4388,sg0_s1_tvalid_without_tready
7492850.544,sg_clk,4389,sg0_s1_tvalid_without_tready
7494519.888,sg_clk,4390,sg0_s1_tvalid_without_tready
7496189.232,sg_clk,4391,sg0_s1_tvalid_without_tready
7497858.576,sg_clk,4392,sg0_s1_tvalid_without_tready
7499527.920,sg_clk,4393,sg0_s1_tvalid_without_tready
7502866.608,sg_clk,4395,sg0_s1_tvalid_without_tready
7504535.952,sg_clk,4396,sg0_s1_tvalid_without_tready
7506205.296,sg_clk,4397,sg0_s1_tvalid_without_tready
7507874.640,sg_clk,4398,sg0_s1_tvalid_without_tready
7509543.984,sg_clk,4399,sg0_s1_tvalid_without_tready
7511213.328,sg_clk,4400,sg0_s1_tvalid_without_tready
7512882.672,sg_clk,4401,sg0_s1_tvalid_without_tready
7514552.016,sg_clk,4402,sg0_s1_tvalid_without_tready
7516221.360,sg_clk,4403,sg0_s1_tvalid_without_tready
7517890.704,sg_clk,4404,sg0_s1_tvalid_without_tready
7519560.048,sg_clk,4405,sg0_s1_tvalid_without_tready
7522898.736,sg_clk,4407,sg0_s1_tvalid_without_tready
7524568.080,sg_clk,4408,sg0_s1_tvalid_without_tready
7526237.424,sg_clk,4409,sg0_s1_tvalid_without_tready
7527906.768,sg_clk,4410,sg0_s1_tvalid_without_tready
7529576.112,sg_clk,4411,sg0_s1_tvalid_without_tready
7531245.456,sg_clk,4412,sg0_s1_tvalid_without_tready
7532914.800,sg_clk,4413,sg0_s1_tvalid_without_tready
7534584.144,sg_clk,4414,sg0_s1_tvalid_without_tready
7536253.488,sg_clk,4415,sg0_s1_tvalid_without_tready
7537922.832,sg_clk,4416,sg0_s1_tvalid_without_tready
7539592.176,sg_clk,4417,sg0_s1_tvalid_without_tready
7542930.864,sg_clk,4419,sg0_s1_tvalid_without_tready
7544600.208,sg_clk,4420,sg0_s1_tvalid_without_tready
7546269.552,sg_clk,4421,sg0_s1_tvalid_without_tready
7547938.896,sg_clk,4422,sg0_s1_tvalid_without_tready
7549608.240,sg_clk,4423,sg0_s1_tvalid_without_tready
7551277.584,sg_clk,4424,sg0_s1_tvalid_without_tready
7552946.928,sg_clk,4425,sg0_s1_tvalid_without_tready
7554616.272,sg_clk,4426,sg0_s1_tvalid_without_tready
7556285.616,sg_clk,4427,sg0_s1_tvalid_without_tready
7557954.960,sg_clk,4428,sg0_s1_tvalid_without_tready
7559624.304,sg_clk,4429,sg0_s1_tvalid_without_tready
7562962.992,sg_clk,4431,sg0_s1_tvalid_without_tready
7564632.336,sg_clk,4432,sg0_s1_tvalid_without_tready
7566301.680,sg_clk,4433,sg0_s1_tvalid_without_tready
7567971.024,sg_clk,4434,sg0_s1_tvalid_without_tready
7569640.368,sg_clk,4435,sg0_s1_tvalid_without_tready
7571309.712,sg_clk,4436,sg0_s1_tvalid_without_tready
7572979.056,sg_clk,4437,sg0_s1_tvalid_without_tready
7574648.400,sg_clk,4438,sg0_s1_tvalid_without_tready
7576317.744,sg_clk,4439,sg0_s1_tvalid_without_tready
7577987.088,sg_clk,4440,sg0_s1_tvalid_without_tready
7579656.432,sg_clk,4441,sg0_s1_tvalid_without_tready
7582995.120,sg_clk,4443,sg0_s1_tvalid_without_tready
7584664.464,sg_clk,4444,sg0_s1_tvalid_without_tready
7586333.808,sg_clk,4445,sg0_s1_tvalid_without_tready
7588003.152,sg_clk,4446,sg0_s1_tvalid_without_tready
7589672.496,sg_clk,4447,sg0_s1_tvalid_without_tready
7591341.840,sg_clk,4448,sg0_s1_tvalid_without_tready
7593011.184,sg_clk,4449,sg0_s1_tvalid_without_tready
7594680.528,sg_clk,4450,sg0_s1_tvalid_without_tready
7596349.872,sg_clk,4451,sg0_s1_tvalid_without_tready
7598019.216,sg_clk,4452,sg0_s1_tvalid_without_tready
7599688.560,sg_clk,4453,sg0_s1_tvalid_without_tready
7603027.248,sg_clk,4455,sg0_s1_tvalid_without_tready
7604696.592,sg_clk,4456,sg0_s1_tvalid_without_tready
7606365.936,sg_clk,4457,sg0_s1_tvalid_without_tready
7608035.280,sg_clk,4458,sg0_s1_tvalid_without_tready
7609704.624,sg_clk,4459,sg0_s1_tvalid_without_tready
7611373.968,sg_clk,4460,sg0_s1_tvalid_without_tready
7613043.312,sg_clk,4461,sg0_s1_tvalid_without_tready
7614712.656,sg_clk,4462,sg0_s1_tvalid_without_tready
7616382.000,sg_clk,4463,sg0_s1_tvalid_without_tready
7618051.344,sg_clk,4464,sg0_s1_tvalid_without_tready
7619720.688,sg_clk,4465,sg0_s1_tvalid_without_tready
7623059.376,sg_clk,4467,sg0_s1_tvalid_without_tready
7624728.720,sg_clk,4468,sg0_s1_tvalid_without_tready
7626398.064,sg_clk,4469,sg0_s1_tvalid_without_tready
7628067.408,sg_clk,4470,sg0_s1_tvalid_without_tready
7629736.752,sg_clk,4471,sg0_s1_tvalid_without_tready
7631406.096,sg_clk,4472,sg0_s1_tvalid_without_tready
7633075.440,sg_clk,4473,sg0_s1_tvalid_without_tready
7634744.784,sg_clk,4474,sg0_s1_tvalid_without_tready
7636414.128,sg_clk,4475,sg0_s1_tvalid_without_tready
7638083.472,sg_clk,4476,sg0_s1_tvalid_without_tready
7639752.816,sg_clk,4477,sg0_s1_tvalid_without_tready
7643091.504,sg_clk,4479,sg0_s1_tvalid_without_tready
7644760.848,sg_clk,4480,sg0_s1_tvalid_without_tready
7646430.192,sg_clk,4481,sg0_s1_tvalid_without_tready
7647122.000,t_clk,3219,tproc_m0_stall
7648099.536,sg_clk,4482,sg0_s1_tvalid_without_tready
7649446.000,t_clk,3220,tproc_m0_stall
7649768.880,sg_clk,4483,sg0_s1_tvalid_without_tready
7651438.224,sg_clk,4484,sg0_s1_tvalid_without_tready
7651770.000,t_clk,3221,tproc_m0_stall
7653107.568,sg_clk,4485,sg0_s1_tvalid_without_tready
7654094.000,t_clk,3222,tproc_m0_stall
7654776.912,sg_clk,4486,sg0_s1_tvalid_without_tready
7656418.000,t_clk,3223,tproc_m0_stall
7656446.256,sg_clk,4487,sg0_s1_tvalid_without_tready
7658115.600,sg_clk,4488,sg0_s1_tvalid_without_tready
7658742.000,t_clk,3224,tproc_m0_stall
7659784.944,sg_clk,4489,sg0_s1_tvalid_without_tready
7661066.000,t_clk,3225,tproc_m0_stall
7663123.632,sg_clk,4491,sg0_s1_tvalid_without_tready
7663390.000,t_clk,3226,tproc_m0_stall
7664792.976,sg_clk,4492,sg0_s1_tvalid_without_tready
7665714.000,t_clk,3227,tproc_m0_stall
7666462.320,sg_clk,4493,sg0_s1_tvalid_without_tready
7668131.664,sg_clk,4494,sg0_s1_tvalid_without_tready
7669801.008,sg_clk,4495,sg0_s1_tvalid_without_tready
7670362.000,t_clk,3229,tproc_m0_stall
7671470.352,sg_clk,4496,sg0_s1_tvalid_without_tready
7672686.000,t_clk,3230,tproc_m0_stall
7673139.696,sg_clk,4497,sg0_s1_tvalid_without_tready
7674809.040,sg_clk,4498,sg0_s1_tvalid_without_tready
7675010.000,t_clk,3231,tproc_m0_stall
7676478.384,sg_clk,4499,sg0_s1_tvalid_without_tready
7677334.000,t_clk,3232,tproc_m0_stall
7678147.728,sg_clk,4500,sg0_s1_tvalid_without_tready
7679658.000,t_clk,3233,tproc_m0_stall
7679817.072,sg_clk,4501,sg0_s1_tvalid_without_tready
7681982.000,t_clk,3234,tproc_m0_stall
7683155.760,sg_clk,4503,sg0_s1_tvalid_without_tready
7684306.000,t_clk,3235,tproc_m0_stall
7684825.104,sg_clk,4504,sg0_s1_tvalid_without_tready
7686494.448,sg_clk,4505,sg0_s1_tvalid_without_tready
7688163.792,sg_clk,4506,sg0_s1_tvalid_without_tready
7688954.000,t_clk,3237,tproc_m0_stall
7689833.136,sg_clk,4507,sg0_s1_tvalid_without_tready
7691278.000,t_clk,3238,tproc_m0_stall
7691502.480,sg_clk,4508,sg0_s1_tvalid_without_tready
7693171.824,sg_clk,4509,sg0_s1_tvalid_without_tready
7693602.000,t_clk,3239,tproc_m0_stall
7694841.168,sg_clk,4510,sg0_s1_tvalid_without_tready
7695926.000,t_clk,3240,tproc_m0_stall
7696510.512,sg_clk,4511,sg0_s1_tvalid_without_tready
7698179.856,sg_clk,4512,sg0_s1_tvalid_without_tready
7698250.000,t_clk,3241,tproc_m0_stall
7699849.200,sg_clk,4513,sg0_s1_tvalid_without_tready
7700574.000,t_clk,3242,tproc_m0_stall
7702898.000,t_clk,3243,tproc_m0_stall
7703187.888,sg_clk,4515,sg0_s1_tvalid_without_tready
7704857.232,sg_clk,4516,sg0_s1_tvalid_without_tready
7705222.000,t_clk,3244,tproc_m0_stall
7706526.576,sg_clk,4517,sg0_s1_tvalid_without_tready
7708195.920,sg_clk,4518,sg0_s1_tvalid_without_tready
7709865.264,sg_clk,4519,sg0_s1_tvalid_without_tready
7709870.000,t_clk,3246,tproc_m0_stall
7711534.608,sg_clk,4520,sg0_s1_tvalid_without_tready
7712194.000,t_clk,3247,tproc_m0_stall
7713203.952,sg_clk,4521,sg0_s1_tvalid_without_tready
7714518.000,t_clk,3248,tproc_m0_stall
7714873.296,sg_clk,4522,sg0_s1_tvalid_without_tready
7716542.640,sg_clk,4523,sg0_s1_tvalid_without_tready
7716842.000,t_clk,3249,tproc_m0_stall
7718211.984,sg_clk,4524,sg0_s1_tvalid_without_tready
7719166.000,t_clk,3250,tproc_m0_stall
7719881.328,sg_clk,4525,sg0_s1_tvalid_without_tready
7721490.000,t_clk,3251,tproc_m0_stall
7723220.016,sg_clk,4527,sg0_s1_tvalid_without_tready
7723814.000,t_clk,3252,tproc_m0_stall
7724889.360,sg_clk,4528,sg0_s1_tvalid_without_tready
7726138.000,t_clk,3253,tproc_m0_stall
7726558.704,sg_clk,4529,sg0_s1_tvalid_without_tready
7728228.048,sg_clk,4530,sg0_s1_tvalid_without_tready
7729897.392,sg_clk,4531,sg0_s1_tvalid_without_tready
7730786.000,t_clk,3255,tproc_m0_stall
7731566.736,sg_clk,4532,sg0_s1_tvalid_without_tready
7733110.000,t_clk,3256,tproc_m0_stall
7733236.080,sg_clk,4533,sg0_s1_tvalid_without_tready
7734905.424,sg_clk,4534,sg0_s1_tvalid_without_tready
7735434.000,t_clk,3257,tproc_m0_stall
7736574.768,sg_clk,4535,sg0_s1_tvalid_without_tready
7737758.000,t_clk,3258,tproc_m0_stall
7738244.112,sg_clk,4536,sg0_s1_tvalid_without_tready
7739913.456,sg_clk,4537,sg0_s1_tvalid_without_tready
7740082.000,t_clk,3259,tproc_m0_stall
7742406.000,t_clk,3260,tproc_m0_stall
7743252.144,sg_clk,4539,sg0_s1_tvalid_without_tready
7744730.000,t_clk,3261,tproc_m0_stall
7744921.488,sg_clk,4540,sg0_s1_tvalid_without_tready
7746590.832,sg_clk,4541,sg0_s1_tvalid_without_tready
7748260.176,sg_clk,4542,sg0_s1_tvalid_without_tready
7749378.000,t_clk,3263,tproc_m0_stall
7749929.520,sg_clk,4543,sg0_s1_tvalid_without_tready
7751598.864,sg_clk,4544,sg0_s1_tvalid_without_tready
7751702.000,t_clk,3264,tproc_m0_stall
7753268.208,sg_clk,4545,sg0_s1_tvalid_without_tready
7754026.000,t_clk,3265,tproc_m0_stall
7754937.552,sg_clk,4546,sg0_s1_tvalid_without_tready
7756350.000,t_clk,3266,tproc_m0_stall
7756606.896,sg_clk,4547,sg0_s1_tvalid_without_tready
7758276.240,sg_clk,4548,sg0_s1_tvalid_without_tready
7758674.000,t_clk,3267,tproc_m0_stall
7759945.584,sg_clk,4549,sg0_s1_tvalid_without_tready
7760998.000,t_clk,3268,tproc_m0_stall
7763284.272,sg_clk,4551,sg0_s1_tvalid_without_tready
7763322.000,t_clk,3269,tproc_m0_stall
7764953.616,sg_clk,4552,sg0_s1_tvalid_without_tready
7765646.000,t_clk,3270,tproc_m0_stall
7766622.960,sg_clk,4553,sg0_s1_tvalid_without_tready
7768292.304,sg_clk,4554,sg0_s1_tvalid_without_tready
7769961.648,sg_clk,4555,sg0_s1_tvalid_without_tready
7770294.000,t_clk,3272,tproc_m0_stall
7771630.992,sg_clk,4556,sg0_s1_tvalid_without_tready
7772618.000,t_clk,3273,tproc_m0_stall
7773300.336,sg_clk,4557,sg0_s1_tvalid_without_tready
7774942.000,t_clk,3274,tproc_m0_stall
7774969.680,sg_clk,4558,sg0_s1_tvalid_without_tready
7776639.024,sg_clk,4559,sg0_s1_tvalid_without_tready
7777266.000,t_clk,3275,tproc_m0_stall
7778308.368,sg_clk,4560,sg0_s1_tvalid_without_tready
7779590.000,t_clk,3276,tproc_m0_stall
7779977.712,sg_clk,4561,sg0_s1_tvalid_without_tready
7781914.000,t_clk,3277,tproc_m0_stall
7783316.400,sg_clk,4563,sg0_s1_tvalid_without_tready
7784238.000,t_clk,3278,tproc_m0_stall
7784985.744,sg_clk,4564,sg0_s1_tvalid_without_tready
7786655.088,sg_clk,4565,sg0_s1_tvalid_without_tready
7788324.432,sg_clk,4566,sg0_s1_tvalid_without_tready
7788886.000,t_clk,3280,tproc_m0_stall
7789993.776,sg_clk,4567,sg0_s1_tvalid_without_tready
7791210.000,t_clk,3281,tproc_m0_stall
7791663.120,sg_clk,4568,sg0_s1_tvalid_without_tready
7793332.464,sg_clk,4569,sg0_s1_tvalid_without_tready
7793534.000,t_clk,3282,tproc_m0_stall
7795001.808,sg_clk,4570,sg0_s1_tvalid_without_tready
7795858.000,t_clk,3283,tproc_m0_stall
7796671.152,sg_clk,4571,sg0_s1_tvalid_without_tready
7798182.000,t_clk,3284,tproc_m0_stall
7798340.496,sg_clk,4572,sg0_s1_tvalid_without_tready
7800009.840,sg_clk,4573,sg0_s1_tvalid_without_tready
7800506.000,t_clk,3285,tproc_m0_stall
7802830.000,t_clk,3286,tproc_m0_stall
7803348.528,sg_clk,4575,sg0_s1_tvalid_without_tready
7805017.872,sg_clk,4576,sg0_s1_tvalid_without_tready
7805154.000,t_clk,3287,tproc_m0_stall
7806687.216,sg_clk,4577,sg0_s1_tvalid_without_tready
7808356.560,sg_clk,4578,sg0_s1_tvalid_without_tready
7809802.000,t_clk,3289,tproc_m0_stall
7810025.904,sg_clk,4579,sg0_s1_tvalid_without_tready
7811695.248,sg_clk,4580,sg0_s1_tvalid_without_tready
7812126.000,t_clk,3290,tproc_m0_stall
7813364.592,sg_clk,4581,sg0_s1_tvalid_without_tready
7814450.000,t_clk,3291,tproc_m0_stall
7815033.936,sg_clk,4582,sg0_s1_tvalid_without_tready
7816703.280,sg_clk,4583,sg0_s1_tvalid_without_tready
7816774.000,t_clk,3292,tproc_m0_stall
7818372.624,sg_clk,4584,sg0_s1_tvalid_without_tready
7819098.000,t_clk,3293,tproc_m0_stall
7820041.968,sg_clk,4585,sg0_s1_tvalid_without_tready
7821422.000,t_clk,3294,tproc_m0_stall
7823380.656,sg_clk,4587,sg0_s1_tvalid_without_tready
7823746.000,t_clk,3295,tproc_m0_stall
7825050.000,sg_clk,4588,sg0_s1_tvalid_without_tready
7826070.000,t_clk,3296,tproc_m0_stall
7826719.344,sg_clk,4589,sg0_s1_tvalid_without_tready
7828388.688,sg_clk,4590,sg0_s1_tvalid_without_tready
7830058.032,sg_clk,4591,sg0_s1_tvalid_without_tready
7830718.000,t_clk,3298,tproc_m0_stall
7831727.376,sg_clk,4592,sg0_s1_tvalid_without_tready
7833042.000,t_clk,3299,tproc_m0_stall
7833396.720,sg_clk,4593,sg0_s1_tvalid_without_tready
7835066.064,sg_clk,4594,sg0_s1_tvalid_without_tready
7835366.000,t_clk,3300,tproc_m0_stall
7836735.408,sg_clk,4595,sg0_s1_tvalid_without_tready
7837690.000,t_clk,3301,tproc_m0_stall
7838404.752,sg_clk,4596,sg0_s1_tvalid_without_tready
7840014.000,t_clk,3302,tproc_m0_stall
7840074.096,sg_clk,4597,sg0_s1_tvalid_without_tready
7842338.000,t_clk,3303,tproc_m0_stall
7843412.784,sg_clk,4599,sg0_s1_tvalid_without_tready
7844662.000,t_clk,3304,tproc_m0_stall
7845082.128,sg_clk,4600,sg0_s1_tvalid_without_tready
7846751.472,sg_clk,4601,sg0_s1_tvalid_without_tready
7848420.816,sg_clk,4602,sg0_s1_tvalid_without_tready
7849310.000,t_clk,3306,tproc_m0_stall
7850090.160,sg_clk,4603,sg0_s1_tvalid_without_tready
7851634.000,t_clk,3307,tproc_m0_stall
7851759.504,sg_clk,4604,sg0_s1_tvalid_without_tready
7853428.848,sg_clk,4605,sg0_s1_tvalid_without_tready
7853958.000,t_clk,3308,tproc_m0_stall
7855098.192,sg_clk,4606,sg0_s1_tvalid_without_tready
7856282.000,t_clk,3309,tproc_m0_stall
7856767.536,sg_clk,4607,sg0_s1_tvalid_without_tready
7858436.880,sg_clk,4608,sg0_s1_tvalid_without_tready
7858606.000,t_clk,3310,tproc_m0_stall
7860106.224,sg_clk,4609,sg0_s1_tvalid_without_tready
7860930.000,t_clk,3311,tproc_m0_stall
7863254.000,t_clk,3312,tproc_m0_stall
7863444.912,sg_clk,4611,sg0_s1_tvalid_without_tready
7865114.256,sg_clk,4612,sg0_s1_tvalid_without_tready
7865578.000,t_clk,3313,tproc_m0_stall
7866783.600,sg_clk,4613,sg0_s1_tvalid_without_tready
7868452.944,sg_clk,4614,sg0_s1_tvalid_without_tready
7870122.288,sg_clk,4615,sg0_s1_tvalid_without_tready
7870226.000,t_clk,3315,tproc_m0_stall
7871791.632,sg_clk,4616,sg0_s1_tvalid_without_tready
7872550.000,t_clk,3316,tproc_m0_stall
7873460.976,sg_clk,4617,sg0_s1_tvalid_without_tready
7874874.000,t_clk,3317,tproc_m0_stall
7875130.320,sg_clk,4618,sg0_s1_tvalid_without_tready
7876799.664,sg_clk,4619,sg0_s1_tvalid_without_tready
7877198.000,t_clk,3318,tproc_m0_stall
7878469.008,sg_clk,4620,sg0_s1_tvalid_without_tready
7879522.000,t_clk,3319,tproc_m0_stall
7880138.352,sg_clk,4621,sg0_s1_tvalid_without_tready
7881846.000,t_clk,3320,tproc_m0_stall
7883477.040,sg_clk,4623,sg0_s1_tvalid_without_tready
7884170.000,t_clk,3321,tproc_m0_stall
7885146.384,sg_clk,4624,sg0_s1_tvalid_without_tready
7886815.728,sg_clk,4625,sg0_s1_tvalid_without_tready
7888485.072,sg_clk,4626,sg0_s1_tvalid_without_tready
7888818.000,t_clk,3323,tproc_m0_stall
7890154.416,sg_clk,4627,sg0_s1_tvalid_without_tready
7891142.000,t_clk,3324,tproc_m0_stall
7891823.760,sg_clk,4628,sg0_s1_tvalid_without_tready
7893466.000,t_clk,3325,tproc_m0_stall
7893493.104,sg_clk,4629,sg0_s1_tvalid_without_tready
7895162.448,sg_clk,4630,sg0_s1_tvalid_without_tready
7895790.000,t_clk,3326,tproc_m0_stall
7896831.792,sg_clk,4631,sg0_s1_tvalid_without_tready
7898114.000,t_clk,3327,tproc_m0_stall
7898501.136,sg_clk,4632,sg0_s1_tvalid_without_tready
7900170.480,sg_clk,4633,sg0_s1_tvalid_without_tready
7900438.000,t_clk,3328,tproc_m0_stall
7902762.000,t_clk,3329,tproc_m0_stall
7903509.168,sg_clk,4635,sg0_s1_tvalid_without_tready
7905086.000,t_clk,3330,tproc_m0_stall
7905178.512,sg_clk,4636,sg0_s1_tvalid_without_tready
7906847.856,sg_clk,4637,sg0_s1_tvalid_without_tready
7908517.200,sg_clk,4638,sg0_s1_tvalid_without_tready
7909734.000,t_clk,3332,tproc_m0_stall
7910186.544,sg_clk,4639,sg0_s1_tvalid_without_tready
7911855.888,sg_clk,4640,sg0_s1_tvalid_without_tready
7912058.000,t_clk,3333,tproc_m0_stall
7913525.232,sg_clk,4641,sg0_s1_tvalid_without_tready
7914382.000,t_clk,3334,tproc_m0_stall
7915194.576,sg_clk,4642,sg0_s1_tvalid_without_tready
7916706.000,t_clk,3335,tproc_m0_stall
7916863.920,sg_clk,4643,sg0_s1_tvalid_without_tready
7918533.264,sg_clk,4644,sg0_s1_tvalid_without_tready
7919030.000,t_clk,3336,tproc_m0_stall
7920202.608,sg_clk,4645,sg0_s1_tvalid_without_tready
7921354.000,t_clk,3337,tproc_m0_stall
7923541.296,sg_clk,4647,sg0_s1_tvalid_without_tready
7923678.000,t_clk,3338,tproc_m0_stall
7925210.640,sg_clk,4648,sg0_s1_tvalid_without_tready
7926002.000,t_clk,3339,tproc_m0_stall
7926879.984,sg_clk,4649,sg0_s1_tvalid_without_tready
7928549.328,sg_clk,4650,sg0_s1_tvalid_without_tready
7930218.672,sg_clk,4651,sg0_s1_tvalid_without_tready
7930650.000,t_clk,3341,tproc_m0_stall
7931888.016,sg_clk,4652,sg0_s1_tvalid_without_tready
7932974.000,t_clk,3342,tproc_m0_stall
7933557.360,sg_clk,4653,sg0_s1_tvalid_without_tready
7935226.704,sg_clk,4654,sg0_s1_tvalid_without_tready
7935298.000,t_clk,3343,tproc_m0_stall
7936896.048,sg_clk,4655,sg0_s1_tvalid_without_tready
7937622.000,t_clk,3344,tproc_m0_stall
7938565.392,sg_clk,4656,sg0_s1_tvalid_without_tready
7939946.000,t_clk,3345,tproc_m0_stall
7940234.736,sg_clk,4657,sg0_s1_tvalid_without_tready
7942270.000,t_clk,3346,tproc_m0_stall
7943573.424,sg_clk,4659,sg0_s1_tvalid_without_tready
7944594.000,t_clk,3347,tproc_m0_stall
7945242.768,sg_clk,4660,sg0_s1_tvalid_without_tready
7946912.112,sg_clk,4661,sg0_s1_tvalid_without_tready
7948581.456,sg_clk,4662,sg0_s1_tvalid_without_tready
7950250.800,sg_clk,4663,sg0_s1_tvalid_without_tready
7951920.144,sg_clk,4664,sg0_s1_tvalid_without_tready
7953589.488,sg_clk,4665,sg0_s1_tvalid_without_tready
7955258.832,sg_clk,4666,sg0_s1_tvalid_without_tready
7956928.176,sg_clk,4667,sg0_s1_tvalid_without_tready
7958597.520,sg_clk,4668,sg0_s1_tvalid_without_tready
7960266.864,sg_clk,4669,sg0_s1_tvalid_without_tready
7963605.552,sg_clk,4671,sg0_s1_tvalid_without_tready
7965274.896,sg_clk,4672,sg0_s1_tvalid_without_tready
7966944.240,sg_clk,4673,sg0_s1_tvalid_without_tready
7968613.584,sg_clk,4674,sg0_s1_tvalid_without_tready
7970282.928,sg_clk,4675,sg0_s1_tvalid_without_tready
7971952.272,sg_clk,4676,sg0_s1_tvalid_without_tready
7973621.616,sg_clk,4677,sg0_s1_tvalid_without_tready
7975290.960,sg_clk,4678,sg0_s1_tvalid_without_tready
7976960.304,sg_clk,4679,sg0_s1_tvalid_without_tready
7978629.648,sg_clk,4680,sg0_s1_tvalid_without_tready
7980298.992,sg_clk,4681,sg0_s1_tvalid_without_tready
7983637.680,sg_clk,4683,sg0_s1_tvalid_without_tready
7985307.024,sg_clk,4684,sg0_s1_tvalid_without_tready
7986976.368,sg_clk,4685,sg0_s1_tvalid_without_tready
7988645.712,sg_clk,4686,sg0_s1_tvalid_without_tready
7990315.056,sg_clk,4687,sg0_s1_tvalid_without_tready
7991984.400,sg_clk,4688,sg0_s1_tvalid_without_tready
7993653.744,sg_clk,4689,sg0_s1_tvalid_without_tready
8013685.872,sg_clk,4701,sg0_s1_tvalid_without_tready
8015355.216,sg_clk,4702,sg0_s1_tvalid_without_tready
8017024.560,sg_clk,4703,sg0_s1_tvalid_without_tready
8018693.904,sg_clk,4704,sg0_s1_tvalid_without_tready
8020363.248,sg_clk,4705,sg0_s1_tvalid_without_tready
8023701.936,sg_clk,4707,sg0_s1_tvalid_without_tready
8025371.280,sg_clk,4708,sg0_s1_tvalid_without_tready
8027040.624,sg_clk,4709,sg0_s1_tvalid_without_tready
8028709.968,sg_clk,4710,sg0_s1_tvalid_without_tready
8030379.312,sg_clk,4711,sg0_s1_tvalid_without_tready
8032048.656,sg_clk,4712,sg0_s1_tvalid_without_tready
8033718.000,sg_clk,4713,sg0_s1_tvalid_without_tready
8035387.344,sg_clk,4714,sg0_s1_tvalid_without_tready
8037056.688,sg_clk,4715,sg0_s1_tvalid_without_tready
8038726.032,sg_clk,4716,sg0_s1_tvalid_without_tready
8040395.376,sg_clk,4717,sg0_s1_tvalid_without_tready
8043734.064,sg_clk,4719,sg0_s1_tvalid_without_tready
8045403.408,sg_clk,4720,sg0_s1_tvalid_without_tready
8047072.752,sg_clk,4721,sg0_s1_tvalid_without_tready
8048742.096,sg_clk,4722,sg0_s1_tvalid_without_tready
8050411.440,sg_clk,4723,sg0_s1_tvalid_without_tready
8052080.784,sg_clk,4724,sg0_s1_tvalid_without_tready
8053750.128,sg_clk,4725,sg0_s1_tvalid_without_tready
8055419.472,sg_clk,4726,sg0_s1_tvalid_without_tready
8057088.816,sg_clk,4727,sg0_s1_tvalid_without_tready
8058758.160,sg_clk,4728,sg0_s1_tvalid_without_tready
8060427.504,sg_clk,4729,sg0_s1_tvalid_without_tready
8063766.192,sg_clk,4731,sg0_s1_tvalid_without_tready
8065435.536,sg_clk,4732,sg0_s1_tvalid_without_tready
8067104.880,sg_clk,4733,sg0_s1_tvalid_without_tready
8068774.224,sg_clk,4734,sg0_s1_tvalid_without_tready
8070443.568,sg_clk,4735,sg0_s1_tvalid_without_tready
8072112.912,sg_clk,4736,sg0_s1_tvalid_without_tready
8073782.256,sg_clk,4737,sg0_s1_tvalid_without_tready
8075451.600,sg_clk,4738,sg0_s1_tvalid_without_tready
8077120.944,sg_clk,4739,sg0_s1_tvalid_without_tready
8078790.288,sg_clk,4740,sg0_s1_tvalid_without_tready
8080459.632,sg_clk,4741,sg0_s1_tvalid_without_tready
8083798.320,sg_clk,4743,sg0_s1_tvalid_without_tready
8085467.664,sg_clk,4744,sg0_s1_tvalid_without_tready
8087137.008,sg_clk,4745,sg0_s1_tvalid_without_tready
8088806.352,sg_clk,4746,sg0_s1_tvalid_without_tready
8090475.696,sg_clk,4747,sg0_s1_tvalid_without_tready
8092145.040,sg_clk,4748,sg0_s1_tvalid_without_tready
8093814.384,sg_clk,4749,sg0_s1_tvalid_without_tready
8095483.728,sg_clk,4750,sg0_s1_tvalid_without_tready
8097153.072,sg_clk,4751,sg0_s1_tvalid_without_tready
8098822.416,sg_clk,4752,sg0_s1_tvalid_without_tready
8100491.760,sg_clk,4753,sg0_s1_tvalid_without_tready
8103830.448,sg_clk,4755,sg0_s1_tvalid_without_tready
8105499.792,sg_clk,4756,sg0_s1_tvalid_without_tready
8107169.136,sg_clk,4757,sg0_s1_tvalid_without_tready
8108838.480,sg_clk,4758,sg0_s1_tvalid_without_tready
8110507.824,sg_clk,4759,sg0_s1_tvalid_without_tready
8112177.168,sg_clk,4760,sg0_s1_tvalid_without_tready
8113846.512,sg_clk,4761,sg0_s1_tvalid_without_tready
8115515.856,sg_clk,4762,sg0_s1_tvalid_without_tready
8117185.200,sg_clk,4763,sg0_s1_tvalid_without_tready
8118854.544,sg_clk,4764,sg0_s1_tvalid_without_tready
8120523.888,sg_clk,4765,sg0_s1_tvalid_without_tready
8123862.576,sg_clk,4767,sg0_s1_tvalid_without_tready
8125531.920,sg_clk,4768,sg0_s1_tvalid_without_tready
8127201.264,sg_clk,4769,sg0_s1_tvalid_without_tready
8128870.608,sg_clk,4770,sg0_s1_tvalid_without_tready
8130539.952,sg_clk,4771,sg0_s1_tvalid_without_tready
8132209.296,sg_clk,4772,sg0_s1_tvalid_without_tready
8133878.640,sg_clk,4773,sg0_s1_tvalid_without_tready
8135547.984,sg_clk,4774,sg0_s1_tvalid_without_tready
8137217.328,sg_clk,4775,sg0_s1_tvalid_without_tready
8138886.672,sg_clk,4776,sg0_s1_tvalid_without_tready
8140556.016,sg_clk,4777,sg0_s1_tvalid_without_tready
8143894.704,sg_clk,4779,sg0_s1_tvalid_without_tready
8145564.048,sg_clk,4780,sg0_s1_tvalid_without_tready
8147233.392,sg_clk,4781,sg0_s1_tvalid_without_tready
8148902.736,sg_clk,4782,sg0_s1_tvalid_without_tready
8150572.080,sg_clk,4783,sg0_s1_tvalid_without_tready
8152241.424,sg_clk,4784,sg0_s1_tvalid_without_tready
8153910.768,sg_clk,4785,sg0_s1_tvalid_without_tready
8155580.112,sg_clk,4786,sg0_s1_tvalid_without_tready
8157249.456,sg_clk,4787,sg0_s1_tvalid_without_tready
8158918.800,sg_clk,4788,sg0_s1_tvalid_without_tready
8160588.144,sg_clk,4789,sg0_s1_tvalid_without_tready
8163926.832,sg_clk,4791,sg0_s1_tvalid_without_tready
8165596.176,sg_clk,4792,sg0_s1_tvalid_without_tready
8167265.520,sg_clk,4793,sg0_s1_tvalid_without_tready
8168934.864,sg_clk,4794,sg0_s1_tvalid_without_tready
8170604.208,sg_clk,4795,sg0_s1_tvalid_without_tready
8172273.552,sg_clk,4796,sg0_s1_tvalid_without_tready
8173942.896,sg_clk,4797,sg0_s1_tvalid_without_tready
8175612.240,sg_clk,4798,sg0_s1_tvalid_without_tready
8177281.584,sg_clk,4799,sg0_s1_tvalid_without_tready
8178950.928,sg_clk,4800,sg0_s1_tvalid_without_tready
8180620.272,sg_clk,4801,sg0_s1_tvalid_without_tready
8183958.960,sg_clk,4803,sg0_s1_tvalid_without_tready
8185628.304,sg_clk,4804,sg0_s1_tvalid_without_tready
8187297.648,sg_clk,4805,sg0_s1_tvalid_without_tready
8188966.992,sg_clk,4806,sg0_s1_tvalid_without_tready
8190636.336,sg_clk,4807,sg0_s1_tvalid_without_tready
8192305.680,sg_clk,4808,sg0_s1_tvalid_without_tready
8193975.024,sg_clk,4809,sg0_s1_tvalid_without_tready
8195644.368,sg_clk,4810,sg0_s1_tvalid_without_tready
8197313.712,sg_clk,4811,sg0_s1_tvalid_without_tready
8198983.056,sg_clk,4812,sg0_s1_tvalid_without_tready
8200652.400,sg_clk,4813,sg0_s1_tvalid_without_tready
8203991.088,sg_clk,4815,sg0_s1_tvalid_without_tready
8205660.432,sg_clk,4816,sg0_s1_tvalid_without_tready
8207329.776,sg_clk,4817,sg0_s1_tvalid_without_tready
8208999.120,sg_clk,4818,sg0_s1_tvalid_without_tready
8210668.464,sg_clk,4819,sg0_s1_tvalid_without_tready
8212337.808,sg_clk,4820,sg0_s1_tvalid_without_tready
8214007.152,sg_clk,4821,sg0_s1_tvalid_without_tready
8215676.496,sg_clk,4822,sg0_s1_tvalid_without_tready
8217345.840,sg_clk,4823,sg0_s1_tvalid_without_tready
8219015.184,sg_clk,4824,sg0_s1_tvalid_without_tready
8220684.528,sg_clk,4825,sg0_s1_tvalid_without_tready
8224023.216,sg_clk,4827,sg0_s1_tvalid_without_tready
8225692.560,sg_clk,4828,sg0_s1_tvalid_without_tready
8227361.904,sg_clk,4829,sg0_s1_tvalid_without_tready
8229031.248,sg_clk,4830,sg0_s1_tvalid_without_tready
8230700.592,sg_clk,4831,sg0_s1_tvalid_without_tready
8232369.936,sg_clk,4832,sg0_s1_tvalid_without_tready
8234039.280,sg_clk,4833,sg0_s1_tvalid_without_tready
8235708.624,sg_clk,4834,sg0_s1_tvalid_without_tready
8237377.968,sg_clk,4835,sg0_s1_tvalid_without_tready
8239047.312,sg_clk,4836,sg0_s1_tvalid_without_tready
8240716.656,sg_clk,4837,sg0_s1_tvalid_without_tready
8244055.344,sg_clk,4839,sg0_s1_tvalid_without_tready
8245724.688,sg_clk,4840,sg0_s1_tvalid_without_tready
8247394.032,sg_clk,4841,sg0_s1_tvalid_without_tready
8249063.376,sg_clk,4842,sg0_s1_tvalid_without_tready
8250732.720,sg_clk,4843,sg0_s1_tvalid_without_tready
8252402.064,sg_clk,4844,sg0_s1_tvalid_without_tready
8254071.408,sg_clk,4845,sg0_s1_tvalid_without_tready
8255740.752,sg_clk,4846,sg0_s1_tvalid_without_tready
8257410.096,sg_clk,4847,sg0_s1_tvalid_without_tready
8259079.440,sg_clk,4848,sg0_s1_tvalid_without_tready
8260748.784,sg_clk,4849,sg0_s1_tvalid_without_tready
8264087.472,sg_clk,4851,sg0_s1_tvalid_without_tready
8265756.816,sg_clk,4852,sg0_s1_tvalid_without_tready
8267426.160,sg_clk,4853,sg0_s1_tvalid_without_tready
8269095.504,sg_clk,4854,sg0_s1_tvalid_without_tready
8270764.848,sg_clk,4855,sg0_s1_tvalid_without_tready
8272434.192,sg_clk,4856,sg0_s1_tvalid_without_tready
8274103.536,sg_clk,4857,sg0_s1_tvalid_without_tready
8275772.880,sg_clk,4858,sg0_s1_tvalid_without_tready
8277442.224,sg_clk,4859,sg0_s1_tvalid_without_tready
8279111.568,sg_clk,4860,sg0_s1_tvalid_without_tready
8280780.912,sg_clk,4861,sg0_s1_tvalid_without_tready
8284119.600,sg_clk,4863,sg0_s1_tvalid_without_tready
8285788.944,sg_clk,4864,sg0_s1_tvalid_without_tready
8287458.288,sg_clk,4865,sg0_s1_tvalid_without_tready
8288546.000,t_clk,3495,tproc_m0_stall
8289127.632,sg_clk,4866,sg0_s1_tvalid_without_tready
8290796.976,sg_clk,4867,sg0_s1_tvalid_without_tready
8290870.000,t_clk,3496,tproc_m0_stall
8292466.320,sg_clk,4868,sg0_s1_tvalid_without_tready
8293194.000,t_clk,3497,tproc_m0_stall
8294135.664,sg_clk,4869,sg0_s1_tvalid_without_tready
8295518.000,t_clk,3498,tproc_m0_stall
8295805.008,sg_clk,4870,sg0_s1_tvalid_without_tready
8297474.352,sg_clk,4871,sg0_s1_tvalid_without_tready
8297842.000,t_clk,3499,tproc_m0_stall
8299143.696,sg_clk,4872,sg0_s1_tvalid_without_tready
8300166.000,t_clk,3500,tproc_m0_stall
8300813.040,sg_clk,4873,sg0_s1_tvalid_without_tready
8302490.000,t_clk,3501,tproc_m0_stall
8304151.728,sg_clk,4875,sg0_s1_tvalid_without_tready
8304814.000,t_clk,3502,tproc_m0_stall
8305821.072,sg_clk,4876,sg0_s1_tvalid_without_tready
8307490.416,sg_clk,4877,sg0_s1_tvalid_without_tready
8309159.760,sg_clk,4878,sg0_s1_tvalid_without_tready
8309462.000,t_clk,3504,tproc_m0_stall
8310829.104,sg_clk,4879,sg0_s1_tvalid_without_tready
8311786.000,t_clk,3505,tproc_m0_stall
8312498.448,sg_clk,4880,sg0_s1_tvalid_without_tready
8314110.000,t_clk,3506,tproc_m0_stall
8314167.792,sg_clk,4881,sg0_s1_tvalid_without_tready
8315837.136,sg_clk,4882,sg0_s1_tvalid_without_tready
8316434.000,t_clk,3507,tproc_m0_stall
8317506.480,sg_clk,4883,sg0_s1_tvalid_without_tready
8318758.000,t_clk,3508,tproc_m0_stall
8319175.824,sg_clk,4884,sg0_s1_tvalid_without_tready
8320845.168,sg_clk,4885,sg0_s1_tvalid_without_tready
8321082.000,t_clk,3509,tproc_m0_stall
8323406.000,t_clk,3510,tproc_m0_stall
8324183.856,sg_clk,4887,sg0_s1_tvalid_without_tready
8325730.000,t_clk,3511,tproc_m0_stall
8325853.200,sg_clk,4888,sg0_s1_tvalid_without_tready
8327522.544,sg_clk,4889,sg0_s1_tvalid_without_tready
8329191.888,sg_clk,4890,sg0_s1_tvalid_without_tready
8330378.000,t_clk,3513,tproc_m0_stall
8330861.232,sg_clk,4891,sg0_s1_tvalid_without_tready
8332530.576,sg_clk,4892,sg0_s1_tvalid_without_tready
8332702.000,t_clk,3514,tproc_m0_stall
8334199.920,sg_clk,4893,sg0_s1_tvalid_without_tready
8335026.000,t_clk,3515,tproc_m0_stall
8335869.264,sg_clk,4894,sg0_s1_tvalid_without_tready
8337350.000,t_clk,3516,tproc_m0_stall
8337538.608,sg_clk,4895,sg0_s1_tvalid_without_tready
8339207.952,sg_clk,4896,sg0_s1_tvalid_without_tready
8339674.000,t_clk,3517,tproc_m0_stall
8340877.296,sg_clk,4897,sg0_s1_tvalid_without_tready
8341998.000,t_clk,3518,tproc_m0_stall
8344215.984,sg_clk,4899,sg0_s1_tvalid_without_tready
8344322.000,t_clk,3519,tproc_m0_stall
8345885.328,sg_clk,4900,sg0_s1_tvalid_without_tready
8346646.000,t_clk,3520,tproc_m0_stall
8347554.672,sg_clk,4901,sg0_s1_tvalid_without_tready
8349224.016,sg_clk,4902,sg0_s1_tvalid_without_tready
8350893.360,sg_clk,4903,sg0_s1_tvalid_without_tready
8351294.000,t_clk,3522,tproc_m0_stall
8352562.704,sg_clk,4904,sg0_s1_tvalid_without_tready
8353618.000,t_clk,3523,tproc_m0_stall
8354232.048,sg_clk,4905,sg0_s1_tvalid_without_tready
8355901.392,sg_clk,4906,sg0_s1_tvalid_without_tready
8355942.000,t_clk,3524,tproc_m0_stall
8357570.736,sg_clk,4907,sg0_s1_tvalid_without_tready
8358266.000,t_clk,3525,tproc_m0_stall
8359240.080,sg_clk,4908,sg0_s1_tvalid_without_tready
8360590.000,t_clk,3526,tproc_m0_stall
8360909.424,sg_clk,4909,sg0_s1_tvalid_without_tready
8362914.000,t_clk,3527,tproc_m0_stall
8364248.112,sg_clk,4911,sg0_s1_tvalid_without_tready
8365238.000,t_clk,3528,tproc_m0_stall
8365917.456,sg_clk,4912,sg0_s1_tvalid_without_tready
8367586.800,sg_clk,4913,sg0_s1_tvalid_without_tready
8369256.144,sg_clk,4914,sg0_s1_tvalid_without_tready
8369886.000,t_clk,3530,tproc_m0_stall
8370925.488,sg_clk,4915,sg0_s1_tvalid_without_tready
8372210.000,t_clk,3531,tproc_m0_stall
8372594.832,sg_clk,4916,sg0_s1_tvalid_without_tready
8374264.176,sg_clk,4917,sg0_s1_tvalid_without_tready
8374534.000,t_clk,3532,tproc_m0_stall
8375933.520,sg_clk,4918,sg0_s1_tvalid_without_tready
8376858.000,t_clk,3533,tproc_m0_stall
8377602.864,sg_clk,4919,sg0_s1_tvalid_without_tready
8379182.000,t_clk,3534,tproc_m0_stall
8379272.208,sg_clk,4920,sg0_s1_tvalid_without_tready
8380941.552,sg_clk,4921,sg0_s1_tvalid_without_tready
8381506.000,t_clk,3535,tproc_m0_stall
8383830.000,t_clk,3536,tproc_m0_stall
8384280.240,sg_clk,4923,sg0_s1_tvalid_without_tready
8385949.584,sg_clk,4924,sg0_s1_tvalid_without_tready
8386154.000,t_clk,3537,tproc_m0_stall
8387618.928,sg_clk,4925,sg0_s1_tvalid_without_tready
8389288.272,sg_clk,4926,sg0_s1_tvalid_without_tready
8390802.000,t_clk,3539,tproc_m0_stall
8390957.616,sg_clk,4927,sg0_s1_tvalid_without_tready
8392626.960,sg_clk,4928,sg0_s1_tvalid_without_tready
8393126.000,t_clk,3540,tproc_m0_stall
8394296.304,sg_clk,4929,sg0_s1_tvalid_without_tready
8395450.000,t_clk,3541,tproc_m0_stall
8395965.648,sg_clk,4930,sg0_s1_tvalid_without_tready
8397634.992,sg_clk,4931,sg0_s1_tvalid_without_tready
8397774.000,t_clk,3542,tproc_m0_stall
8399304.336,sg_clk,4932,sg0_s1_tvalid_without_tready
8400098.000,t_clk,3543,tproc_m0_stall
8400973.680,sg_clk,4933,sg0_s1_tvalid_without_tready
8402422.000,t_clk,3544,tproc_m0_stall
8404312.368,sg_clk,4935,sg0_s1_tvalid_without_tready
8404746.000,t_clk,3545,tproc_m0_stall
8405981.712,sg_clk,4936,sg0_s1_tvalid_without_tready
8407070.000,t_clk,3546,tproc_m0_stall
8407651.056,sg_clk,4937,sg0_s1_tvalid_without_tready
8409320.400,sg_clk,4938,sg0_s1_tvalid_without_tready
8410989.744,sg_clk,4939,sg0_s1_tvalid_without_tready
8411718.000,t_clk,3548,tproc_m0_stall
8412659.088,sg_clk,4940,sg0_s1_tvalid_without_tready
8414042.000,t_clk,3549,tproc_m0_stall
8414328.432,sg_clk,4941,sg0_s1_tvalid_without_tready
8415997.776,sg_clk,4942,sg0_s1_tvalid_without_tready
8416366.000,t_clk,3550,tproc_m0_stall
8417667.120,sg_clk,4943,sg0_s1_tvalid_without_tready
8418690.000,t_clk,3551,tproc_m0_stall
8419336.464,sg_clk,4944,sg0_s1_tvalid_without_tready
8421005.808,sg_clk,4945,sg0_s1_tvalid_without_tready
8421014.000,t_clk,3552,tproc_m0_stall
8423338.000,t_clk,3553,tproc_m0_stall
8424344.496,sg_clk,4947,sg0_s1_tvalid_without_tready
8425662.000,t_clk,3554,tproc_m0_stall
8426013.840,sg_clk,4948,sg0_s1_tvalid_without_tready
8427683.184,sg_clk,4949,sg0_s1_tvalid_without_tready
8429352.528,sg_clk,4950,sg0_s1_tvalid_without_tready
8430310.000,t_clk,3556,tproc_m0_stall
8431021.872,sg_clk,4951,sg0_s1_tvalid_without_tready
8432634.000,t_clk,3557,tproc_m0_stall
8432691.216,sg_clk,4952,sg0_s1_tvalid_without_tready
8434360.560,sg_clk,4953,sg0_s1_tvalid_without_tready
8434958.000,t_clk,3558,tproc_m0_stall
8436029.904,sg_clk,4954,sg0_s1_tvalid_without_tready
8437282.000,t_clk,3559,tproc_m0_stall
8437699.248,sg_clk,4955,sg0_s1_tvalid_without_tready
8439368.592,sg_clk,4956,sg0_s1_tvalid_without_tready
8439606.000,t_clk,3560,tproc_m0_stall
8441037.936,sg_clk,4957,sg0_s1_tvalid_without_tready
8441930.000,t_clk,3561,tproc_m0_stall
8444254.000,t_clk,3562,tproc_m0_stall
8444376.624,sg_clk,4959,sg0_s1_tvalid_without_tready
8446045.968,sg_clk,4960,sg0_s1_tvalid_without_tready
8446578.000,t_clk,3563,tproc_m0_stall
8447715.312,sg_clk,4961,sg0_s1_tvalid_without_tready
8449384.656,sg_clk,4962,sg0_s1_tvalid_without_tready
8451054.000,sg_clk,4963,sg0_s1_tvalid_without_tready
8451226.000,t_clk,3565,tproc_m0_stall
8452723.344,sg_clk,4964,sg0_s1_tvalid_without_tready
8453550.000,t_clk,3566,tproc_m0_stall
8454392.688,sg_clk,4965,sg0_s1_tvalid_without_tready
8455874.000,t_clk,3567,tproc_m0_stall
8456062.032,sg_clk,4966,sg0_s1_tvalid_without_tready
8457731.376,sg_clk,4967,sg0_s1_tvalid_without_tready
8458198.000,t_clk,3568,tproc_m0_stall
8459400.720,sg_clk,4968,sg0_s1_tvalid_without_tready
8460522.000,t_clk,3569,tproc_m0_stall
8461070.064,sg_clk,4969,sg0_s1_tvalid_without_tready
8462846.000,t_clk,3570,tproc_m0_stall
8464408.752,sg_clk,4971,sg0_s1_tvalid_without_tready
8465170.000,t_clk,3571,tproc_m0_stall
8466078.096,sg_clk,4972,sg0_s1_tvalid_without_tready
8467747.440,sg_clk,4973,sg0_s1_tvalid_without_tready
8469416.784,sg_clk,4974,sg0_s1_tvalid_without_tready
8469818.000,t_clk,3573,tproc_m0_stall
8471086.128,sg_clk,4975,sg0_s1_tvalid_without_tready
8472142.000,t_clk,3574,tproc_m0_stall
8472755.472,sg_clk,4976,sg0_s1_tvalid_without_tready
8474424.816,sg_clk,4977,sg0_s1_tvalid_without_tready
8474466.000,t_clk,3575,tproc_m0_stall
8476094.160,sg_clk,4978,sg0_s1_tvalid_without_tready
8476790.000,t_clk,3576,tproc_m0_stall
8477763.504,sg_clk,4979,sg0_s1_tvalid_without_tready
8479114.000,t_clk,3577,tproc_m0_stall
8479432.848,sg_clk,4980,sg0_s1_tvalid_without_tready
8481102.192,sg_clk,4981,sg0_s1_tvalid_without_tready
8481438.000,t_clk,3578,tproc_m0_stall
8483762.000,t_clk,3579,tproc_m0_stall
8484440.880,sg_clk,4983,sg0_s1_tvalid_without_tready
8486086.000,t_clk,3580,tproc_m0_stall
8486110.224,sg_clk,4984,sg0_s1_tvalid_without_tready
8487779.568,sg_clk,4985,sg0_s1_tvalid_without_tready
8489448.912,sg_clk,4986,sg0_s1_tvalid_without_tready
8490734.000,t_clk,3582,tproc_m0_stall
8491118.256,sg_clk,4987,sg0_s1_tvalid_without_tready
8492787.600,sg_clk,4988,sg0_s1_tvalid_without_tready
8493058.000,t_clk,3583,tproc_m0_stall
8494456.944,sg_clk,4989,sg0_s1_tvalid_without_tready
8495382.000,t_clk,3584,tproc_m0_stall
8496126.288,sg_clk,4990,sg0_s1_tvalid_without_tready
8497706.000,t_clk,3585,tproc_m0_stall
8497795.632,sg_clk,4991,sg0_s1_tvalid_without_tready
8499464.976,sg_clk,4992,sg0_s1_tvalid_without_tready
8500030.000,t_clk,3586,tproc_m0_stall
8501134.320,sg_clk,4993,sg0_s1_tvalid_without_tready
8502354.000,t_clk,3587,tproc_m0_stall
8504473.008,sg_clk,4995,sg0_s1_tvalid_without_tready
8504678.000,t_clk,3588,tproc_m0_stall
8506142.352,sg_clk,4996,sg0_s1_tvalid_without_tready
8507002.000,t_clk,3589,tproc_m0_stall
8507811.696,sg_clk,4997,sg0_s1_tvalid_without_tready
8509481.040,sg_clk,4998,sg0_s1_tvalid_without_tready
8511150.384,sg_clk,4999,sg0_s1_tvalid_without_tready
8511650.000,t_clk,3591,tproc_m0_stall
8512819.728,sg_clk,5000,sg0_s1_tvalid_without_tready
8513974.000,t_clk,3592,tproc_m0_stall
8514489.072,sg_clk,5001,sg0_s1_tvalid_without_tready
8516158.416,sg_clk,5002,sg0_s1_tvalid_without_tready
8516298.000,t_clk,3593,tproc_m0_stall
8517827.760,sg_clk,5003,sg0_s1_tvalid_without_tready
8518622.000,t_clk,3594,tproc_m0_stall
8519497.104,sg_clk,5004,sg0_s1_tvalid_without_tready
8520946.000,t_clk,3595,tproc_m0_stall
8521166.448,sg_clk,5005,sg0_s1_tvalid_without_tready
8523270.000,t_clk,3596,tproc_m0_stall
8524505.136,sg_clk,5007,sg0_s1_tvalid_without_tready
8525594.000,t_clk,3597,tproc_m0_stall
8526174.480,sg_clk,5008,sg0_s1_tvalid_without_tready
8527843.824,sg_clk,5009,sg0_s1_tvalid_without_tready
8529513.168,sg_clk,5010,sg0_s1_tvalid_without_tready
8531182.512,sg_clk,5011,sg0_s1_tvalid_without_tready
8532851.856,sg_clk,5012,sg0_s1_tvalid_without_tready
8534521.200,sg_clk,5013,sg0_s1_tvalid_without_tready
8536190.544,sg_clk,5014,sg0_s1_tvalid_without_tready
8537859.888,sg_clk,5015,sg0_s1_tvalid_without_tready
8539529.232,sg_clk,5016,sg0_s1_tvalid_without_tready
8541198.576,sg_clk,5017,sg0_s1_tvalid_without_tready
8544537.264,sg_clk,5019,sg0_s1_tvalid_without_tready
8546206.608,sg_clk,5020,sg0_s1_tvalid_without_tready
8547875.952,sg_clk,5021,sg0_s1_tvalid_without_tready
8549545.296,sg_clk,5022,sg0_s1_tvalid_without_tready
8551214.640,sg_clk,5023,sg0_s1_tvalid_without_tready
8552883.984,sg_clk,5024,sg0_s1_tvalid_without_tready
8554553.328,sg_clk,5025,sg0_s1_tvalid_without_tready
8556222.672,sg_clk,5026,sg0_s1_tvalid_without_tready
8557892.016,sg_clk,5027,sg0_s1_tvalid_without_tready
8559561.360,sg_clk,5028,sg0_s1_tvalid_without_tready
8561230.704,sg_clk,5029,sg0_s1_tvalid_without_tready
8564569.392,sg_clk,5031,sg0_s1_tvalid_without_tready
8566238.736,sg_clk,5032,sg0_s1_tvalid_without_tready
8567908.080,sg_clk,5033,sg0_s1_tvalid_without_tready
8569577.424,sg_clk,5034,sg0_s1_tvalid_without_tready
8571246.768,sg_clk,5035,sg0_s1_tvalid_without_tready
8572916.112,sg_clk,5036,sg0_s1_tvalid_without_tready
8574585.456,sg_clk,5037,sg0_s1_tvalid_without_tready
8576254.800,sg_clk,5038,sg0_s1_tvalid_without_tready
8577924.144,sg_clk,5039,sg0_s1_tvalid_without_tready
8579593.488,sg_clk,5040,sg0_s1_tvalid_without_tready
8581262.832,sg_clk,5041,sg0_s1_tvalid_without_tready
8584601.520,sg_clk,5043,sg0_s1_tvalid_without_tready
8586270.864,sg_clk,5044,sg0_s1_tvalid_without_tready
8587940.208,sg_clk,5045,sg0_s1_tvalid_without_tready
8589609.552,sg_clk,5046,sg0_s1_tvalid_without_tready
8591278.896,sg_clk,5047,sg0_s1_tvalid_without_tready
8592948.240,sg_clk,5048,sg0_s1_tvalid_without_tready
8594617.584,sg_clk,5049,sg0_s1_tvalid_without_tready
8596286.928,sg_clk,5050,sg0_s1_tvalid_without_tready
8597956.272,sg_clk,5051,sg0_s1_tvalid_without_tready
8599625.616,sg_clk,5052,sg0_s1_tvalid_without_tready
8601294.960,sg_clk,5053,sg0_s1_tvalid_without_tready
8604633.648,sg_clk,5055,sg0_s1_tvalid_without_tready
8606302.992,sg_clk,5056,sg0_s1_tvalid_without_tready
8607972.336,sg_clk,5057,sg0_s1_tvalid_without_tready
8609641.680,sg_clk,5058,sg0_s1_tvalid_without_tready
8611311.024,sg_clk,5059,sg0_s1_tvalid_without_tready
8612980.368,sg_clk,5060,sg0_s1_tvalid_without_tready
8614649.712,sg_clk,5061,sg0_s1_tvalid_without_tready
8616319.056,sg_clk,5062,sg0_s1_tvalid_without_tready
8617988.400,sg_clk,5063,sg0_s1_tvalid_without_tready
8619657.744,sg_clk,5064,sg0_s1_tvalid_without_tready
8621327.088,sg_clk,5065,sg0_s1_tvalid_without_tready
8624665.776,sg_clk,5067,sg0_s1_tvalid_without_tready
8626335.120,sg_clk,5068,sg0_s1_tvalid_without_tready
8628004.464,sg_clk,5069,sg0_s1_tvalid_without_tready
8629673.808,sg_clk,5070,sg0_s1_tvalid_without_tready
8631343.152,sg_clk,5071,sg0_s1_tvalid_without_tready
8633012.496,sg_clk,5072,sg0_s1_tvalid_without_tready
8634681.840,sg_clk,5073,sg0_s1_tvalid_without_tready
8636351.184,sg_clk,5074,sg0_s1_tvalid_without_tready
8638020.528,sg_clk,5075,sg0_s1_tvalid_without_tready
8639689.872,sg_clk,5076,sg0_s1_tvalid_without_tready
8641359.216,sg_clk,5077,sg0_s1_tvalid_without_tready
8644697.904,sg_clk,5079,sg0_s1_tvalid_without_tready
8646367.248,sg_clk,5080,sg0_s1_tvalid_without_tready
8648036.592,sg_clk,5081,sg0_s1_tvalid_without_tready
8649705.936,sg_clk,5082,sg0_s1_tvalid_without_tready
8651375.280,sg_clk,5083,sg0_s1_tvalid_without_tready
8653044.624,sg_clk,5084,sg0_s1_tvalid_without_tready
8654713.968,sg_clk,5085,sg0_s1_tvalid_without_tready
8656383.312,sg_clk,5086,sg0_s1_tvalid_without_tready
8658052.656,sg_clk,5087,sg0_s1_tvalid_without_tready
8659722.000,sg_clk,5088,sg0_s1_tvalid_without_tready
8661391.344,sg_clk,5089,sg0_s1_tvalid_without_tready
8664730.032,sg_clk,5091,sg0_s1_tvalid_without_tready
8666399.376,sg_clk,5092,sg0_s1_tvalid_without_tready
8668068.720,sg_clk,5093,sg0_s1_tvalid_without_tready
8669738.064,sg_clk,5094,sg0_s1_tvalid_without_tready
8671407.408,sg_clk,5095,sg0_s1_tvalid_without_tready
8673076.752,sg_clk,5096,sg0_s1_tvalid_without_tready
8674746.096,sg_clk,5097,sg0_s1_tvalid_without_tready
8676415.440,sg_clk,5098,sg0_s1_tvalid_without_tready
8678084.784,sg_clk,5099,sg0_s1_tvalid_without_tready
8679754.128,sg_clk,5100,sg0_s1_tvalid_without_tready
8681423.472,sg_clk,5101,sg0_s1_tvalid_without_tready
8684762.160,sg_clk,5103,sg0_s1_tvalid_without_tready
8686431.504,sg_clk,5104,sg0_s1_tvalid_without_tready
8688100.848,sg_clk,5105,sg0_s1_tvalid_without_tready
8689770.192,sg_clk,5106,sg0_s1_tvalid_without_tready
8691439.536,sg_clk,5107,sg0_s1_tvalid_without_tready
8693108.880,sg_clk,5108,sg0_s1_tvalid_without_tready
8694778.224,sg_clk,5109,sg0_s1_tvalid_without_tready
8696447.568,sg_clk,5110,sg0_s1_tvalid_without_tready
8698116.912,sg_clk,5111,sg0_s1_tvalid_without_tready
8699786.256,sg_clk,5112,sg0_s1_tvalid_without_tready
8701455.600,sg_clk,5113,sg0_s1_tvalid_without_tready
8704794.288,sg_clk,5115,sg0_s1_tvalid_without_tready
8706463.632,sg_clk,5116,sg0_s1_tvalid_without_tready
8708132.976,sg_clk,5117,sg0_s1_tvalid_without_tready
8709802.320,sg_clk,5118,sg0_s1_tvalid_without_tready
8711471.664,sg_clk,5119,sg0_s1_tvalid_without_tready
8713141.008,sg_clk,5120,sg0_s1_tvalid_without_tready
8714810.352,sg_clk,5121,sg0_s1_tvalid_without_tready
8716479.696,sg_clk,5122,sg0_s1_tvalid_without_tready
8718149.040,sg_clk,5123,sg0_s1_tvalid_without_tready
8719818.384,sg_clk,5124,sg0_s1_tvalid_without_tready
8721487.728,sg_clk,5125,sg0_s1_tvalid_without_tready
8724826.416,sg_clk,5127,sg0_s1_tvalid_without_tready
8726495.760,sg_clk,5128,sg0_s1_tvalid_without_tready
8728165.104,sg_clk,5129,sg0_s1_tvalid_without_tready
8729834.448,sg_clk,5130,sg0_s1_tvalid_without_tready
8731503.792,sg_clk,5131,sg0_s1_tvalid_without_tready
8733173.136,sg_clk,5132,sg0_s1_tvalid_without_tready
8734842.480,sg_clk,5133,sg0_s1_tvalid_without_tready
8736511.824,sg_clk,5134,sg0_s1_tvalid_without_tready
8738181.168,sg_clk,5135,sg0_s1_tvalid_without_tready
8739850.512,sg_clk,5136,sg0_s1_tvalid_without_tready
8741519.856,sg_clk,5137,sg0_s1_tvalid_without_tready
8744858.544,sg_clk,5139,sg0_s1_tvalid_without_tready
8746527.888,sg_clk,5140,sg0_s1_tvalid_without_tready
8748197.232,sg_clk,5141,sg0_s1_tvalid_without_tready
8749866.576,sg_clk,5142,sg0_s1_tvalid_without_tready
8751535.920,sg_clk,5143,sg0_s1_tvalid_without_tready
8753205.264,sg_clk,5144,sg0_s1_tvalid_without_tready
8754874.608,sg_clk,5145,sg0_s1_tvalid_without_tready
8756543.952,sg_clk,5146,sg0_s1_tvalid_without_tready
8758213.296,sg_clk,5147,sg0_s1_tvalid_without_tready
8759882.640,sg_clk,5148,sg0_s1_tvalid_without_tready
8761551.984,sg_clk,5149,sg0_s1_tvalid_without_tready
8764890.672,sg_clk,5151,sg0_s1_tvalid_without_tready
8766560.016,sg_clk,5152,sg0_s1_tvalid_without_tready
8768229.360,sg_clk,5153,sg0_s1_tvalid_without_tready
8769898.704,sg_clk,5154,sg0_s1_tvalid_without_tready
8771568.048,sg_clk,5155,sg0_s1_tvalid_without_tready
8773237.392,sg_clk,5156,sg0_s1_tvalid_without_tready
8774906.736,sg_clk,5157,sg0_s1_tvalid_without_tready
8776576.080,sg_clk,5158,sg0_s1_tvalid_without_tready
8778245.424,sg_clk,5159,sg0_s1_tvalid_without_tready
8779914.768,sg_clk,5160,sg0_s1_tvalid_without_tready
8781584.112,sg_clk,5161,sg0_s1_tvalid_without_tready
8784922.800,sg_clk,5163,sg0_s1_tvalid_without_tready
8786592.144,sg_clk,5164,sg0_s1_tvalid_without_tready
8788261.488,sg_clk,5165,sg0_s1_tvalid_without_tready
8789930.832,sg_clk,5166,sg0_s1_tvalid_without_tready
8791600.176,sg_clk,5167,sg0_s1_tvalid_without_tready
8793269.520,sg_clk,5168,sg0_s1_tvalid_without_tready
8794938.864,sg_clk,5169,sg0_s1_tvalid_without_tready
8796608.208,sg_clk,5170,sg0_s1_tvalid_without_tready
8798277.552,sg_clk,5171,sg0_s1_tvalid_without_tready
8799946.896,sg_clk,5172,sg0_s1_tvalid_without_tready
8801616.240,sg_clk,5173,sg0_s1_tvalid_without_tready
8804954.928,sg_clk,5175,sg0_s1_tvalid_without_tready
8806624.272,sg_clk,5176,sg0_s1_tvalid_without_tready
8808293.616,sg_clk,5177,sg0_s1_tvalid_without_tready
8809962.960,sg_clk,5178,sg0_s1_tvalid_without_tready
8811632.304,sg_clk,5179,sg0_s1_tvalid_without_tready
8813301.648,sg_clk,5180,sg0_s1_tvalid_without_tready
8814970.992,sg_clk,5181,sg0_s1_tvalid_without_tready
8816640.336,sg_clk,5182,sg0_s1_tvalid_without_tready
8818309.680,sg_clk,5183,sg0_s1_tvalid_without_tready
8819979.024,sg_clk,5184,sg0_s1_tvalid_without_tready
8821648.368,sg_clk,5185,sg0_s1_tvalid_without_tready
