time_ps,s0,s1,s2,s3,s4,s5,s6,s7,s8,s9,s10,s11,s12,s13,s14,s15
4162509.264,-10,-12,-13,-16,-18,-19,-21,-23,-24,-25,-27,-28,-29,-30,-30,-31
4164178.608,-32,-32,-32,-32,-32,-32,-32,-32,-31,-30,-29,-29,-28,-26,-25,-24
4165847.952,-22,-21,-19,-17,-16,-13,-11,-10,-8,-5,-4,-1,1,3,5,7
4167517.296,9,11,13,15,17,19,20,22,23,24,26,27,28,29,30,30
4169186.640,31,31,31,31,31,31,31,31,30,29,28,28,27,25,24,23
4170855.984,21,20,18,16,15,12,10,9,7,4,3,0,-2,-4,-6,-8
4172525.328,-10,-12,-14,-16,-18,-20,-21,-23,-24,-26,-27,-28,-29,-30,-31,-31
4174194.672,-32,-32,-32,-32,-32,-32,-32,-32,-31,-30,-29,-28,-28,-26,-25,-24
4175864.016,-22,-20,-19,-17,-15,-13,-11,-9,-8,-5,-3,-1,1,3,5,7
4177533.360,10,11,13,15,17,19,20,22,23,25,26,27,28,29,30,30
4179202.704,31,31,31,31,31,31,31,31,30,29,28,27,27,25,24,23
4180872.048,21,19,17,16,14,12,10,8,6,4,2,0,-2,-4,-7,-8
4182541.392,-21,-25,-28,-33,-37,-39,-43,-46,-49,-52,-55,-56,-59,-61,-62,-63
4184210.736,-64,-65,-65,-65,-65,-65,-64,-64,-62,-61,-59,-57,-55,-53,-50,-46
4185880.080,-44,-40,-37,-34,-30,-25,-22,-18,-13,-10,-5,0,3,7,12,15
4187549.424,20,24,27,32,36,38,42,45,48,51,54,55,58,60,61,62
4189218.768,63,64,64,64,64,64,63,62,61,60,58,56,54,51,49,45
4190888.112,42,39,36,32,29,24,20,17,12,7,4,0,-5,-8,-13,-18
4192557.456,-21,-25,-30,-33,-37,-40,-43,-46,-50,-52,-55,-57,-59,-61,-62,-63
4194226.800,-64,-65,-65,-65,-65,-65,-64,-63,-62,-61,-59,-57,-55,-52,-50,-46
4195896.144,-43,-40,-37,-33,-30,-25,-21,-18,-13,-8,-5,0,4,9,12,17
4197565.488,21,24,29,33,36,39,43,45,49,52,54,56,58,60,61,63
4199234.832,63,64,64,64,64,64,63,62,61,60,58,55,54,51,48,45
4200904.176,42,38,36,32,27,24,20,15,12,7,3,0,-5,-10,-13,-18
4202573.520,-34,-38,-45,-51,-55,-61,-66,-70,-75,-79,-82,-86,-89,-91,-94,-96
4204242.864,-97,-98,-98,-98,-98,-97,-97,-95,-93,-91,-88,-85,-81,-78,-73,-68
4205912.208,-65,-59,-53,-49,-42,-36,-31,-24,-17,-12,-5,2,7,14,21,26
4207581.552,33,39,44,50,56,60,65,70,74,78,82,85,88,91,93,95
4209250.896,96,97,97,97,97,96,95,94,92,89,87,84,80,77,72,67
4210920.240,64,58,52,48,41,35,30,23,16,11,4,-3,-8,-15,-22,-27
4212589.584,-34,-40,-45,-51,-57,-61,-66,-71,-75,-79,-83,-87,-89,-92,-94,-96
4214258.928,-97,-98,-98,-98,-98,-97,-96,-94,-93,-90,-87,-85,-81,-76,-73,-68
4215928.272,-63,-59,-53,-47,-42,-36,-29,-24,-17,-10,-5,2,9,14,21,28
4217597.616,33,39,46,50,56,62,65,70,75,78,82,86,88,91,93,95
4219266.960,96,97,97,97,97,96,95,93,92,89,86,84,80,75,72,67
4220936.304,62,58,52,46,41,35,28,21,16,9,2,-3,-10,-17,-22,-29
4222605.648,-48,-54,-62,-71,-76,-84,-91,-95,-102,-108,-111,-116,-120,-123,-126,-128
4224274.992,-130,-131,-131,-131,-131,-130,-128,-126,-123,-120,-116,-111,-108,-102,-95,-91
4225944.336,-84,-76,-71,-62,-54,-48,-39,-29,-23,-13,-4,3,12,22,28,38
4227613.680,47,53,61,70,75,83,90,94,101,107,110,115,119,122,125,127
4229283.024,129,130,130,130,130,129,127,125,122,118,115,110,105,101,94,87
4230952.368,83,75,67,61,53,44,38,28,19,12,3,-7,-13,-23,-32,-39
4232621.712,-48,-57,-62,-71,-79,-84,-91,-98,-102,-108,-113,-116,-120,-124,-126,-128
4234291.056,-130,-131,-131,-131,-131,-130,-128,-126,-123,-119,-116,-111,-106,-102,-95,-88
4235960.400,-84,-76,-68,-62,-54,-45,-39,-29,-20,-13,-4,6,12,22,31,38
4237629.744,47,56,61,70,78,85,90,97,103,107,112,117,119,123,126,127
4239299.088,129,130,130,130,130,129,127,124,122,118,113,110,105,99,94,87
4240968.432,80,75,67,58,53,44,34,28,19,9,3,-7,-17,-23,-32,-42
4242637.776,-59,-70,-81,-88,-98,-107,-113,-121,-129,-134,-140,-146,-150,-154,-158,-160
4244307.120,-162,-163,-163,-163,-162,-161,-159,-155,-153,-148,-142,-138,-131,-124,-119,-110
4245976.464,-101,-91,-84,-74,-63,-55,-44,-32,-24,-12,0,7,19,31,39,51
4247645.808,62,69,80,90,97,106,115,120,128,135,139,145,150,153,157,159
4249315.152,161,162,162,162,161,159,158,154,150,147,141,135,130,123,115,109
4250984.496,100,90,83,73,62,54,43,31,23,11,0,-8,-20,-32,-40,-52
4252653.840,-63,-70,-81,-91,-98,-107,-116,-121,-129,-136,-140,-146,-151,-154,-158,-160
4254323.184,-162,-163,-163,-163,-162,-160,-158,-155,-151,-146,-142,-136,-129,-124,-116,-107
4255992.528,-101,-91,-81,-74,-63,-52,-44,-32,-20,-12,0,11,19,31,43,51
4257661.872,62,73,80,90,100,106,115,123,128,135,141,145,150,154,157,159
4259331.216,161,162,162,162,161,159,157,154,150,145,141,135,128,123,115,106
4261000.560,100,90,80,73,62,51,43,31,19,11,0,-12,-20,-32,-44,-55
4262669.904,-76,-89,-101,-109,-121,-132,-139,-149,-158,-163,-171,-178,-182,-187,-191,-193
4264339.248,-195,-196,-196,-196,-194,-193,-189,-185,-182,-176,-169,-163,-155,-146,-139,-129
4266008.592,-117,-109,-97,-84,-76,-62,-48,-39,-24,-10,0,14,28,38,52,66
4267677.936,75,88,100,108,120,131,138,148,157,162,170,177,181,186,190,192
4269347.280,194,195,195,195,193,192,188,184,181,175,168,160,154,145,135,128
4271016.624,116,104,96,83,70,61,47,33,23,9,-5,-15,-29,-43,-53,-67
4272685.968,-80,-89,-101,-113,-121,-132,-142,-149,-158,-166,-171,-178,-183,-187,-191,-194
4274355.312,-195,-196,-196,-196,-194,-192,-189,-185,-180,-176,-169,-161,-155,-146,-136,-129
4276024.656,-117,-105,-97,-84,-71,-62,-48,-34,-24,-10,4,14,28,42,52,66
4277694.000,79,88,100,112,120,131,141,148,157,165,172,177,182,187,190,193
4279363.344,195,195,195,195,193,191,187,184,179,172,168,160,151,145,135,124
4281032.688,116,104,92,83,70,56,47,33,19,9,-5,-20,-29,-43,-57,-67
4282702.032,-93,-108,-118,-132,-146,-154,-166,-178,-184,-194,-202,-208,-214,-220,-223,-226
4284371.376,-228,-229,-229,-228,-227,-224,-220,-216,-210,-202,-197,-188,-178,-170,-158,-146
4286040.720,-137,-123,-108,-98,-83,-67,-56,-40,-23,-6,5,22,39,50,66,82
4287710.064,92,107,122,131,145,157,165,177,187,193,201,209,213,219,223,225
4289379.408,227,228,228,227,225,223,219,213,209,201,193,187,177,165,157,145
4291048.752,131,122,107,92,82,66,50,39,22,5,-6,-23,-40,-51,-67,-83
4292718.096,-93,-108,-123,-132,-146,-158,-166,-178,-188,-194,-202,-210,-214,-220,-224,-226
4294387.440,-228,-229,-229,-228,-226,-223,-220,-214,-208,-202,-194,-184,-178,-166,-154,-146
4296056.784,-132,-118,-108,-93,-78,-67,-51,-34,-23,-6,11,22,39,55,66,82
4297726.128,97,107,122,136,145,157,169,177,187,196,201,209,215,219,223,226
4299395.472,227,228,228,227,225,222,219,213,207,201,193,183,177,165,153,145
4301064.816,131,117,107,92,77,66,50,33,22,5,-12,-23,-40,-56,-67,-83
4302734.160,-113,-124,-141,-157,-172,-181,-195,-207,-215,-225,-235,-240,-247,-253,-256,-260
4304403.504,-262,-262,-262,-261,-259,-255,-249,-245,-237,-228,-222,-211,-199,-190,-176,-162
4306072.848,-151,-135,-118,-107,-89,-70,-58,-39,-20,-7,12,32,44,63,82,94
4307742.192,112,129,140,156,171,180,194,206,214,224,234,239,246,252,255,259
4309411.536,261,261,261,260,258,254,248,244,236,227,221,210,198,189,175,161
4311080.880,150,134,117,100,88,69,51,38,19,0,-13,-33,-52,-64,-83,-101
4312750.224,-113,-130,-146,-157,-172,-186,-195,-207,-218,-225,-235,-243,-247,-253,-257,-260
4314419.568,-262,-262,-262,-261,-257,-255,-249,-243,-237,-228,-218,-211,-199,-186,-176,-162
4316088.912,-146,-135,-118,-101,-89,-70,-52,-39,-20,0,12,32,51,63,82,100
4317758.256,112,129,145,156,171,185,194,206,217,224,234,242,246,252,256,260
4319427.600,261,261,261,260,256,252,248,242,234,227,217,206,198,185,171,161
4321096.944,145,129,117,100,82,69,51,32,19,0,-20,-33,-52,-70,-83,-101
4322766.288,-133,-145,-164,-181,-193,-208,-223,-232,-245,-256,-263,-272,-280,-284,-289,-292
4324435.632,-294,-294,-294,-292,-289,-284,-280,-272,-263,-256,-245,-232,-223,-208,-193,-181
4326104.976,-164,-145,-133,-113,-93,-79,-58,-36,-22,0,21,35,57,78,99,112
4327774.320,132,151,163,180,197,207,222,236,244,255,265,271,279,285,288,291
4329443.664,293,293,293,290,288,283,276,271,262,252,244,231,217,207,192,175
4331113.008,163,144,125,112,92,71,57,35,14,0,-22,-44,-58,-79,-100,-113
4332782.352,-133,-152,-164,-181,-198,-208,-223,-237,-245,-256,-266,-272,-280,-286,-289,-292
4334451.696,-294,-294,-294,-291,-289,-284,-277,-272,-263,-253,-245,-232,-218,-203,-193,-176
4336121.040,-158,-145,-126,-106,-93,-72,-51,-36,-15,7,21,43,64,78,99,119
4337790.384,132,151,169,180,197,212,222,236,248,255,265,274,279,285,289,291
4339459.728,293,293,293,290,286,283,276,268,262,252,240,231,217,202,192,175
4341129.072,157,144,125,105,92,71,50,35,14,-8,-22,-44,-65,-79,-100,-120
4342798.416,-148,-169,-189,-202,-220,-237,-248,-263,-277,-289,-296,-306,-313,-318,-323,-326
4344467.760,-327,-327,-326,-324,-320,-313,-308,-299,-289,-281,-268,-253,-243,-226,-208,-195
4346137.104,-175,-155,-140,-118,-95,-80,-56,-33,-17,8,32,47,71,94,110,132
4347806.448,154,168,188,207,219,236,252,262,276,288,295,305,312,317,322,325
4349475.792,326,326,325,323,319,312,307,298,288,280,267,252,242,225,207,194
4351145.136,174,154,139,117,94,79,55,32,8,-9,-33,-56,-72,-95,-118,-133
4352814.480,-155,-175,-189,-208,-226,-237,-253,-268,-277,-289,-299,-306,-313,-320,-323,-326
4354483.824,-327,-327,-326,-323,-320,-313,-306,-299,-289,-277,-268,-253,-237,-226,-208,-189
4356153.168,-175,-155,-133,-118,-95,-72,-56,-33,-9,8,32,55,71,94,117,132
4357822.512,154,174,188,207,225,236,252,267,276,288,298,305,312,319,322,325
4359491.856,326,326,325,322,319,312,305,295,288,276,262,252,236,219,207,188
4361161.200,168,154,132,110,94,71,47,32,8,-17,-33,-56,-80,-95,-118,-140
4362830.544,-170,-193,-215,-229,-249,-267,-279,-295,-309,-318,-330,-339,-345,-352,-357,-359
4364499.888,-360,-360,-359,-355,-350,-345,-336,-326,-318,-305,-290,-279,-261,-242,-229,-208
4366169.232,-186,-170,-146,-122,-105,-79,-53,-36,-9,17,35,61,87,104,129,153
4367838.576,169,192,214,235,248,266,283,294,308,321,329,338,346,351,356,359
4369507.920,359,359,357,354,349,341,335,325,313,304,289,272,260,241,221,207
4371177.264,185,161,145,121,96,78,52,26,8,-18,-45,-62,-88,-113,-130,-154
4372846.608,-178,-193,-215,-236,-249,-267,-284,-295,-309,-322,-330,-339,-347,-352,-357,-360
4374515.952,-360,-360,-358,-355,-350,-342,-336,-326,-314,-305,-290,-273,-261,-242,-222,-208
4376185.296,-186,-162,-138,-122,-97,-71,-53,-27,0,17,44,70,87,112,137,153
4377854.640,177,199,214,235,254,266,283,299,308,321,332,338,346,353,356,359
4379523.984,359,359,357,353,349,341,332,325,313,299,289,272,254,241,221,199
4381193.328,185,161,137,121,96,70,52,26,0,-18,-45,-71,-88,-113,-138,-154
4382862.672,-194,-219,-235,-257,-278,-292,-310,-327,-338,-352,-364,-371,-379,-386,-389,-392
4384532.016,-393,-392,-391,-386,-379,-374,-364,-352,-342,-327,-310,-298,-278,-257,-242,-219
4386201.360,-194,-177,-151,-124,-105,-77,-49,-29,0,28,48,76,104,123,150,176
4387870.704,193,218,241,256,277,297,309,326,341,351,363,373,378,385,390,391
4389540.048,392,391,390,385,378,373,363,351,341,326,309,297,277,256,241,218
4391209.392,193,176,150,123,104,76,48,28,0,-29,-49,-77,-105,-133,-151,-177
4392878.736,-203,-219,-242,-264,-278,-298,-316,-327,-342,-356,-364,-374,-382,-386,-391,-393
4394548.080,-393,-392,-389,-386,-379,-371,-364,-352,-338,-327,-310,-292,-278,-257,-235,-219
4396217.424,-194,-169,-151,-124,-96,-77,-49,-20,0,28,57,76,104,132,150,176
4397886.768,202,218,241,263,277,297,315,326,341,355,363,373,381,385,390,392
4399556.112,392,391,388,385,378,370,363,351,337,326,309,291,270,256,234,210
4401225.456,193,168,141,123,95,67,48,19,-10,-29,-58,-87,-105,-133,-160,-177
4402894.800,-219,-245,-262,-286,-308,-322,-342,-360,-370,-385,-397,-404,-413,-419,-422,-425
4404564.144,-425,-424,-421,-415,-410,-401,-389,-380,-365,-348,-336,-315,-294,-278,-254,-228
4406233.488,-210,-182,-153,-134,-104,-73,-53,-21,10,31,62,93,113,143,172,191
4407902.832,218,244,261,285,307,321,341,359,369,384,396,406,412,418,422,424
4409572.176,424,422,420,414,406,400,388,374,364,347,328,314,293,269,253,227
4411241.520,200,181,152,123,103,72,41,20,-11,-42,-63,-94,-124,-144,-173,-201
4412910.864,-219,-245,-270,-286,-308,-329,-342,-360,-375,-385,-397,-407,-413,-419,-423,-425
4414580.208,-425,-423,-421,-415,-407,-401,-389,-375,-365,-348,-329,-315,-294,-270,-254,-228
4416249.552,-201,-182,-153,-124,-104,-73,-42,-11,10,41,72,93,123,152,172,200
4417918.896,227,244,269,293,307,328,347,359,374,388,396,406,414,418,422,424
4419588.240,424,422,418,414,406,396,388,374,359,347,328,307,293,269,244,227
4421257.584,200,172,152,123,93,72,41,10,-11,-42,-73,-94,-124,-153,-173,-201
4422926.928,-246,-264,-291,-316,-332,-355,-375,-387,-404,-419,-428,-439,-447,-452,-456,-458
4424596.272,-458,-456,-452,-447,-439,-428,-415,-404,-387,-368,-355,-332,-308,-291,-264,-236
4426265.616,-216,-186,-155,-133,-101,-68,-45,-12,22,44,78,111,132,164,195,215
4427934.960,245,272,290,315,339,354,374,392,403,418,431,438,446,453,455,457
4429604.304,457,455,451,444,438,427,414,403,386,367,354,331,307,290,263,235
4431273.648,215,185,154,132,100,67,44,11,-23,-45,-79,-112,-133,-165,-196,-216
4432942.992,-246,-273,-291,-316,-340,-362,-375,-393,-410,-419,-432,-442,-447,-454,-457,-458
4434612.336,-458,-455,-452,-445,-435,-428,-415,-399,-387,-368,-347,-332,-308,-282,-264,-236
4436281.680,-206,-186,-155,-123,-101,-68,-34,-12,22,56,78,111,143,164,195,225
4437951.024,245,272,299,315,339,361,374,392,409,418,431,441,446,453,456,457
4439620.368,457,454,451,444,434,427,414,398,386,367,346,331,307,281,263,235
4441289.712,205,175,154,122,89,67,33,0,-23,-57,-90,-112,-144,-176,-196,-226
4442959.056,-273,-293,-321,-348,-364,-388,-409,-422,-439,-454,-463,-474,-482,-486,-490,-491
4444628.400,-491,-488,-482,-477,-467,-454,-444,-428,-409,-395,-372,-348,-330,-303,-273,-253
4446297.744,-221,-188,-166,-131,-96,-73,-37,0,24,60,95,119,154,187,209,242
4447967.088,272,292,320,347,363,387,408,421,438,453,462,473,481,485,489,490
4449636.432,489,487,481,473,466,453,438,427,408,387,371,347,320,302,272,242
4451305.776,220,187,154,130,95,60,36,0,-37,-61,-96,-131,-155,-188,-221,-243
4452975.120,-273,-303,-321,-348,-372,-388,-409,-428,-439,-454,-467,-474,-482,-488,-490,-491
4454644.464,-490,-488,-482,-474,-467,-454,-439,-428,-409,-388,-372,-348,-321,-303,-273,-243
4456313.808,-221,-188,-155,-131,-96,-61,-37,0,36,60,95,130,154,187,220,252
4457983.152,272,302,329,347,371,394,408,427,443,453,466,476,481,487,490,490
4459652.496,489,485,481,473,462,453,438,421,408,387,363,347,320,292,272,242
4461321.840,209,187,154,119,95,60,24,0,-37,-73,-96,-131,-166,-188,-221,-253
4462991.184,-292,-323,-352,-371,-397,-421,-436,-456,-474,-485,-498,-509,-514,-521,-524,-524
4464660.528,-523,-519,-514,-506,-494,-485,-469,-450,-436,-414,-389,-362,-343,-313,-281,-259
4466329.872,-225,-189,-165,-128,-90,-65,-26,12,38,76,114,139,176,212,235,269
4467999.216,301,322,351,379,396,420,442,455,473,488,497,508,516,520,523,523
4469668.560,522,518,511,505,493,479,468,449,428,413,388,361,342,312,280,258
4471337.904,224,188,164,127,89,64,25,-13,-39,-77,-115,-140,-177,-213,-236,-270
4473007.248,-302,-323,-352,-380,-397,-421,-443,-456,-474,-489,-502,-509,-517,-522,-524,-524
4474676.592,-522,-519,-512,-502,-494,-480,-463,-450,-429,-406,-389,-362,-333,-313,-281,-248
4476345.936,-225,-189,-153,-128,-90,-52,-26,12,51,76,114,152,176,212,247,269
4478015.280,301,332,351,379,405,420,442,462,473,488,501,508,516,521,523,523
4479684.624,521,518,511,501,493,479,462,449,428,405,388,361,332,312,280,247
4481353.968,224,188,152,127,89,51,25,-13,-52,-90,-115,-153,-189,-213,-248,-281
4483023.312,-321,-354,-385,-404,-431,-456,-471,-492,-510,-520,-533,-544,-549,-555,-557,-557
4484692.656,-555,-549,-544,-533,-520,-510,-492,-471,-456,-431,-404,-385,-354,-321,-298,-263
4486362.000,-226,-201,-162,-123,-96,-55,-14,13,54,95,122,161,200,225,262,297
4488031.344,320,353,384,403,430,455,470,491,509,519,532,543,548,554,556,556
4489700.688,554,548,543,532,519,503,491,470,447,430,403,374,353,320,286,262
4491370.032,225,187,161,122,81,54,13,-28,-55,-96,-136,-162,-201,-239,-263,-298
4493039.376,-332,-354,-385,-413,-431,-456,-478,-492,-510,-525,-533,-544,-551,-555,-557,-557
4494708.720,-555,-549,-541,-533,-520,-504,-492,-471,-448,-431,-404,-375,-354,-321,-287,-263
4496378.064,-226,-188,-162,-123,-82,-55,-14,27,54,95,135,161,200,238,262,297
4498047.408,331,353,384,412,439,455,477,497,509,524,536,543,550,555,556,556
4499716.752,552,548,540,528,519,503,484,470,447,421,403,374,342,320,286,250
4501386.096,225,187,148,122,81,40,13,-28,-69,-96,-136,-175,-201,-239,-275,-298
4503055.440,-351,-385,-407,-437,-465,-482,-506,-527,-539,-555,-568,-575,-583,-588,-589,-589
4504724.784,-585,-581,-572,-560,-550,-533,-513,-498,-474,-446,-427,-396,-363,-340,-303,-265
4506394.128,-239,-199,-158,-115,-87,-44,0,28,72,114,143,184,225,251,290,327
4508063.472,350,384,416,436,464,489,505,526,544,554,567,577,582,587,588,588
4509732.816,584,577,571,559,544,532,512,489,473,445,416,395,362,327,302,264
4511402.160,225,198,157,114,86,43,0,-29,-73,-115,-144,-185,-226,-252,-291,-328
4513071.504,-351,-385,-417,-437,-465,-490,-506,-527,-545,-555,-568,-578,-583,-588,-589,-588
4514740.848,-585,-578,-568,-560,-545,-527,-513,-490,-465,-446,-417,-385,-363,-328,-291,-265
4516410.192,-226,-185,-158,-115,-73,-44,0,43,72,114,157,184,225,264,290,327
4518079.536,362,384,416,445,464,489,512,526,544,559,567,577,584,587,588,587
4519748.880,584,577,567,559,544,526,512,489,464,445,416,384,362,327,290,264
4521418.224,225,184,157,114,72,43,0,-44,-73,-115,-158,-185,-226,-265,-303,-328
4523087.568,-383,-418,-440,-471,-500,-518,-542,-563,-575,-591,-604,-611,-618,-622,-622,-621
4524756.912,-616,-611,-600,-586,-575,-556,-534,-518,-491,-461,-440,-407,-371,-346,-307,-266
4526426.256,-239,-196,-152,-122,-77,-31,0,45,91,121,165,209,238,279,319,345
4528095.600,382,417,439,470,499,517,541,562,574,590,603,610,617,621,621,620
4529764.944,615,610,599,585,574,555,533,517,490,460,439,406,370,332,306,265
4531434.288,223,195,151,106,76,30,-16,-46,-92,-137,-166,-210,-253,-280,-320,-359
4533103.632,-383,-418,-451,-471,-500,-526,-542,-563,-581,-591,-604,-613,-618,-622,-622,-621
4534772.976,-616,-607,-600,-586,-569,-556,-534,-509,-491,-461,-429,-407,-371,-333,-307,-266
4536442.320,-224,-196,-152,-107,-77,-31,15,45,91,136,165,209,252,279,319,358
4538111.664,382,417,450,470,499,525,541,562,580,595,603,612,618,621,621,618
4539781.008,615,606,595,585,568,548,533,508,480,460,428,394,370,332,293,265
4541450.352,223,180,151,106,60,30,-16,-61,-92,-137,-181,-210,-253,-294,-320,-359
4543119.696,-416,-440,-475,-507,-527,-554,-578,-593,-612,-627,-636,-646,-652,-655,-655,-652
4544789.040,-648,-640,-627,-617,-599,-578,-562,-536,-507,-486,-452,-416,-391,-351,-309,-281
4546458.384,-236,-191,-160,-112,-65,-33,16,64,111,143,190,235,265,308,350,377
4548127.728,415,451,474,506,535,553,577,598,611,626,639,645,651,654,654,651
4549797.072,645,639,626,611,598,577,553,535,506,474,451,415,377,350,308,265
4551466.416,235,190,143,111,64,16,-17,-65,-112,-144,-191,-236,-266,-309,-351,-378
4553135.760,-416,-452,-475,-507,-536,-554,-578,-599,-612,-627,-640,-646,-652,-655,-655,-652
4554805.104,-646,-640,-627,-612,-599,-578,-554,-527,-507,-475,-440,-416,-378,-337,-309,-266
4556474.448,-221,-191,-144,-97,-65,-17,32,64,111,159,190,235,280,308,350,390
4558143.792,415,451,485,506,535,561,577,598,616,626,639,647,651,654,654,651
4559813.136,645,635,626,611,592,577,553,526,506,474,439,415,377,336,308,265
4561482.480,220,190,143,96,64,16,-33,-65,-112,-160,-191,-236,-281,-309,-351,-391
4563151.824,-437,-475,-510,-543,-563,-591,-615,-629,-648,-664,-672,-681,-687,-688,-688,-683
4564821.168,-678,-668,-654,-642,-622,-599,-582,-553,-521,-499,-463,-424,-397,-354,-310,-279
4566490.512,-232,-184,-151,-101,-51,-17,33,84,117,167,215,247,294,339,368,409
4568159.856,449,474,509,542,562,590,614,628,647,663,671,680,686,687,687,682
4569829.200,677,667,653,641,621,598,581,552,520,498,462,423,396,353,309,278
4571498.544,231,183,134,100,50,0,-34,-85,-135,-168,-216,-264,-295,-340,-383,-410
4573167.888,-450,-487,-510,-543,-573,-591,-615,-636,-648,-664,-675,-681,-687,-688,-688,-683
4574837.232,-675,-668,-654,-636,-622,-599,-573,-553,-521,-487,-463,-424,-383,-354,-310,-264
4576506.576,-232,-184,-135,-101,-51,0,33,84,134,167,215,263,294,339,382,409
4578175.920,449,486,509,542,572,590,614,635,647,663,674,680,686,687,687,682
4579845.264,674,663,653,635,614,598,572,542,520,486,449,423,382,339,309,263
4581514.608,215,183,134,84,50,0,-51,-85,-135,-184,-216,-264,-310,-340,-383,-424
4583183.952,-471,-510,-546,-568,-599,-627,-644,-666,-684,-694,-707,-715,-719,-720,-719,-715
4584853.296,-707,-694,-684,-666,-644,-627,-599,-568,-546,-510,-471,-443,-400,-355,-324,-276
4586522.640,-226,-193,-141,-89,-53,0,52,88,140,192,225,275,323,370,399,442
4588191.984,483,509,545,578,598,626,650,665,683,698,706,714,719,719,718,712
4589861.328,706,693,677,665,643,617,598,567,533,509,470,428,399,354,307,275
4591530.672,225,174,140,88,35,0,-53,-106,-141,-193,-243,-276,-324,-371,-400,-443
4593200.016,-484,-510,-546,-579,-599,-627,-651,-666,-684,-699,-707,-715,-720,-720,-719,-713
4594869.360,-707,-694,-678,-666,-644,-618,-599,-568,-534,-510,-471,-429,-386,-355,-308,-260
4596538.704,-226,-175,-124,-89,-36,17,52,105,157,192,242,291,323,370,414,442
4598208.048,483,521,545,578,608,626,650,671,683,698,709,714,719,719,718,712
4599877.392,702,693,677,658,643,617,588,567,533,496,470,428,385,354,307,259
4601546.736,225,174,123,88,35,-18,-53,-106,-158,-193,-243,-292,-324,-371,-415,-443
4603216.080,-506,-546,-571,-605,-637,-656,-681,-703,-715,-731,-742,-750,-753,-753,-750,-745
4604885.424,-735,-721,-709,-689,-665,-646,-616,-583,-558,-520,-478,-449,-403,-355,-322,-272
4606554.768,-219,-183,-129,-74,-37,18,73,110,164,218,253,305,354,387,433,477
4608224.112,505,545,582,604,636,664,680,702,720,730,741,749,752,752,749,744
4609893.456,734,720,708,688,664,645,615,582,557,519,477,448,402,354,321,271
4611562.800,218,182,128,73,36,-19,-74,-129,-165,-219,-272,-306,-355,-403,-434,-478
4613232.144,-520,-546,-583,-616,-637,-665,-689,-703,-721,-735,-742,-750,-753,-753,-750,-742
4614901.488,-735,-721,-703,-689,-665,-637,-616,-583,-546,-520,-478,-434,-403,-355,-306,-272
4616570.832,-219,-165,-129,-74,-19,18,73,128,164,218,271,305,354,402,433,477
4618240.176,519,545,582,615,636,664,688,702,720,734,741,749,752,752,749,741
4619909.520,734,720,702,688,664,636,604,582,545,505,477,433,387,354,305,253
4621578.864,218,164,110,73,18,-37,-74,-129,-183,-219,-272,-322,-355,-403,-449,-478
4623248.208,-542,-583,-608,-643,-675,-694,-719,-741,-753,-767,-778,-783,-786,-786,-783,-775
4624917.552,-763,-753,-734,-711,-694,-665,-632,-608,-570,-528,-499,-453,-405,-371,-319,-265
4626586.896,-229,-173,-116,-78,-20,38,77,134,190,228,282,336,370,420,468,498
4628256.240,541,582,607,642,674,702,718,740,757,766,777,783,785,785,780,774
4629925.584,762,746,733,710,683,664,631,595,569,527,483,452,404,353,318,264
4631594.928,209,172,115,57,19,-39,-97,-135,-191,-247,-283,-337,-388,-421,-469,-514
4633264.272,-542,-583,-620,-643,-675,-703,-719,-741,-758,-767,-778,-784,-786,-786,-781,-775
4634933.616,-763,-747,-734,-711,-684,-665,-632,-596,-570,-528,-484,-453,-405,-354,-319,-265
4636602.960,-210,-154,-116,-58,0,38,96,153,190,246,300,336,387,436,468,513
4638272.304,555,582,619,653,674,702,726,740,757,770,777,783,785,785,780,770
4639941.648,762,746,726,710,683,653,631,595,555,527,483,436,404,353,300,264
4641610.992,209,153,115,57,0,-39,-97,-154,-191,-247,-301,-337,-388,-437,-469,-514
4643280.336,-580,-607,-646,-681,-703,-732,-757,-772,-790,-804,-811,-817,-819,-819,-813,-804
4644949.680,-790,-778,-757,-732,-713,-681,-646,-621,-580,-535,-504,-455,-404,-369,-314,-257
4646619.024,-219,-160,-101,-61,0,60,100,159,218,256,313,368,403,454,503,534
4648288.368,579,620,645,680,712,731,756,777,789,803,812,816,818,816,812,803
4649957.712,789,777,756,731,712,680,645,620,579,534,503,454,403,368,313,256
4651627.056,218,159,100,60,0,-61,-101,-160,-219,-257,-314,-369,-404,-455,-504,-550
4653296.400,-580,-621,-658,-681,-713,-741,-757,-778,-795,-804,-813,-819,-819,-817,-811,-804
4654965.744,-790,-772,-757,-732,-703,-681,-646,-607,-580,-535,-488,-455,-404,-351,-314,-257
4656635.088,-200,-160,-101,-41,0,60,120,159,218,275,313,368,421,454,503,549
4658304.432,579,620,657,680,712,740,756,777,794,803,812,818,818,816,810,803
4659973.776,789,771,756,731,702,680,645,606,579,534,487,438,403,350,294,256
4661643.120,199,140,100,40,-21,-61,-121,-180,-219,-276,-332,-369,-422,-472,-504,-550
4663312.464,-617,-645,-684,-719,-741,-770,-794,-809,-826,-839,-845,-850,-851,-849,-842,-831
4664981.808,-821,-802,-778,-761,-730,-696,-671,-631,-587,-556,-507,-456,-420,-364,-307,-267
4666651.152,-207,-146,-105,-42,20,62,124,186,226,286,344,382,437,490,523,571
4668320.496,616,644,683,718,740,769,793,808,825,838,846,849,850,846,841,830
4669989.840,814,801,777,750,729,695,657,630,586,539,506,455,401,363,306,247
4671659.184,206,145,83,41,-21,-84,-125,-187,-248,-287,-345,-402,-438,-491,-540,-572
4673328.528,-617,-658,-684,-719,-751,-770,-794,-815,-826,-839,-847,-850,-851,-847,-842,-831
4674997.872,-815,-802,-778,-751,-730,-696,-658,-631,-587,-540,-507,-456,-402,-364,-307,-248
4676667.216,-207,-146,-84,-42,20,83,124,186,247,306,344,401,455,490,539,586
4678336.560,616,657,695,718,750,777,793,814,830,838,846,850,850,846,838,830
4680005.904,814,793,777,750,718,695,657,616,586,539,490,455,401,344,306,247
4681675.248,186,145,83,20,-21,-84,-146,-187,-248,-307,-345,-402,-456,-491,-540,-587
4683344.592,-641,-684,-723,-747,-780,-809,-825,-846,-863,-871,-880,-884,-884,-880,-871,-863
4685013.936,-846,-825,-809,-780,-747,-711,-684,-641,-594,-561,-510,-455,-417,-359,-298,-257
4686683.280,-194,-130,-87,-22,43,86,151,214,256,318,377,416,472,526,560,609
4688352.624,654,683,722,758,779,808,832,845,862,874,879,883,882,879,870,857
4690021.968,845,824,799,779,746,710,683,640,593,560,509,454,416,358,297,256
4691691.312,193,129,86,21,-44,-87,-152,-215,-257,-319,-378,-417,-473,-527,-561,-610
4693360.656,-655,-684,-723,-759,-790,-809,-833,-852,-863,-875,-882,-884,-883,-878,-871,-858
4695030.000,-840,-825,-800,-770,-747,-711,-670,-641,-594,-544,-510,-455,-398,-359,-298,-236
4696699.344,-194,-130,-66,-22,43,108,151,214,277,318,377,435,472,526,577,609
4698368.688,654,696,722,758,789,808,832,851,862,874,881,883,882,877,870,857
4700038.032,839,824,799,769,746,710,669,640,593,543,509,454,397,358,297,235
4701707.376,193,129,65,0,-44,-109,-173,-215,-278,-339,-378,-436,-492,-527,-578,-626
4703376.720,-680,-723,-763,-787,-820,-848,-864,-884,-900,-908,-915,-917,-916,-911,-900,-890
4705046.064,-871,-848,-829,-798,-763,-737,-695,-649,-616,-565,-510,-472,-413,-351,-309,-245
4706715.408,-179,-135,-68,0,44,112,178,222,287,350,392,451,509,546,598,648
4708384.752,679,722,762,786,819,847,863,883,899,907,914,916,915,910,899,883
4710054.096,870,847,819,797,762,722,694,648,598,564,509,451,412,350,287,244
4711723.440,178,112,67,0,-68,-113,-179,-245,-288,-351,-413,-452,-510,-565,-599,-649
4713392.784,-695,-723,-763,-798,-820,-848,-871,-884,-900,-911,-915,-917,-915,-911,-900,-884
4715062.128,-871,-848,-820,-798,-763,-723,-695,-649,-599,-565,-510,-452,-413,-351,-288,-245
4716731.472,-179,-113,-68,0,67,112,178,244,287,350,412,451,509,564,615,648
4718400.816,694,736,762,797,828,847,870,889,899,910,915,916,914,907,899,883
4720070.160,863,847,819,786,762,722,679,648,598,546,509,451,392,350,287,222
4721739.504,178,112,44,0,-68,-135,-179,-245,-309,-351,-413,-472,-510,-565,-616,-649
4723408.848,-720,-764,-790,-827,-859,-878,-903,-922,-932,-943,-949,-950,-948,-940,-932,-916
4725078.192,-895,-878,-849,-815,-790,-749,-704,-672,-621,-566,-528,-469,-407,-342,-298,-231
4726747.536,-163,-117,-47,23,69,139,208,253,320,384,427,488,547,584,637,688
4728416.880,719,763,802,826,858,886,902,921,935,942,948,949,947,939,926,915
4730086.224,894,868,848,814,776,748,703,655,620,565,508,468,406,341,297,230
4731755.568,162,116,46,-24,-70,-140,-209,-254,-321,-385,-428,-489,-548,-585,-638,-689
4733424.912,-720,-764,-803,-827,-859,-887,-903,-922,-936,-946,-949,-950,-946,-940,-927,-910
4735094.256,-895,-869,-838,-815,-777,-735,-704,-656,-603,-566,-509,-448,-407,-342,-276,-231
4736763.600,-163,-94,-47,23,93,139,208,275,320,384,447,488,547,602,637,688
4738432.944,734,763,802,837,858,886,909,921,935,945,948,949,945,939,926,909
4740102.288,894,868,837,814,776,734,703,655,602,565,508,447,406,341,275,230
4741771.632,162,93,46,-24,-94,-140,-209,-276,-342,-385,-448,-509,-548,-603,-656,-689
4743440.976,-760,-803,-830,-867,-898,-917,-940,-959,-968,-978,-982,-982,-978,-968,-959,-940
4745110.320,-917,-898,-867,-830,-803,-760,-712,-678,-623,-566,-526,-463,-398,-354,-286,-216
4746779.664,-168,-97,-25,24,96,167,215,285,353,397,462,525,565,622,677,711
4748449.008,759,802,829,866,897,916,939,958,967,977,981,981,977,967,958,939
4750118.352,916,897,866,829,802,759,711,659,622,565,504,462,397,330,285,215
4751787.696,144,96,24,-49,-97,-168,-239,-286,-354,-420,-463,-526,-585,-623,-678,-728
4753457.040,-760,-803,-843,-867,-898,-925,-940,-959,-972,-978,-982,-981,-978,-968,-953,-940
4755126.384,-917,-888,-867,-830,-789,-760,-712,-660,-623,-566,-505,-463,-398,-331,-286,-216
4756795.728,-145,-97,-25,48,96,167,238,285,353,419,462,525,584,622,677,727
4758465.072,759,802,842,877,897,924,946,958,971,979,981,980,974,967,952,932
4760134.416,916,887,854,829,788,743,711,659,604,565,504,441,397,330,261,215
4761803.760,144,72,24,-49,-121,-168,-239,-309,-354,-420,-485,-526,-585,-642,-678,-728
4763473.104,-775,-803,-843,-878,-898,-925,-947,-959,-972,-980,-982,-981,-975,-968,-953,-933
4765142.448,-917,-888,-855,-830,-789,-744,-712,-660,-605,-566,-505,-442,-398,-331,-262,-216
4766811.792,-145,-73,0,48,120,191,238,308,375,419,484,545,584,641,694,727
4768481.136,774,816,842,877,907,924,946,963,971,979,981,980,974,963,952,932
4770150.480,907,887,854,816,788,743,694,659,604,545,504,441,375,330,261,191
4771819.824,144,72,0,-49,-121,-192,-239,-309,-376,-420,-485,-546,-585,-642,-695,-728
4773489.168,-775,-817,-843,-878,-908,-925,-947,-964,-972,-980,-982,-981,-975,-964,-953,-933
4775158.512,-908,-878,-855,-817,-775,-744,-695,-642,-605,-546,-485,-442,-376,-309,-262,-192
4776827.856,-121,-73,0,72,120,191,261,308,375,441,484,545,604,641,694,743
4778497.200,774,816,854,877,907,932,946,963,974,979,981,979,974,963,946,932
4780166.544,907,877,854,816,774,743,694,641,604,545,484,441,375,308,261,191
4781835.888,120,72,0,-73,-121,-192,-262,-309,-376,-442,-485,-546,-605,-660,-695,-744
4783505.232,-816,-844,-884,-918,-938,-964,-985,-996,-1008,-1014,-1015,-1013,-1004,-996,-979,-956
4785174.576,-938,-907,-871,-844,-801,-753,-718,-663,-605,-564,-501,-434,-389,-319,-247,-199
4786843.920,-125,-50,0,74,148,198,270,341,388,456,521,563,624,681,717,768
4788513.264,815,843,883,917,937,963,984,995,1007,1013,1014,1012,1003,995,978,955
4790182.608,937,906,870,843,800,752,717,662,604,563,500,433,365,318,246,173
4791851.952,124,49,-25,-75,-149,-223,-271,-342,-412,-457,-522,-585,-625,-682,-736,-769
4793521.296,-816,-858,-884,-918,-947,-964,-985,-1001,-1008,-1014,-1015,-1013,-1004,-991,-979,-956
4795190.640,-928,-907,-871,-830,-801,-753,-700,-663,-605,-543,-501,-434,-366,-319,-247,-174
4796859.984,-125,-50,24,74,148,222,270,341,411,456,521,584,624,681,735,768
4798529.328,815,857,883,917,946,963,984,1000,1007,1013,1014,1010,1003,990,971,955
4800198.672,927,895,870,829,784,752,699,643,604,542,478,433,365,294,246,173
4801868.016,99,49,-25,-100,-149,-223,-295,-342,-412,-479,-522,-585,-644,-682,-736,-785
4803537.360,-842,-886,-925,-948,-978,-1003,-1017,-1033,-1043,-1047,-1048,-1043,-1037,-1023,-1003,-987
4805206.704,-959,-925,-899,-857,-811,-777,-723,-665,-625,-561,-495,-449,-378,-305,-255,-180
4806876.048,-103,-52,25,102,153,229,304,377,424,494,560,603,664,722,758,810
4808545.392,856,885,924,958,977,1002,1022,1032,1042,1047,1047,1042,1032,1022,1002,977
4810214.736,958,924,885,856,810,758,722,664,603,560,494,424,377,304,229,179
4811884.080,102,25,-26,-103,-180,-230,-305,-378,-425,-495,-561,-604,-665,-723,-759,-811
4813553.424,-857,-886,-925,-959,-978,-1003,-1023,-1033,-1043,-1048,-1048,-1043,-1033,-1023,-1003,-978
4815222.768,-959,-925,-886,-857,-811,-759,-704,-665,-604,-539,-495,-425,-354,-305,-230,-154
4816892.112,-103,-26,51,102,179,254,304,377,448,494,560,624,664,722,776,810
4818561.456,856,898,924,958,986,1002,1022,1036,1042,1047,1046,1042,1032,1016,1002,977
4820230.800,947,924,885,841,810,758,703,664,603,538,494,424,353,304,229,153
4821900.144,102,25,-52,-103,-180,-255,-305,-378,-449,-495,-561,-625,-665,-723,-777,-811
4823569.488,-884,-928,-954,-989,-1018,-1042,-1055,-1070,-1079,-1081,-1080,-1073,-1066,-1049,-1027,-1009
4825238.832,-978,-941,-914,-869,-819,-783,-726,-666,-623,-556,-487,-439,-365,-289,-237,-159
4826908.176,-80,-27,53,132,184,262,339,389,462,532,578,643,706,745,800,852
4828577.520,883,927,965,988,1017,1041,1054,1069,1078,1080,1079,1072,1065,1048,1026,1008
4830246.864,977,940,913,868,818,782,725,665,622,555,486,438,364,288,236,158
4831916.208,79,0,-54,-133,-211,-263,-340,-414,-463,-533,-601,-644,-707,-765,-801,-853
4833585.552,-899,-928,-966,-999,-1018,-1042,-1061,-1070,-1079,-1081,-1080,-1073,-1061,-1049,-1027,-999
4835254.896,-978,-941,-899,-869,-819,-765,-726,-666,-601,-556,-487,-414,-365,-289,-211,-159
4836924.240,-80,0,53,132,210,262,339,413,462,532,600,643,706,764,800,852
4838593.584,898,927,965,998,1017,1041,1060,1069,1078,1080,1079,1072,1060,1048,1026,998
4840262.928,965,940,898,852,818,764,706,665,600,532,486,413,339,288,210,132
4841932.272,79,0,-80,-133,-211,-289,-340,-414,-487,-533,-601,-666,-707,-765,-819,-853
4843601.616,-927,-970,-996,-1030,-1058,-1074,-1093,-1106,-1111,-1114,-1111,-1106,-1093,-1074,-1058,-1030
4845270.960,-996,-970,-927,-879,-844,-788,-728,-686,-619,-550,-501,-427,-350,-298,-218,-137
4846940.304,-82,0,81,136,217,297,349,426,500,549,618,685,727,787,843,894
4848609.648,926,969,1007,1029,1057,1080,1092,1105,1112,1113,1110,1101,1092,1073,1048,1029
4850278.992,995,955,926,878,825,787,727,663,618,549,476,426,349,270,217,136
4851948.336,54,0,-82,-164,-218,-298,-376,-427,-501,-573,-619,-686,-749,-788,-844,-895
4853617.680,-927,-970,-1008,-1030,-1058,-1081,-1093,-1106,-1113,-1114,-1111,-1102,-1093,-1074,-1049,-1030
4855287.024,-996,-956,-927,-879,-826,-788,-728,-664,-619,-550,-477,-401,-350,-271,-191,-137
4856956.368,-55,27,81,163,244,297,375,451,500,572,641,685,748,806,843,894
4858625.712,941,969,1007,1039,1057,1080,1097,1105,1112,1113,1110,1101,1086,1073,1048,1018
4860295.056,995,955,910,878,825,768,727,663,595,549,476,400,349,270,190,136
4861964.400,54,-28,-82,-164,-245,-298,-376,-452,-501,-573,-642,-686,-749,-807,-844,-895
4863633.744,-969,-998,-1036,-1070,-1089,-1112,-1130,-1138,-1145,-1146,-1141,-1134,-1119,-1097,-1079,-1048
4865303.088,-1011,-983,-937,-886,-850,-791,-727,-683,-614,-541,-490,-413,-333,-279,-196,-113
4866972.432,-57,28,112,168,251,332,386,464,540,589,659,726,769,829,885,920
4868641.776,968,1010,1035,1069,1096,1111,1129,1140,1144,1145,1140,1133,1118,1096,1078,1047
4870311.120,1010,982,936,885,849,790,726,682,613,540,489,412,332,278,195,112
4871980.464,56,-29,-113,-169,-252,-333,-387,-465,-541,-614,-660,-727,-791,-830,-886,-937
4873649.808,-969,-1011,-1048,-1070,-1097,-1119,-1130,-1141,-1146,-1146,-1141,-1130,-1119,-1097,-1070,-1048
4875319.152,-1011,-969,-937,-886,-830,-791,-727,-660,-614,-541,-465,-413,-333,-252,-196,-113
4876988.496,-29,28,112,195,251,332,412,464,540,613,659,726,790,829,885,936
4878657.840,968,1010,1047,1069,1096,1118,1129,1140,1145,1145,1140,1129,1118,1096,1069,1047
4880327.184,1010,968,936,885,829,769,726,659,589,540,464,386,332,251,168,112
4881996.528,28,-57,-113,-196,-279,-333,-413,-490,-541,-614,-683,-727,-791,-850,-886,-937
4883665.872,-1012,-1040,-1078,-1111,-1129,-1151,-1167,-1174,-1179,-1178,-1174,-1162,-1144,-1129,-1100,-1066
4885335.216,-1040,-997,-947,-912,-854,-792,-748,-679,-607,-556,-478,-398,-343,-259,-173,-116
4887004.560,-29,57,115,201,286,342,424,504,555,630,702,747,812,873,911,963
4888673.904,1011,1039,1077,1110,1136,1150,1166,1175,1178,1177,1170,1161,1143,1119,1099,1065
4890343.248,1025,996,946,892,853,791,725,678,606,530,477,397,314,258,172,86
4892012.592,28,-58,-145,-202,-287,-370,-425,-505,-582,-631,-703,-771,-813,-874,-930,-964
4893681.936,-1012,-1054,-1078,-1111,-1137,-1151,-1167,-1176,-1179,-1178,-1171,-1162,-1144,-1120,-1100,-1066
4895351.280,-1026,-997,-947,-893,-854,-792,-726,-679,-607,-531,-478,-398,-315,-259,-173,-87
4897020.624,-29,57,144,230,286,369,451,504,581,654,702,770,833,873,929,980
4898689.968,1011,1053,1089,1110,1136,1156,1166,1175,1178,1177,1170,1156,1143,1119,1089,1065
4900359.312,1025,980,946,892,833,791,725,654,606,530,451,397,314,230,172,86
4902028.656,0,-58,-145,-231,-287,-370,-452,-505,-582,-655,-703,-771,-834,-874,-930,-981
4903698.000,-1040,-1083,-1120,-1142,-1169,-1189,-1199,-1209,-1212,-1211,-1203,-1189,-1176,-1151,-1120,-1083
4905367.344,-1055,-1008,-956,-918,-857,-792,-746,-674,-598,-545,-464,-381,-324,-237,-149,-90
4907036.688,0,89,148,236,323,380,463,544,597,673,745,791,856,917,955,1007
4908706.032,1054,1082,1119,1150,1168,1188,1202,1208,1211,1208,1202,1188,1168,1150,1119,1082
4910375.376,1054,1007,955,917,856,791,745,673,597,544,463,380,323,236,148,89
4912044.720,0,-90,-149,-237,-324,-381,-464,-545,-598,-674,-746,-792,-857,-918,-974,-1008
4913714.064,-1055,-1096,-1120,-1151,-1176,-1189,-1203,-1211,-1212,-1209,-1199,-1189,-1169,-1142,-1120,-1083
4915383.408,-1040,-1008,-956,-899,-857,-792,-722,-674,-598,-519,-464,-381,-295,-237,-149,-60
4917052.752,0,89,177,236,323,408,463,544,623,673,745,813,856,917,973,1007
4918722.096,1054,1095,1119,1150,1175,1188,1202,1210,1211,1208,1198,1188,1168,1141,1119,1082
4920391.440,1039,1007,955,898,856,791,721,673,597,518,463,380,294,207,148,59
4922060.784,-30,-90,-178,-266,-324,-409,-492,-545,-624,-698,-746,-814,-878,-918,-974,-1024
4923730.128,-1084,-1126,-1162,-1183,-1208,-1227,-1236,-1244,-1245,-1242,-1232,-1215,-1200,-1173,-1139,-1113
4925399.472,-1068,-1018,-982,-923,-859,-814,-742,-667,-614,-533,-449,-391,-303,-213,-153,-62
4927068.816,30,91,182,272,332,419,504,559,640,716,765,836,901,942,999,1051
4928738.160,1083,1125,1161,1182,1207,1226,1235,1243,1244,1238,1231,1214,1191,1172,1138,1097
4930407.504,1067,1017,962,922,858,789,741,666,586,532,448,361,302,212,122,61
4932076.848,-31,-123,-183,-273,-362,-420,-505,-587,-641,-717,-790,-837,-902,-963,-1000,-1052
4933746.192,-1098,-1126,-1162,-1192,-1208,-1227,-1239,-1244,-1245,-1239,-1232,-1215,-1192,-1173,-1139,-1098
4935415.536,-1068,-1018,-963,-923,-859,-790,-742,-667,-587,-533,-449,-362,-303,-213,-123,-62
4937084.880,30,122,182,272,361,419,504,586,666,716,789,858,901,962,1017,1051
4938754.224,1097,1138,1161,1191,1214,1226,1238,1244,1244,1238,1226,1214,1191,1161,1138,1097
4940423.568,1051,1017,962,901,858,789,716,666,586,504,448,361,272,212,122,30
4942092.912,-31,-123,-213,-273,-362,-449,-505,-587,-667,-717,-790,-859,-902,-963,-1018,-1052
4943762.256,-1127,-1168,-1192,-1222,-1246,-1259,-1271,-1277,-1277,-1271,-1259,-1246,-1222,-1192,-1168,-1127
4945431.600,-1079,-1045,-988,-925,-881,-811,-736,-657,-602,-518,-431,-371,-280,-188,-126,-32
4947100.944,62,125,218,310,370,459,545,601,683,760,810,880,946,987,1044,1095
4948770.288,1126,1167,1202,1221,1245,1263,1270,1276,1275,1270,1258,1238,1221,1191,1154,1126
4950439.632,1078,1025,987,924,857,810,735,656,601,517,430,370,279,187,125,31
4952108.976,-63,-126,-219,-311,-371,-460,-546,-602,-684,-761,-811,-881,-947,-988,-1045,-1096
4953778.320,-1127,-1168,-1203,-1231,-1246,-1264,-1274,-1277,-1276,-1268,-1259,-1239,-1213,-1192,-1155,-1112
4955447.664,-1079,-1026,-967,-925,-858,-786,-736,-657,-575,-518,-431,-341,-280,-188,-94,-32
4957117.008,62,156,218,310,400,459,545,629,683,760,834,880,946,1006,1044,1095
4958786.352,1140,1167,1202,1230,1245,1263,1273,1276,1275,1267,1258,1238,1212,1191,1154,1111
4960455.696,1078,1025,966,924,857,785,735,656,574,517,430,340,279,187,93,31
4962125.040,-63,-157,-250,-311,-401,-489,-546,-630,-710,-761,-835,-903,-947,-1007,-1062,-1096
4963794.384,-1171,-1211,-1234,-1263,-1285,-1296,-1307,-1310,-1309,-1301,-1285,-1271,-1244,-1211,-1185,-1140
4965463.728,-1090,-1053,-992,-927,-880,-806,-728,-674,-589,-502,-442,-350,-256,-193,-97,0
4967133.072,64,160,255,318,410,501,560,645,727,780,855,926,970,1032,1089,1123
4968802.416,1170,1210,1233,1262,1284,1295,1306,1309,1308,1300,1284,1270,1243,1210,1184,1139
4970471.760,1089,1032,991,926,855,805,727,645,588,501,410,349,255,160,96,0
4972141.104,-97,-161,-256,-350,-411,-502,-589,-646,-728,-806,-856,-927,-992,-1033,-1090,-1140
4973810.448,-1171,-1211,-1244,-1263,-1285,-1301,-1307,-1310,-1307,-1301,-1285,-1263,-1244,-1211,-1171,-1140
4975479.792,-1090,-1033,-992,-927,-856,-806,-728,-646,-589,-502,-411,-350,-256,-161,-97,0
4977149.136,96,160,255,349,410,501,588,645,727,805,855,926,991,1052,1089,1139
4978818.480,1184,1210,1243,1270,1284,1300,1308,1309,1306,1295,1284,1262,1233,1210,1170,1123
4980487.824,1089,1032,970,926,855,780,727,645,560,501,410,318,255,160,64,0
4982157.168,-97,-193,-256,-350,-442,-502,-589,-674,-728,-806,-880,-927,-992,-1053,-1090,-1140
4983826.512,-1215,-1241,-1276,-1303,-1318,-1333,-1342,-1343,-1340,-1329,-1318,-1295,-1265,-1241,-1200,-1152
4985495.856,-1117,-1059,-996,-950,-878,-800,-747,-662,-575,-514,-422,-327,-230,-165,-66,32
4987165.200,98,197,294,358,452,544,603,690,773,826,901,972,1016,1078,1134,1168
4988834.544,1214,1252,1275,1302,1323,1332,1341,1342,1339,1328,1310,1294,1264,1227,1199,1151
4990503.888,1097,1058,995,926,877,799,718,661,574,483,421,326,229,164,65,-33
4992173.232,-99,-198,-295,-359,-453,-545,-604,-691,-774,-827,-902,-973,-1017,-1079,-1135,-1169
4993842.576,-1215,-1253,-1276,-1303,-1324,-1333,-1342,-1343,-1340,-1329,-1311,-1286,-1265,-1228,-1185,-1152
4995511.920,-1098,-1039,-996,-927,-852,-800,-719,-634,-575,-484,-390,-327,-230,-132,-66,32
4997181.264,131,197,294,389,452,544,633,690,773,851,901,972,1038,1078,1134,1184
4998850.608,1214,1252,1285,1302,1323,1336,1341,1342,1336,1328,1310,1285,1264,1227,1184,1151
5000519.952,1097,1038,995,926,851,799,718,633,574,483,389,326,229,131,65,-33
5002189.296,-132,-198,-295,-390,-453,-545,-634,-719,-774,-852,-927,-973,-1039,-1098,-1135,-1185
5003858.640,-1258,-1284,-1317,-1343,-1356,-1370,-1376,-1376,-1370,-1356,-1343,-1317,-1284,-1258,-1214,-1163
5005527.984,-1125,-1064,-997,-949,-873,-793,-737,-649,-558,-496,-400,-302,-236,-135,-34,33
5007197.328,134,235,301,399,495,557,648,736,792,872,948,996,1063,1124,1162,1213
5008866.672,1257,1283,1316,1342,1355,1369,1375,1375,1369,1355,1342,1316,1283,1257,1213,1162
5010536.016,1124,1063,996,948,872,792,707,648,557,463,399,301,201,134,33,-68
5012205.360,-135,-236,-335,-400,-496,-589,-649,-737,-820,-873,-949,-1020,-1064,-1125,-1181,-1214
5013874.704,-1258,-1296,-1317,-1343,-1362,-1370,-1376,-1375,-1370,-1356,-1335,-1317,-1284,-1244,-1214,-1163
5015544.048,-1106,-1064,-997,-925,-873,-793,-708,-649,-558,-464,-400,-302,-202,-135,-34,67
5017213.392,134,235,334,399,495,588,648,736,819,872,948,1019,1063,1124,1180,1213
5018882.736,1257,1295,1316,1342,1361,1372,1375,1374,1365,1355,1334,1306,1283,1243,1197,1162
5020552.080,1105,1041,996,924,846,792,707,618,557,463,366,301,201,101,33,-68
5022221.424,-169,-236,-335,-432,-496,-589,-679,-737,-820,-899,-949,-1020,-1085,-1125,-1181,-1230
5023890.768,-1288,-1326,-1357,-1374,-1393,-1405,-1408,-1407,-1398,-1388,-1366,-1337,-1314,-1273,-1226,-1190
5025560.112,-1131,-1067,-1020,-946,-867,-811,-724,-634,-571,-475,-376,-309,-207,-104,-35,69
5027229.456,172,274,342,441,538,601,693,782,838,919,995,1043,1109,1170,1207,1257
5028898.800,1300,1325,1356,1380,1392,1404,1407,1406,1397,1380,1365,1336,1300,1272,1225,1170
5030568.144,1130,1066,995,945,866,782,723,633,538,474,375,274,206,103,0,-70
5032237.488,-173,-275,-343,-442,-539,-602,-694,-783,-839,-920,-996,-1044,-1110,-1171,-1208,-1258
5033906.832,-1301,-1326,-1357,-1381,-1393,-1405,-1408,-1407,-1398,-1381,-1366,-1337,-1301,-1273,-1226,-1171
5035576.176,-1110,-1067,-996,-920,-867,-783,-694,-634,-539,-442,-376,-275,-173,-104,0,103
5037245.520,172,274,375,441,538,633,693,782,866,919,995,1066,1109,1170,1225,1257
5038914.864,1300,1336,1356,1380,1397,1404,1407,1404,1397,1380,1356,1336,1300,1257,1225,1170
5040584.208,1109,1066,995,919,866,782,693,633,538,441,375,274,172,103,0,-104
5042253.552,-173,-275,-376,-442,-539,-634,-694,-783,-867,-920,-996,-1067,-1110,-1171,-1226,-1273
5043922.896,-1332,-1369,-1398,-1414,-1431,-1440,-1441,-1438,-1426,-1414,-1389,-1357,-1332,-1288,-1236,-1199
5045592.240,-1136,-1068,-1019,-942,-859,-801,-711,-617,-552,-452,-351,-282,-177,-71,0,105
5047261.584,211,281,384,485,551,647,740,800,886,967,1018,1091,1157,1198,1253,1302
5048930.928,1331,1368,1397,1413,1430,1439,1440,1437,1425,1413,1388,1356,1331,1287,1235,1198
5050600.272,1135,1067,1018,941,858,800,710,616,551,451,350,246,176,70,-36,-106
5052269.616,-212,-316,-385,-486,-584,-648,-741,-830,-887,-968,-1044,-1092,-1158,-1218,-1254,-1303
5053938.960,-1345,-1369,-1398,-1420,-1431,-1440,-1441,-1438,-1426,-1406,-1389,-1357,-1318,-1288,-1236,-1179
5055608.304,-1136,-1068,-994,-942,-859,-771,-711,-617,-519,-452,-351,-247,-177,-71,35,105
5057277.648,211,315,384,485,583,647,740,829,886,967,1043,1091,1157,1217,1253,1302
5058946.992,1344,1368,1397,1419,1430,1439,1440,1437,1425,1405,1378,1356,1317,1270,1235,1178
5060616.336,1113,1067,993,914,858,770,679,616,518,418,350,246,141,70,-36,-142
5062285.680,-212,-316,-419,-486,-584,-680,-741,-830,-915,-968,-1044,-1114,-1158,-1218,-1271,-1303
5063955.024,-1376,-1411,-1430,-1453,-1467,-1473,-1474,-1467,-1458,-1439,-1411,-1388,-1348,-1300,-1265,-1206
5065624.368,-1140,-1093,-1017,-936,-879,-789,-695,-631,-531,-428,-359,-252,-145,-73,36,144
5067293.712,216,322,427,496,597,694,757,848,935,1016,1067,1139,1205,1245,1299,1347
5068963.056,1375,1410,1438,1452,1466,1473,1473,1466,1452,1438,1410,1375,1347,1299,1245,1205
5070632.400,1139,1067,1016,935,848,788,694,597,530,427,322,251,144,36,-37,-145
5072301.744,-252,-323,-428,-531,-598,-695,-789,-849,-936,-1017,-1068,-1140,-1206,-1246,-1300,-1348
5073971.088,-1376,-1411,-1439,-1453,-1467,-1474,-1474,-1467,-1453,-1439,-1411,-1376,-1348,-1300,-1246,-1206
5075640.432,-1140,-1068,-1017,-936,-849,-758,-695,-598,-497,-428,-323,-217,-145,-37,72,144
5077309.776,251,358,427,530,630,694,788,878,935,1016,1092,1139,1205,1264,1299,1347
5078979.120,1387,1410,1438,1457,1466,1473,1472,1466,1452,1429,1410,1375,1332,1299,1245,1183
5080648.464,1139,1067,989,935,848,757,694,597,496,427,322,216,144,36,-73,-145
5082317.808,-252,-359,-428,-531,-631,-695,-789,-879,-936,-1017,-1093,-1140,-1206,-1265,-1300,-1348
5083987.152,-1419,-1443,-1471,-1491,-1503,-1507,-1506,-1496,-1485,-1462,-1431,-1406,-1363,-1312,-1274,-1211
5085656.496,-1142,-1092,-1013,-928,-868,-775,-678,-611,-508,-402,-331,-222,-111,-37,73,184
5087325.840,257,366,472,542,644,742,806,897,984,1039,1116,1188,1232,1292,1346,1377
5088995.184,1418,1452,1470,1490,1502,1506,1505,1495,1484,1461,1430,1405,1362,1311,1273,1210
5090664.528,1141,1091,1012,927,867,774,677,610,507,401,330,221,110,36,-74,-185
5092333.872,-258,-367,-473,-577,-645,-743,-838,-898,-985,-1066,-1117,-1189,-1253,-1293,-1347,-1393
5094003.216,-1419,-1453,-1478,-1491,-1503,-1507,-1506,-1496,-1478,-1462,-1431,-1393,-1363,-1312,-1253,-1211
5095672.560,-1142,-1066,-1013,-928,-838,-775,-678,-577,-508,-402,-295,-222,-111,0,73,184
5097341.904,294,366,472,576,644,742,837,897,984,1065,1116,1188,1252,1292,1346,1392
5099011.248,1418,1452,1477,1490,1502,1506,1505,1495,1477,1461,1430,1392,1362,1311,1252,1188
5100680.592,1141,1065,984,927,837,742,677,576,472,401,294,184,110,0,-111,-185
5102349.936,-295,-402,-473,-577,-678,-743,-838,-928,-985,-1066,-1142,-1189,-1253,-1312,-1347,-1393
5104019.280,-1463,-1485,-1511,-1529,-1536,-1540,-1536,-1529,-1511,-1485,-1463,-1423,-1376,-1340,-1281,-1215
5105688.624,-1167,-1089,-1006,-948,-856,-760,-693,-590,-484,-411,-301,-189,-114,0,113,188
5107357.968,300,410,483,589,692,759,855,947,1005,1088,1166,1214,1280,1339,1392,1422
5109027.312,1462,1493,1510,1528,1538,1539,1535,1523,1510,1484,1449,1422,1375,1320,1280,1214
5110696.656,1141,1088,1005,917,855,759,658,589,483,374,300,188,75,0,-114,-226
5112366.000,-301,-411,-519,-590,-693,-792,-856,-948,-1035,-1089,-1167,-1237,-1281,-1340,-1393,-1423
5114035.344,-1463,-1494,-1511,-1529,-1539,-1540,-1536,-1524,-1511,-1485,-1450,-1423,-1376,-1321,-1281,-1215
5115704.688,-1142,-1089,-1006,-918,-856,-760,-659,-590,-484,-375,-301,-189,-76,37,113,225
5117374.032,337,410,518,624,692,791,886,947,1034,1115,1166,1236,1301,1339,1392,1436
5119043.376,1462,1493,1517,1528,1538,1539,1535,1523,1502,1484,1449,1407,1375,1320,1259,1214
5120712.720,1141,1061,1005,917,823,759,658,554,483,374,263,188,75,-38,-114,-226
5122382.064,-338,-411,-519,-625,-693,-792,-887,-948,-1035,-1116,-1167,-1237,-1302,-1340,-1393,-1437
5124051.408,-1493,-1525,-1549,-1561,-1571,-1572,-1568,-1555,-1534,-1505,-1481,-1438,-1387,-1349,-1286,-1216
5125720.752,-1165,-1084,-998,-937,-841,-742,-673,-566,-457,-382,-269,-155,-78,38,154,230
5127390.096,344,456,529,637,741,808,905,997,1055,1138,1215,1262,1328,1386,1421,1466
5129059.440,1504,1524,1548,1564,1570,1571,1564,1554,1533,1504,1480,1437,1386,1348,1285,1215
5130728.784,1164,1083,997,936,840,741,672,565,456,381,268,154,77,-39,-155,-231
5132398.128,-345,-457,-530,-638,-742,-809,-906,-998,-1084,-1139,-1216,-1286,-1329,-1387,-1438,-1467
5134067.472,-1505,-1534,-1549,-1565,-1572,-1572,-1565,-1549,-1534,-1505,-1467,-1438,-1387,-1329,-1286,-1216
5135736.816,-1139,-1084,-998,-906,-841,-742,-638,-566,-457,-345,-269,-155,-39,38,154,268
5137406.160,344,456,565,637,741,840,905,997,1083,1138,1215,1285,1328,1386,1437,1466
5139075.504,1504,1533,1548,1564,1571,1571,1564,1548,1533,1504,1466,1437,1386,1328,1285,1215
5140744.848,1138,1083,997,905,840,741,637,529,456,344,230,154,38,-78,-155,-269
5142414.192,-382,-457,-566,-673,-742,-841,-937,-998,-1084,-1165,-1216,-1286,-1349,-1387,-1438,-1481
5144083.536,-1536,-1566,-1588,-1598,-1605,-1604,-1598,-1582,-1557,-1536,-1498,-1451,-1416,-1356,-1290,-1241
5145752.880,-1163,-1078,-1019,-925,-826,-757,-651,-541,-466,-352,-236,-158,-40,78,157,274
5147422.224,389,465,577,686,756,858,956,1018,1106,1189,1240,1312,1376,1415,1467,1511
5149091.568,1535,1565,1587,1600,1604,1603,1592,1581,1556,1523,1497,1450,1396,1355,1289,1215
5150760.912,1162,1077,987,924,825,721,650,540,428,351,235,118,39,-79,-197,-275
5152430.256,-390,-504,-578,-687,-792,-859,-957,-1049,-1107,-1190,-1266,-1313,-1377,-1434,-1468,-1512
5154099.600,-1547,-1566,-1588,-1601,-1605,-1604,-1593,-1582,-1557,-1524,-1498,-1451,-1397,-1356,-1290,-1216
5155768.944,-1163,-1078,-988,-925,-826,-722,-651,-541,-429,-352,-236,-119,-40,78,196,274
5157438.288,389,503,614,686,791,891,956,1048,1134,1189,1265,1334,1376,1433,1482,1511
5159107.632,1546,1574,1587,1600,1604,1603,1592,1574,1556,1523,1482,1450,1396,1334,1289,1215
5160776.976,1134,1077,987,891,825,721,614,540,428,313,235,118,0,-79,-197,-314
5162446.320,-390,-504,-615,-687,-792,-892,-957,-1049,-1135,-1190,-1266,-1335,-1377,-1434,-1483,-1512
5164115.664,-1579,-1607,-1621,-1634,-1638,-1637,-1626,-1607,-1589,-1556,-1514,-1481,-1426,-1362,-1316,-1241
5165785.008,-1159,-1070,-1008,-910,-808,-737,-627,-514,-437,-320,-201,-121,0,120,200,319
5167454.352,436,513,626,736,807,909,1007,1069,1158,1240,1291,1361,1425,1463,1513,1555
5169123.696,1578,1606,1625,1633,1637,1633,1625,1606,1578,1555,1513,1463,1425,1361,1291,1240
5170793.040,1158,1069,1007,909,807,736,626,513,436,319,200,120,0,-121,-201,-320
5172462.384,-437,-514,-627,-737,-808,-910,-1008,-1070,-1159,-1241,-1292,-1362,-1426,-1481,-1514,-1556
5174131.728,-1589,-1607,-1626,-1637,-1638,-1634,-1621,-1607,-1579,-1543,-1514,-1464,-1405,-1362,-1292,-1214
5175801.072,-1159,-1070,-976,-910,-808,-701,-627,-514,-399,-320,-201,-81,0,120,240,319
5177470.416,436,551,626,736,842,909,1007,1099,1158,1240,1315,1361,1425,1480,1513,1555
5179139.760,1588,1606,1625,1636,1637,1633,1620,1606,1578,1542,1513,1463,1404,1361,1291,1213
5180809.104,1158,1069,975,909,807,700,626,513,398,319,200,80,-41,-121,-241,-359
5182478.448,-437,-552,-664,-737,-843,-944,-1008,-1100,-1187,-1241,-1316,-1384,-1426,-1481,-1529,-1556
5184147.792,-1621,-1647,-1659,-1669,-1671,-1667,-1653,-1631,-1611,-1574,-1528,-1493,-1434,-1367,-1318,-1239
5185817.136,-1153,-1092,-996,-894,-824,-715,-602,-525,-407,-286,-205,-82,40,122,245,366
5187486.480,445,562,677,751,859,962,1028,1122,1210,1265,1342,1411,1453,1510,1558,1586
5189155.824,1620,1646,1658,1668,1670,1666,1652,1630,1610,1573,1527,1473,1433,1366,1291,1238
5190825.168,1152,1060,995,893,787,714,601,485,406,285,163,81,-41,-164,-246,-367
5192494.512,-486,-563,-678,-788,-860,-963,-1061,-1123,-1211,-1292,-1343,-1412,-1474,-1511,-1559,-1599
5194163.856,-1621,-1647,-1663,-1669,-1671,-1663,-1653,-1631,-1599,-1574,-1528,-1474,-1434,-1367,-1292,-1239
5195833.200,-1153,-1061,-996,-894,-788,-715,-602,-486,-407,-286,-164,-82,40,163,245,366
5197502.544,485,562,677,787,859,962,1060,1152,1210,1291,1366,1411,1473,1527,1558,1598
5199171.888,1630,1646,1662,1670,1670,1662,1646,1630,1598,1558,1527,1473,1411,1366,1291,1210
5200841.232,1152,1060,962,893,787,677,601,485,366,285,163,40,-41,-164,-286,-367
5202510.576,-486,-602,-678,-788,-894,-963,-1061,-1153,-1211,-1292,-1367,-1412,-1474,-1528,-1559,-1599
5204179.920,-1662,-1678,-1695,-1703,-1703,-1695,-1678,-1662,-1630,-1589,-1557,-1502,-1439,-1393,-1317,-1234
5205849.264,-1175,-1081,-981,-912,-803,-691,-574,-495,-374,-250,-167,-42,83,166,291,413
5207518.608,494,612,728,802,911,1014,1080,1174,1261,1316,1392,1460,1501,1556,1603,1629
5209187.952,1661,1684,1694,1702,1700,1694,1677,1651,1629,1588,1539,1501,1438,1367,1316,1233
5210857.296,1143,1080,980,875,802,690,573,494,373,249,166,41,-84,-167,-292,-414
5212526.640,-495,-613,-729,-803,-912,-1015,-1081,-1175,-1262,-1317,-1393,-1461,-1502,-1557,-1604,-1630
5214195.984,-1662,-1685,-1695,-1703,-1701,-1691,-1678,-1652,-1617,-1589,-1540,-1482,-1439,-1368,-1290,-1234
5215865.328,-1144,-1048,-981,-876,-766,-691,-574,-455,-374,-250,-126,-42,83,208,291,413
5217534.672,534,612,728,839,911,1014,1112,1174,1261,1342,1392,1460,1521,1556,1603,1641
5219204.016,1661,1684,1698,1702,1700,1690,1677,1651,1616,1588,1539,1481,1438,1367,1289,1233
5220873.360,1143,1047,980,875,765,690,573,454,373,249,125,41,-84,-209,-292,-414
5222542.704,-535,-652,-729,-840,-947,-1015,-1113,-1205,-1262,-1343,-1416,-1461,-1522,-1574,-1604,-1642
5224212.048,-1703,-1718,-1732,-1736,-1734,-1723,-1703,-1684,-1649,-1604,-1570,-1511,-1444,-1395,-1315,-1228
5225881.392,-1166,-1068,-965,-893,-781,-665,-585,-463,-339,-255,-128,0,85,212,338,421
5227550.736,544,664,742,855,964,1034,1133,1227,1286,1368,1443,1488,1550,1603,1634,1673
5229220.080,1702,1717,1731,1735,1733,1722,1702,1683,1648,1603,1569,1510,1443,1394,1314,1227
5230889.424,1133,1067,964,855,780,664,544,462,338,212,127,0,-128,-213,-339,-463
5232558.768,-545,-665,-781,-856,-965,-1068,-1134,-1228,-1315,-1369,-1444,-1511,-1551,-1604,-1649,-1674
5234228.112,-1703,-1723,-1732,-1736,-1732,-1723,-1703,-1674,-1649,-1604,-1551,-1511,-1444,-1369,-1315,-1228
5235897.456,-1134,-1068,-965,-856,-781,-665,-545,-463,-339,-213,-128,0,127,212,338,462
5237566.800,544,664,780,855,964,1067,1133,1227,1314,1368,1443,1510,1550,1603,1648,1683
5239236.144,1702,1722,1733,1735,1731,1717,1702,1673,1634,1603,1550,1488,1443,1368,1286,1227
5240905.488,1133,1034,964,855,742,664,544,421,338,212,85,0,-128,-255,-339,-463
5242574.832,-585,-665,-781,-893,-965,-1068,-1166,-1228,-1315,-1395,-1444,-1511,-1570,-1604,-1649,-1684
5244244.176,-1735,-1756,-1767,-1769,-1765,-1750,-1735,-1705,-1666,-1635,-1581,-1518,-1471,-1395,-1311,-1251
5245913.520,-1156,-1054,-983,-872,-757,-677,-555,-430,-346,-217,-87,43,130,259,387,471
5247582.864,595,716,795,909,1018,1088,1187,1281,1339,1420,1494,1539,1599,1650,1679,1715
5249252.208,1742,1755,1766,1768,1764,1749,1725,1704,1665,1617,1580,1517,1446,1394,1310,1219
5250921.552,1155,1053,946,871,756,636,554,429,302,216,86,-44,-131,-260,-388,-472
5252590.896,-596,-717,-796,-910,-1019,-1089,-1188,-1282,-1340,-1421,-1495,-1540,-1600,-1651,-1680,-1716
5254260.240,-1743,-1756,-1767,-1769,-1765,-1750,-1726,-1705,-1666,-1618,-1561,-1518,-1447,-1368,-1311,-1220
5255929.584,-1123,-1054,-947,-834,-757,-637,-514,-430,-303,-174,-87,43,173,259,387,513
5257598.928,595,716,833,909,1018,1122,1187,1281,1367,1420,1494,1560,1599,1650,1692,1715
5259268.272,1742,1760,1766,1768,1760,1749,1725,1692,1665,1617,1560,1517,1446,1367,1310,1219
5260937.616,1122,1053,946,833,756,636,513,429,302,173,86,-44,-174,-260,-388,-514
5262606.960,-596,-717,-834,-910,-1019,-1123,-1188,-1282,-1368,-1447,-1495,-1561,-1618,-1651,-1693,-1726
5264276.304,-1776,-1794,-1802,-1802,-1794,-1776,-1759,-1725,-1682,-1648,-1590,-1523,-1474,-1393,-1306,-1243
5265945.648,-1144,-1038,-965,-850,-731,-649,-524,-395,-309,-177,-45,44,176,308,394,523
5267614.992,648,730,849,964,1037,1143,1242,1305,1392,1473,1522,1589,1647,1681,1724,1758
5269284.336,1775,1793,1801,1801,1793,1775,1758,1724,1681,1647,1589,1522,1473,1392,1305,1242
5270953.680,1143,1037,964,849,730,607,523,394,264,176,44,-89,-177,-309,-438,-524
5272623.024,-649,-771,-850,-965,-1074,-1144,-1243,-1336,-1393,-1474,-1546,-1590,-1648,-1697,-1725,-1759
5274292.368,-1783,-1794,-1802,-1800,-1794,-1776,-1748,-1725,-1682,-1629,-1590,-1523,-1448,-1393,-1306,-1211
5275961.712,-1144,-1038,-927,-850,-731,-608,-524,-395,-265,-177,-45,88,176,308,437,523
5277631.056,648,770,849,964,1073,1143,1242,1335,1392,1473,1545,1589,1647,1696,1724,1758
5279300.400,1782,1793,1801,1799,1788,1775,1747,1710,1681,1628,1567,1522,1447,1364,1305,1210
5280969.744,1108,1037,926,810,730,607,480,394,264,132,44,-89,-221,-309,-438,-566
5282639.088,-649,-771,-889,-965,-1074,-1178,-1243,-1336,-1421,-1474,-1546,-1610,-1648,-1697,-1737,-1759
5284308.432,-1815,-1829,-1834,-1832,-1821,-1807,-1779,-1742,-1712,-1658,-1596,-1550,-1474,-1389,-1329,-1232
5285977.776,-1129,-1057,-943,-825,-744,-618,-490,-402,-270,-135,-45,89,224,313,445,575
5287647.120,660,784,903,1018,1092,1197,1296,1358,1445,1524,1573,1638,1694,1726,1767,1798
5289316.464,1814,1828,1833,1831,1820,1798,1778,1741,1694,1657,1595,1524,1473,1388,1296,1231
5290985.808,1128,1018,942,824,701,617,489,357,269,134,0,-90,-225,-358,-446,-576
5292655.152,-702,-785,-904,-1019,-1093,-1198,-1297,-1359,-1446,-1525,-1574,-1639,-1695,-1727,-1768,-1799
5294324.496,-1815,-1829,-1834,-1832,-1821,-1799,-1779,-1742,-1695,-1658,-1596,-1525,-1474,-1389,-1297,-1198
5295993.840,-1129,-1019,-904,-825,-702,-576,-490,-358,-225,-135,0,134,224,357,489,575
5297663.184,701,824,903,1018,1128,1197,1296,1388,1445,1524,1595,1638,1694,1741,1767,1798
5299332.528,1820,1828,1833,1828,1820,1798,1767,1741,1694,1638,1595,1524,1445,1388,1296,1197
5301001.872,1128,1018,903,824,701,575,489,357,224,134,0,-135,-225,-358,-490,-576
5302671.216,-702,-825,-904,-1019,-1129,-1198,-1297,-1389,-1446,-1525,-1596,-1639,-1695,-1742,-1779,-1799
5304340.560,-1853,-1865,-1867,-1862,-1847,-1832,-1800,-1758,-1725,-1668,-1602,-1553,-1472,-1384,-1321,-1220
5306009.904,-1113,-1038,-921,-799,-715,-586,-454,-365,-229,-92,0,137,273,364,497,628
5307679.248,714,839,959,1037,1148,1253,1320,1413,1499,1552,1624,1687,1724,1772,1810,1831
5309348.592,1852,1864,1866,1861,1846,1831,1799,1757,1724,1667,1601,1552,1471,1383,1320,1219
5311017.936,1112,1037,920,798,714,585,453,364,228,91,0,-138,-274,-410,-498,-629
5312687.280,-757,-840,-960,-1076,-1149,-1254,-1353,-1414,-1500,-1578,-1625,-1688,-1742,-1773,-1811,-1840
5314356.624,-1853,-1865,-1867,-1862,-1847,-1822,-1800,-1758,-1707,-1668,-1602,-1527,-1472,-1384,-1288,-1220
5316025.968,-1113,-999,-921,-799,-672,-586,-454,-320,-229,-92,45,137,273,409,497,628
5317695.312,756,839,959,1075,1148,1253,1352,1413,1499,1577,1624,1687,1741,1772,1810,1839
5319364.656,1852,1864,1866,1861,1846,1821,1799,1757,1706,1646,1601,1526,1443,1383,1287,1184
5321034.000,1112,998,880,798,671,541,453,319,183,91,-46,-184,-274,-410,-542,-629
5322703.344,-757,-881,-960,-1076,-1185,-1254,-1353,-1444,-1500,-1578,-1647,-1688,-1742,-1787,-1811,-1840
5324372.688,-1891,-1898,-1900,-1891,-1880,-1854,-1819,-1789,-1737,-1676,-1630,-1554,-1469,-1408,-1311,-1206
5326042.032,-1132,-1017,-896,-813,-684,-552,-462,-325,-187,-94,46,186,278,416,551,640
5327711.376,769,895,976,1094,1205,1275,1376,1468,1553,1605,1675,1736,1772,1818,1853,1871
5329380.720,1890,1899,1899,1890,1871,1853,1818,1772,1736,1675,1605,1553,1468,1376,1310,1205
5331050.064,1094,1016,895,769,683,551,416,324,186,46,-47,-187,-325,-417,-552,-684
5332719.408,-770,-896,-1017,-1095,-1206,-1311,-1377,-1469,-1554,-1606,-1676,-1737,-1773,-1819,-1854,-1872
5334388.752,-1891,-1900,-1900,-1891,-1872,-1854,-1819,-1773,-1737,-1676,-1606,-1554,-1469,-1377,-1311,-1206
5336058.096,-1095,-1017,-896,-770,-684,-552,-417,-279,-187,-47,93,186,324,461,551,683
5337727.440,812,895,1016,1131,1205,1310,1407,1468,1553,1629,1675,1736,1788,1818,1853,1879
5339396.784,1890,1899,1897,1890,1871,1843,1818,1772,1717,1675,1605,1526,1468,1376,1275,1205
5341066.128,1094,976,895,769,640,551,416,278,186,46,-94,-187,-325,-462,-552,-684
5342735.472,-813,-896,-1017,-1132,-1206,-1311,-1408,-1469,-1554,-1630,-1676,-1737,-1789,-1819,-1854,-1880
5344404.816,-1924,-1933,-1931,-1919,-1905,-1876,-1836,-1804,-1748,-1682,-1634,-1553,-1464,-1400,-1299,-1190
5346074.160,-1114,-994,-870,-784,-652,-516,-424,-284,-143,-48,94,236,330,469,606,695
5347743.504,826,952,1034,1151,1262,1332,1432,1523,1580,1657,1726,1767,1819,1862,1885,1911
5349412.848,1927,1932,1930,1918,1904,1875,1835,1803,1747,1681,1633,1552,1463,1399,1298,1189
5351082.192,1113,993,869,783,651,515,423,283,142,47,-95,-237,-331,-470,-607,-696
5352751.536,-827,-953,-1074,-1152,-1263,-1367,-1433,-1524,-1608,-1658,-1727,-1786,-1820,-1863,-1896,-1912
5354420.880,-1928,-1933,-1931,-1919,-1896,-1876,-1836,-1786,-1748,-1682,-1608,-1553,-1464,-1367,-1299,-1190
5356090.224,-1074,-994,-870,-740,-652,-516,-378,-284,-143,0,94,236,377,469,606,739
5357759.568,826,952,1073,1151,1262,1366,1432,1523,1607,1657,1726,1785,1819,1862,1895,1911
5359428.912,1927,1932,1930,1918,1895,1875,1835,1785,1747,1681,1607,1552,1463,1366,1298,1189
5361098.256,1073,952,869,739,606,515,377,236,142,0,-143,-237,-378,-516,-607,-740
5362767.600,-870,-953,-1074,-1190,-1263,-1367,-1464,-1524,-1608,-1682,-1727,-1786,-1836,-1863,-1896,-1919
5364436.944,-1960,-1965,-1960,-1951,-1928,-1894,-1866,-1816,-1756,-1710,-1634,-1550,-1488,-1390,-1284,-1209
5366106.288,-1092,-969,-884,-752,-617,-525,-384,-241,-145,0,144,240,383,524,616,751
5367775.632,883,968,1091,1208,1283,1389,1487,1549,1633,1709,1755,1815,1865,1906,1927,1950
5369444.976,1962,1964,1959,1943,1927,1893,1850,1815,1755,1685,1633,1549,1455,1389,1283,1170
5371114.320,1091,968,840,751,616,477,383,240,96,0,-145,-289,-384,-525,-662,-752
5372783.664,-884,-1011,-1092,-1209,-1320,-1390,-1488,-1579,-1634,-1710,-1777,-1816,-1866,-1907,-1928,-1951
5374453.008,-1963,-1965,-1960,-1944,-1928,-1894,-1851,-1816,-1756,-1686,-1634,-1550,-1456,-1390,-1284,-1171
5376122.352,-1092,-969,-841,-752,-617,-478,-384,-241,-97,0,144,288,430,524,661,796
5377791.696,883,1010,1131,1208,1319,1423,1487,1578,1660,1709,1776,1833,1865,1906,1936,1950
5379461.040,1962,1964,1959,1943,1917,1893,1850,1796,1755,1685,1606,1549,1455,1354,1283,1170
5381130.384,1051,968,840,707,616,477,335,240,96,-49,-145,-289,-431,-525,-662,-797
5382799.728,-884,-1011,-1132,-1209,-1320,-1424,-1488,-1579,-1661,-1710,-1777,-1834,-1866,-1907,-1937,-1951
5384469.072,-1996,-1998,-1993,-1977,-1950,-1926,-1882,-1827,-1785,-1714,-1634,-1545,-1481,-1378,-1268,-1191
5386138.416,-1069,-942,-855,-720,-580,-486,-342,-196,-99,49,195,293,437,579,673,809
5387807.760,941,1027,1150,1267,1341,1446,1544,1604,1687,1762,1806,1864,1911,1938,1968,1988
5389477.104,1995,1997,1988,1976,1949,1911,1881,1826,1762,1713,1633,1544,1480,1377,1267,1190
5391146.448,1068,941,854,719,579,485,341,195,98,-50,-196,-294,-438,-580,-674,-810
5392815.792,-942,-1028,-1151,-1268,-1342,-1447,-1545,-1634,-1688,-1763,-1827,-1865,-1912,-1950,-1969,-1989
5394485.136,-1998,-1998,-1989,-1969,-1950,-1912,-1865,-1827,-1763,-1688,-1634,-1545,-1447,-1378,-1268,-1151
5396154.480,-1069,-942,-810,-720,-580,-438,-342,-196,-50,49,195,341,437,579,719,809
5397823.824,941,1068,1150,1267,1377,1446,1544,1633,1687,1762,1826,1864,1911,1949,1968,1988
5399493.168,1997,1997,1988,1968,1949,1911,1864,1826,1762,1687,1633,1544,1446,1377,1267,1150
5401162.512,1068,941,809,719,579,437,293,195,49,-99,-196,-342,-486,-580,-720,-855
5402831.856,-942,-1069,-1191,-1268,-1378,-1481,-1545,-1634,-1714,-1763,-1827,-1882,-1912,-1950,-1977,-1989
5404501.200,-2031,-2029,-2022,-2002,-1971,-1944,-1895,-1836,-1792,-1716,-1632,-1570,-1471,-1364,-1289,-1170
5406170.544,-1045,-958,-824,-685,-590,-445,-299,-200,-50,99,199,347,493,589,730,868
5407839.888,957,1086,1209,1288,1400,1504,1569,1660,1741,1791,1856,1912,1943,1981,2008,2021
5409509.232,2030,2028,2021,2001,1970,1928,1894,1835,1767,1715,1631,1537,1470,1363,1249,1169
5411178.576,1044,913,823,684,541,444,298,149,49,-100,-249,-348,-494,-638,-731,-869
5412847.920,-1002,-1087,-1210,-1327,-1401,-1505,-1602,-1661,-1742,-1815,-1857,-1913,-1958,-1982,-2009,-2026
5414517.264,-2031,-2029,-2016,-2002,-1971,-1929,-1895,-1836,-1768,-1716,-1632,-1538,-1471,-1364,-1250,-1170
5416186.608,-1045,-914,-824,-685,-542,-445,-299,-150,-50,99,248,347,493,637,730,868
5417855.952,1001,1128,1209,1326,1436,1504,1601,1688,1741,1814,1876,1912,1957,1991,2008,2025
5419525.296,2030,2028,2015,1991,1970,1928,1876,1835,1767,1688,1631,1537,1436,1363,1249,1128
5421194.640,1044,913,777,684,541,396,298,149,0,-100,-249,-397,-494,-638,-778,-869
5422863.984,-1002,-1129,-1210,-1327,-1437,-1505,-1602,-1689,-1742,-1815,-1877,-1913,-1958,-1992,-2009,-2026
5424533.328,-2064,-2062,-2049,-2025,-2003,-1960,-1907,-1866,-1796,-1717,-1658,-1563,-1460,-1387,-1270,-1147
5426202.672,-1018,-928,-790,-648,-551,-403,-253,-152,0,151,252,402,550,647,789,927
5427872.016,1017,1146,1269,1348,1459,1562,1627,1716,1795,1843,1906,1959,1989,2024,2048,2058
5429541.360,2063,2058,2048,2024,1989,1959,1906,1843,1795,1716,1627,1562,1459,1348,1269,1146
5431210.704,1017,927,789,647,550,402,252,151,0,-152,-253,-403,-551,-648,-790,-928
5432880.048,-1018,-1147,-1270,-1349,-1460,-1563,-1628,-1717,-1796,-1844,-1907,-1960,-1990,-2025,-2049,-2062
5434549.392,-2064,-2059,-2042,-2025,-1990,-1944,-1907,-1844,-1771,-1717,-1628,-1530,-1460,-1349,-1230,-1147
5436218.736,-1018,-883,-790,-648,-502,-403,-253,-102,0,151,302,402,550,695,789,927
5437888.080,1061,1146,1269,1386,1459,1562,1657,1716,1795,1865,1906,1959,2002,2024,2048,2061
5439557.424,2063,2058,2041,2024,1989,1943,1906,1843,1770,1716,1627,1529,1459,1348,1229,1146
5441226.768,1017,882,789,647,501,402,252,101,0,-152,-303,-453,-551,-696,-837,-928
5442896.112,-1062,-1189,-1270,-1387,-1495,-1563,-1658,-1744,-1796,-1866,-1926,-1960,-2003,-2034,-2049,-2062
5444565.456,-2097,-2092,-2075,-2046,-2021,-1975,-1918,-1874,-1799,-1715,-1654,-1554,-1446,-1370,-1250,-1122
5446234.800,-1034,-897,-755,-658,-510,-359,-257,-103,51,154,307,459,559,706,849,942
5447904.144,1078,1207,1290,1408,1518,1587,1684,1771,1824,1895,1956,1991,2034,2066,2081,2094
5449573.488,2096,2091,2074,2045,2020,1974,1917,1873,1798,1714,1620,1553,1445,1330,1249,1121
5451242.832,988,896,754,608,509,358,205,102,-52,-206,-308,-460,-609,-707,-850,-989
5452912.176,-1079,-1208,-1331,-1409,-1519,-1621,-1685,-1772,-1850,-1896,-1957,-2007,-2035,-2067,-2087,-2095
5454581.520,-2097,-2087,-2075,-2046,-2007,-1975,-1918,-1850,-1799,-1715,-1621,-1554,-1446,-1331,-1250,-1122
5456250.864,-989,-897,-755,-609,-510,-359,-206,-103,51,205,307,459,608,706,849,988
5457920.208,1078,1207,1330,1408,1518,1620,1684,1771,1849,1917,1956,2006,2045,2066,2086,2096
5459589.552,2096,2086,2066,2045,2006,1956,1917,1849,1771,1714,1620,1518,1445,1330,1207,1121
5461258.896,988,849,754,608,459,358,205,51,-52,-206,-359,-460,-609,-755,-850,-989
5462928.240,-1122,-1208,-1331,-1446,-1519,-1621,-1715,-1772,-1850,-1918,-1957,-2007,-2046,-2067,-2087,-2097
5464597.584,-2654,-2642,-2615,-2590,-2540,-2477,-2427,-2341,-2243,-2170,-2052,-1923,-1830,-1684,-1529,-1420
5466266.928,-1252,-1076,-956,-771,-582,-390,-261,-66,130,260,453,644,770,955,1134,1251
5467936.272,1419,1580,1683,1829,1966,2051,2169,2276,2340,2426,2498,2539,2589,2625,2641,2653
5469605.616,2650,2641,2614,2574,2539,2476,2399,2340,2242,2131,2051,1922,1782,1683,1528,1364
5471274.960,1251,1075,894,770,581,389,260,65,-131,-261,-454,-645,-771,-956,-1135,-1252
5472944.304,-1420,-1581,-1684,-1830,-1967,-2052,-2170,-2277,-2341,-2427,-2499,-2540,-2590,-2626,-2642,-2654
5474613.648,-2651,-2642,-2615,-2575,-2520,-2477,-2400,-2310,-2243,-2132,-2010,-1923,-1783,-1633,-1529,-1365
5476282.992,-1194,-1076,-895,-708,-582,-390,-196,-66,130,324,453,644,832,955,1134,1308
5477952.336,1419,1580,1733,1829,1966,2092,2169,2276,2370,2426,2498,2557,2589,2625,2646,2653
5479621.680,2650,2633,2614,2574,2519,2476,2399,2309,2242,2131,2009,1922,1782,1632,1528,1364
5481291.024,1193,1075,894,707,581,389,195,65,-131,-325,-454,-645,-833,-956,-1135,-1309
5482960.368,-1420,-1581,-1734,-1877,-1967,-2093,-2207,-2277,-2371,-2452,-2499,-2558,-2603,-2626,-2647,-2654
5484629.712,-2716,-2699,-2667,-2638,-2582,-2512,-2458,-2366,-2261,-2184,-2059,-1923,-1826,-1673,-1511,-1398
5486299.056,-1223,-1041,-916,-726,-531,-399,-200,0,133,332,530,660,852,1040,1162,1340
5487968.400,1510,1619,1775,1922,2014,2143,2260,2332,2428,2511,2560,2620,2666,2689,2711,2718
5489637.744,2715,2698,2666,2637,2581,2511,2457,2365,2260,2183,2058,1922,1825,1672,1510,1340
5491307.088,1222,1040,852,725,530,332,199,0,-200,-333,-531,-726,-853,-1041,-1223,-1341
5492976.432,-1511,-1673,-1776,-1923,-2059,-2144,-2261,-2366,-2429,-2512,-2582,-2621,-2667,-2699,-2712,-2719
5494645.776,-2712,-2699,-2667,-2621,-2582,-2512,-2429,-2366,-2261,-2144,-2059,-1923,-1776,-1673,-1511,-1341
5496315.120,-1223,-1041,-853,-726,-531,-333,-200,0,199,332,530,725,852,1040,1222,1340
5497984.464,1510,1672,1775,1922,2058,2143,2260,2365,2428,2511,2581,2620,2666,2698,2715,2718
5499653.808,2711,2689,2666,2620,2560,2511,2428,2332,2260,2143,2014,1922,1775,1619,1510,1340
5501323.152,1162,1040,852,660,530,332,133,0,-200,-399,-531,-726,-916,-1041,-1223,-1398
5502992.496,-1511,-1673,-1826,-1923,-2059,-2184,-2261,-2366,-2458,-2512,-2582,-2638,-2667,-2699,-2716,-2719
5504661.840,-2712,-2690,-2667,-2621,-2561,-2512,-2429,-2333,-2261,-2144,-2015,-1923,-1776,-1620,-1511,-1341
5506331.184,-1163,-1041,-853,-661,-531,-333,-134,0,199,398,530,725,915,1101,1222,1397
5508000.528,1565,1672,1825,1969,2058,2183,2297,2365,2457,2536,2581,2637,2678,2698,2715,2718
5509669.872,2711,2689,2652,2620,2560,2485,2428,2332,2222,2143,2014,1874,1775,1619,1454,1340
5511339.216,1162,978,852,660,464,332,133,-67,-200,-399,-596,-726,-916,-1102,-1223,-1398
5513008.560,-1566,-1673,-1826,-1970,-2059,-2184,-2298,-2366,-2458,-2537,-2582,-2638,-2679,-2699,-2716,-2719
5514677.904,-2712,-2690,-2653,-2621,-2561,-2486,-2429,-2333,-2223,-2102,-2015,-1875,-1725,-1620,-1455,-1282
5516347.248,-1163,-979,-790,-661,-465,-267,-134,66,266,398,595,789,915,1101,1281,1397
5518016.592,1565,1724,1825,1969,2101,2183,2297,2397,2457,2536,2601,2637,2678,2705,2715,2718
5519685.936,2705,2689,2652,2601,2560,2485,2397,2332,2222,2101,2014,1874,1724,1619,1454,1281
5521355.280,1162,978,789,660,464,266,133,-67,-267,-399,-596,-790,-916,-1102,-1282,-1398
5523024.624,-1566,-1725,-1826,-1970,-2102,-2184,-2298,-2398,-2486,-2537,-2602,-2653,-2679,-2706,-2719,-2719
5524693.968,-2739,-2712,-2686,-2634,-2568,-2516,-2427,-2325,-2250,-2128,-1994,-1898,-1746,-1585,-1473,-1298
5526363.312,-1116,-991,-799,-603,-471,-270,-68,67,269,470,602,798,990,1115,1297,1472
5528032.656,1584,1745,1897,1993,2127,2249,2324,2426,2515,2567,2633,2685,2711,2738,2751,2751
5529702.000,2738,2711,2685,2633,2567,2515,2426,2324,2249,2127,1993,1897,1745,1584,1472,1297
5531371.344,1115,990,798,602,470,269,67,-136,-270,-471,-669,-799,-991,-1177,-1298,-1473
5533040.688,-1640,-1746,-1898,-2040,-2128,-2250,-2361,-2427,-2516,-2592,-2634,-2686,-2723,-2739,-2752,-2749
5534710.032,-2739,-2712,-2670,-2634,-2568,-2488,-2427,-2325,-2211,-2128,-1994,-1849,-1746,-1585,-1415,-1298
5536379.376,-1116,-928,-799,-603,-404,-270,-68,135,269,470,668,798,990,1176,1297,1472
5538048.720,1639,1745,1897,2039,2127,2249,2360,2426,2515,2591,2633,2685,2722,2738,2751,2748
5539718.064,2738,2711,2669,2613,2567,2487,2394,2324,2210,2083,1993,1848,1693,1584,1414,1237
5541387.408,1115,927,733,602,403,202,67,-136,-337,-471,-669,-864,-991,-1177,-1357,-1473
5543056.752,-1640,-1798,-1898,-2040,-2170,-2250,-2361,-2459,-2516,-2592,-2653,-2686,-2723,-2745,-2752,-2749
5544726.096,-2765,-2744,-2702,-2645,-2599,-2518,-2424,-2353,-2237,-2109,-2017,-1871,-1714,-1604,-1432,-1253
5546395.440,-1129,-939,-743,-611,-409,-205,-69,136,340,476,676,873,1002,1190,1372,1489
5548064.784,1658,1819,1969,2063,2195,2315,2388,2487,2572,2622,2684,2731,2754,2777,2784,2781
5549734.128,2764,2731,2701,2644,2572,2517,2423,2315,2236,2108,1969,1870,1713,1547,1431,1252
5551403.472,1065,938,742,543,408,204,0,-137,-341,-544,-677,-874,-1066,-1191,-1373,-1548
5553072.816,-1659,-1820,-1970,-2064,-2196,-2316,-2389,-2488,-2573,-2623,-2685,-2732,-2755,-2778,-2785,-2782
5554742.160,-2765,-2732,-2702,-2645,-2573,-2518,-2424,-2316,-2237,-2109,-1970,-1871,-1714,-1548,-1432,-1253
5556411.504,-1066,-874,-743,-544,-341,-205,0,204,340,543,742,873,1065,1252,1372,1547
5558080.848,1713,1819,1969,2108,2195,2315,2423,2487,2572,2644,2684,2731,2764,2777,2784,2777
5559750.192,2764,2731,2684,2644,2572,2487,2423,2315,2195,2108,1969,1819,1713,1547,1372,1252
5561419.536,1065,873,742,543,340,204,0,-205,-341,-544,-743,-874,-1066,-1253,-1373,-1548
5563088.880,-1714,-1820,-1970,-2109,-2196,-2316,-2424,-2488,-2573,-2645,-2685,-2732,-2765,-2782,-2785,-2778
5564758.224,-2787,-2763,-2715,-2653,-2603,-2517,-2417,-2343,-2221,-2088,-1992,-1840,-1679,-1565,-1389,-1205
5566427.568,-1078,-884,-685,-550,-345,-139,0,207,413,549,751,949,1077,1266,1448,1564
5568096.912,1733,1891,1991,2132,2262,2342,2450,2546,2602,2674,2732,2762,2795,2813,2816,2809
5569766.256,2786,2762,2714,2652,2602,2516,2416,2342,2220,2087,1991,1839,1678,1564,1388,1204
5571435.600,1077,883,684,549,344,138,0,-208,-414,-550,-752,-950,-1142,-1267,-1449,-1623
5573104.944,-1734,-1892,-2041,-2133,-2263,-2380,-2451,-2547,-2629,-2675,-2733,-2776,-2796,-2814,-2817,-2810
5574774.288,-2787,-2749,-2715,-2653,-2576,-2517,-2417,-2304,-2221,-2088,-1943,-1840,-1679,-1508,-1389,-1205
5576443.632,-1014,-884,-685,-482,-345,-139,69,207,413,617,751,949,1141,1266,1448,1622
5578112.976,1733,1891,2040,2132,2262,2379,2450,2546,2628,2674,2732,2775,2795,2813,2816,2809
5579782.320,2786,2748,2714,2652,2575,2516,2416,2303,2220,2087,1942,1787,1678,1507,1327,1204
5581451.664,1013,817,684,481,276,138,-70,-277,-414,-618,-818,-950,-1142,-1328,-1449,-1623
5583121.008,-1788,-1892,-2041,-2178,-2263,-2380,-2485,-2547,-2629,-2696,-2733,-2776,-2804,-2814,-2817,-2804
5584790.352,-2820,-2781,-2728,-2684,-2606,-2514,-2445,-2331,-2203,-2112,-1966,-1808,-1698,-1525,-1344,-1219
5586459.696,-1026,-828,-693,-488,-280,-140,69,279,418,624,827,960,1154,1343,1465,1641
5588129.040,1807,1913,2064,2202,2289,2407,2513,2605,2658,2727,2780,2807,2836,2849,2849,2836
5589798.384,2807,2780,2727,2658,2605,2513,2407,2330,2202,2064,1965,1807,1641,1524,1343,1154
5591467.728,1025,827,624,487,279,69,-70,-280,-488,-625,-828,-1026,-1155,-1344,-1525,-1642
5593137.072,-1808,-1966,-2065,-2203,-2331,-2408,-2514,-2606,-2659,-2728,-2781,-2808,-2837,-2850,-2850,-2837
5594806.416,-2808,-2781,-2728,-2659,-2606,-2514,-2408,-2331,-2203,-2065,-1966,-1808,-1642,-1525,-1344,-1155
5596475.760,-1026,-828,-625,-488,-280,-70,139,279,487,692,827,1025,1218,1343,1524,1697
5598145.104,1807,1965,2111,2202,2330,2444,2513,2605,2683,2727,2780,2819,2836,2849,2846,2836
5599814.448,2807,2764,2727,2658,2576,2513,2407,2289,2202,2064,1913,1807,1641,1465,1343,1154
5601483.792,960,827,624,418,279,69,-140,-280,-488,-693,-828,-1026,-1219,-1344,-1525,-1698
5603153.136,-1808,-1966,-2112,-2203,-2331,-2445,-2514,-2606,-2684,-2728,-2781,-2820,-2837,-2850,-2847,-2837
5604822.480,-2841,-2797,-2759,-2690,-2607,-2509,-2436,-2316,-2183,-2088,-1937,-1774,-1661,-1483,-1297,-1169
5606491.824,-972,-769,-632,-424,-213,-71,141,352,492,700,904,1037,1232,1421,1542,1717
5608161.168,1883,1987,2136,2272,2357,2472,2575,2635,2714,2778,2812,2851,2875,2882,2879,2861
5609830.512,2840,2796,2737,2689,2606,2508,2435,2315,2182,2087,1936,1773,1660,1482,1296,1168
5611499.856,971,768,631,423,212,70,-142,-353,-493,-701,-905,-1038,-1233,-1422,-1543,-1718
5613169.200,-1884,-2039,-2137,-2273,-2398,-2473,-2576,-2664,-2715,-2779,-2828,-2852,-2876,-2883,-2880,-2862
5614838.544,-2828,-2797,-2738,-2664,-2607,-2509,-2398,-2316,-2183,-2039,-1937,-1774,-1602,-1483,-1297,-1104
5616507.888,-972,-769,-563,-424,-213,0,141,352,562,700,904,1103,1232,1421,1601,1717
5618177.232,1883,2038,2136,2272,2397,2472,2575,2663,2714,2778,2827,2851,2875,2882,2879,2861
5619846.576,2827,2796,2737,2663,2606,2508,2397,2315,2182,2038,1936,1773,1601,1482,1296,1103
5621515.920,904,768,562,352,212,0,-213,-353,-563,-769,-905,-1104,-1297,-1422,-1602,-1774
5623185.264,-1884,-2039,-2183,-2273,-2398,-2509,-2576,-2664,-2738,-2779,-2828,-2862,-2876,-2883,-2876,-2862
5624854.608,-2860,-2811,-2769,-2694,-2605,-2538,-2425,-2299,-2208,-2062,-1905,-1794,-1620,-1438,-1311,-1116
5626523.952,-915,-778,-569,-357,-215,0,214,356,568,777,914,1115,1310,1437,1619,1793
5628193.296,1904,2061,2207,2298,2424,2537,2604,2693,2768,2810,2859,2894,2907,2915,2907,2884
5629862.640,2859,2810,2745,2693,2604,2501,2424,2298,2160,2061,1904,1736,1619,1437,1246,1115
5631531.984,914,708,568,356,143,0,-215,-428,-569,-778,-983,-1116,-1311,-1500,-1620,-1794
5633201.328,-1959,-2062,-2208,-2343,-2425,-2538,-2636,-2694,-2769,-2829,-2860,-2895,-2913,-2916,-2908,-2885
5634870.672,-2860,-2811,-2746,-2694,-2605,-2502,-2425,-2299,-2161,-2062,-1905,-1737,-1620,-1438,-1247,-1116
5636540.016,-915,-709,-569,-357,-144,0,214,427,568,777,982,1181,1310,1499,1679,1793
5638209.360,1958,2111,2207,2342,2463,2537,2635,2720,2768,2828,2873,2894,2912,2915,2907,2884
5639878.704,2845,2810,2745,2665,2604,2501,2384,2298,2160,2010,1904,1736,1559,1437,1246,1049
5641548.048,914,708,498,356,143,-72,-215,-428,-639,-778,-983,-1182,-1311,-1500,-1680,-1794
5643217.392,-1959,-2112,-2208,-2343,-2464,-2538,-2636,-2721,-2769,-2829,-2874,-2895,-2913,-2916,-2908,-2885
5644886.736,-2877,-2842,-2776,-2696,-2634,-2529,-2411,-2324,-2185,-2033,-1871,-1757,-1578,-1390,-1261,-1061
5646556.080,-856,-717,-504,-289,-145,72,288,432,645,855,993,1194,1389,1515,1697,1870
5648225.424,1979,2134,2278,2367,2490,2599,2664,2750,2820,2859,2904,2933,2944,2947,2933,2915
5649894.768,2876,2820,2775,2695,2599,2528,2410,2278,2184,2032,1870,1756,1577,1389,1260,1060
5651564.112,855,716,503,288,144,-73,-289,-433,-646,-856,-994,-1195,-1390,-1516,-1698,-1871
5653233.456,-1980,-2135,-2279,-2368,-2491,-2600,-2665,-2751,-2821,-2877,-2905,-2934,-2948,-2948,-2934,-2905
5654902.800,-2877,-2821,-2751,-2696,-2600,-2491,-2411,-2279,-2135,-2033,-1871,-1698,-1578,-1390,-1195,-1061
5656572.144,-856,-646,-504,-289,-73,72,288,503,645,855,1060,1194,1389,1577,1697,1870
5658241.488,2032,2134,2278,2410,2490,2599,2695,2750,2820,2876,2904,2933,2947,2947,2933,2904
5659910.832,2876,2820,2750,2695,2599,2490,2410,2278,2134,2032,1870,1697,1577,1389,1194,1060
5661580.176,855,645,503,288,72,-145,-289,-504,-717,-856,-1061,-1261,-1390,-1578,-1757,-1871
5663249.520,-2033,-2185,-2279,-2411,-2529,-2600,-2696,-2776,-2821,-2877,-2916,-2934,-2948,-2945,-2934,-2905
5664918.864,-2892,-2853,-2782,-2695,-2629,-2519,-2395,-2305,-2159,-2002,-1892,-1717,-1533,-1406,-1209,-1005
5666588.208,-866,-654,-438,-293,-74,146,292,509,724,865,1072,1274,1405,1594,1775,1891
5668257.552,2055,2208,2304,2437,2556,2628,2725,2806,2852,2908,2948,2966,2979,2977,2966,2937
5669926.896,2891,2852,2781,2694,2593,2518,2394,2257,2158,2001,1833,1716,1532,1340,1208,1004
5671596.240,795,653,437,219,73,-147,-365,-510,-725,-936,-1073,-1275,-1470,-1595,-1776,-1948
5673265.584,-2056,-2209,-2351,-2438,-2557,-2663,-2726,-2807,-2873,-2909,-2949,-2973,-2980,-2978,-2959,-2938
5674934.928,-2892,-2831,-2782,-2695,-2594,-2519,-2395,-2258,-2159,-2002,-1834,-1717,-1533,-1341,-1209,-1005
5676604.272,-796,-654,-438,-220,-74,146,364,509,724,935,1072,1274,1469,1594,1775,1947
5678273.616,2055,2208,2350,2478,2556,2662,2754,2806,2872,2923,2948,2972,2980,2977,2958,2923
5679942.960,2891,2830,2754,2694,2593,2478,2394,2257,2107,2001,1833,1656,1532,1340,1140,1004
5681612.304,795,581,437,219,0,-147,-365,-582,-725,-936,-1141,-1275,-1470,-1657,-1776,-1948
5683281.648,-2108,-2209,-2351,-2479,-2557,-2663,-2755,-2807,-2873,-2924,-2949,-2973,-2981,-2978,-2959,-2924
5684950.992,-2924,-2862,-2785,-2725,-2623,-2506,-2421,-2283,-2132,-2025,-1855,-1675,-1550,-1356,-1154,-946
5686620.336,-804,-589,-369,-222,0,221,368,588,803,945,1153,1355,1485,1674,1854,1968
5688289.680,2131,2282,2376,2505,2622,2692,2784,2861,2904,2955,2991,3005,3013,3005,2991,2955
5689959.024,2904,2861,2784,2692,2622,2505,2376,2282,2131,1968,1854,1674,1485,1355,1153,945
5691628.368,803,588,368,221,0,-222,-369,-589,-804,-946,-1154,-1356,-1486,-1675,-1855,-1969
5693297.712,-2132,-2283,-2377,-2506,-2623,-2693,-2785,-2862,-2905,-2956,-2992,-3006,-3014,-3006,-2982,-2956
5694967.056,-2905,-2838,-2785,-2693,-2586,-2506,-2377,-2234,-2132,-1969,-1796,-1675,-1486,-1289,-1154,-946
5696636.400,-733,-589,-369,-148,0,221,442,588,803,1015,1153,1355,1549,1674,1854,2024
5698305.744,2131,2282,2420,2505,2622,2724,2784,2861,2923,2955,2991,3010,3013,3005,2981,2955
5699975.088,2904,2837,2784,2692,2585,2505,2376,2233,2131,1968,1795,1674,1485,1288,1153,945
5701644.432,732,588,368,147,0,-222,-443,-589,-804,-1016,-1154,-1356,-1550,-1736,-1855,-2025
5703313.776,-2183,-2283,-2421,-2547,-2623,-2725,-2812,-2862,-2924,-2970,-2992,-3011,-3013,-3006,-2982,-2941
5704983.120,-2937,-2869,-2786,-2722,-2614,-2492,-2403,-2258,-2101,-1991,-1816,-1631,-1502,-1303,-1097,-956
5706652.464,-741,-521,-373,-150,74,224,447,667,812,1026,1234,1369,1566,1754,1874,2046
5708321.808,2206,2307,2447,2574,2651,2754,2842,2893,2955,3002,3024,3043,3045,3038,3013,2972
5709991.152,2936,2868,2785,2721,2613,2491,2402,2257,2100,1932,1815,1630,1436,1302,1096,884
5711660.496,740,520,298,149,-75,-299,-448,-668,-885,-1027,-1235,-1437,-1567,-1755,-1933,-2047
5713329.840,-2207,-2356,-2448,-2575,-2688,-2755,-2843,-2916,-2956,-3003,-3033,-3044,-3046,-3033,-3014,-2973
5714999.184,-2916,-2869,-2786,-2688,-2614,-2492,-2356,-2258,-2101,-1933,-1816,-1631,-1437,-1303,-1097,-885
5716668.528,-741,-521,-299,-150,74,298,447,667,884,1026,1234,1436,1566,1754,1932,2046
5718337.872,2206,2355,2447,2574,2687,2754,2842,2915,2972,3002,3032,3045,3045,3032,3002,2972
5720007.216,2915,2842,2785,2687,2574,2491,2355,2206,2100,1932,1754,1630,1436,1234,1096,884
5721676.560,667,520,298,74,-75,-299,-521,-668,-885,-1097,-1235,-1437,-1631,-1755,-1933,-2101
5723345.904,-2207,-2356,-2492,-2575,-2688,-2786,-2843,-2916,-2973,-3003,-3033,-3046,-3046,-3033,-3003,-2973
5725015.248,-2948,-2874,-2816,-2717,-2603,-2519,-2381,-2231,-2124,-1954,-1774,-1648,-1452,-1249,-1109,-895
5726684.592,-675,-527,-302,-76,75,301,526,748,894,1108,1316,1451,1647,1834,1953,2123
5728353.936,2282,2380,2518,2641,2716,2815,2899,2947,3005,3046,3065,3078,3076,3065,3034,2987
5730023.280,2947,2873,2784,2716,2602,2473,2380,2230,2068,1953,1773,1583,1451,1248,1037,894
5731692.624,674,451,301,75,-152,-302,-527,-749,-895,-1109,-1317,-1452,-1648,-1835,-1954,-2124
5733361.968,-2283,-2381,-2519,-2642,-2717,-2816,-2900,-2948,-3006,-3047,-3066,-3079,-3077,-3066,-3035,-2988
5735031.312,-2948,-2874,-2785,-2680,-2603,-2474,-2333,-2231,-2069,-1895,-1774,-1584,-1385,-1249,-1038,-822
5736700.656,-675,-452,-227,-76,151,377,526,748,966,1108,1316,1518,1647,1834,2011,2123
5738370.000,2282,2428,2518,2641,2751,2815,2899,2968,3005,3046,3071,3078,3076,3056,3034,2987
5740039.344,2924,2873,2784,2679,2602,2473,2332,2230,2068,1894,1773,1583,1384,1248,1037,821
5741708.688,674,451,226,75,-152,-378,-527,-749,-967,-1109,-1317,-1519,-1648,-1835,-2012,-2124
5743378.032,-2283,-2429,-2561,-2642,-2752,-2846,-2900,-2969,-3021,-3047,-3072,-3080,-3077,-3057,-3021,-2988
5745047.376,-2955,-2876,-2814,-2708,-2588,-2500,-2357,-2201,-2090,-1915,-1729,-1600,-1400,-1191,-1049,-830
5746716.720,-608,-457,-229,0,152,380,607,756,976,1190,1330,1533,1728,1853,2032,2200
5748386.064,2305,2453,2587,2669,2779,2875,2930,2999,3052,3078,3103,3111,3108,3088,3052,3018
5750055.408,2954,2875,2813,2707,2587,2499,2356,2200,2089,1914,1728,1599,1399,1190,1048,829
5751724.752,607,380,228,0,-229,-381,-608,-830,-977,-1191,-1400,-1534,-1729,-1915,-2033,-2201
5753394.096,-2357,-2454,-2588,-2708,-2780,-2876,-2955,-3000,-3053,-3089,-3104,-3112,-3104,-3089,-3053,-3000
5755063.440,-2955,-2876,-2780,-2708,-2588,-2454,-2357,-2201,-2033,-1915,-1729,-1534,-1400,-1191,-977,-830
5756732.784,-608,-381,-229,0,228,380,607,829,976,1190,1399,1533,1728,1914,2032,2200
5758402.128,2356,2453,2587,2707,2779,2875,2954,2999,3052,3088,3103,3111,3103,3078,3052,2999
5760071.472,2930,2875,2779,2669,2587,2453,2305,2200,2032,1853,1728,1533,1330,1190,976,756
5761740.816,607,380,152,0,-229,-457,-608,-830,-1049,-1191,-1400,-1600,-1729,-1915,-2090,-2201
5763410.160,-2357,-2500,-2588,-2708,-2814,-2876,-2955,-3019,-3053,-3089,-3109,-3112,-3104,-3079,-3053,-3000
5765079.504,-2962,-2906,-2810,-2698,-2615,-2480,-2331,-2224,-2055,-1874,-1748,-1551,-1345,-1204,-987,-765
5766748.848,-614,-385,-155,0,231,461,613,838,1059,1203,1413,1616,1810,1934,2111,2277
5768418.192,2381,2526,2656,2736,2842,2934,2986,3050,3098,3121,3141,3143,3136,3110,3068,3030
5770087.536,2961,2875,2809,2697,2571,2479,2330,2168,2054,1873,1682,1550,1344,1131,986,764
5771756.880,537,384,154,-78,-232,-462,-690,-839,-1060,-1275,-1414,-1617,-1811,-1935,-2112,-2278
5773426.224,-2382,-2527,-2657,-2737,-2843,-2935,-2987,-3051,-3099,-3122,-3142,-3144,-3137,-3111,-3069,-3031
5775095.568,-2962,-2876,-2810,-2698,-2572,-2480,-2331,-2169,-2055,-1874,-1683,-1483,-1345,-1132,-913,-765
5776764.912,-538,-309,-155,77,308,461,689,912,1059,1274,1482,1616,1810,1995,2111,2277
5778434.256,2431,2526,2656,2773,2842,2934,3009,3050,3098,3129,3141,3143,3129,3110,3068,3009
5780103.600,2961,2875,2773,2697,2571,2431,2330,2168,1995,1873,1682,1482,1344,1131,912,764
5781772.944,537,308,154,-78,-309,-462,-690,-913,-1060,-1275,-1483,-1617,-1811,-1996,-2112,-2278
5783442.288,-2432,-2527,-2657,-2774,-2843,-2935,-3010,-3069,-3099,-3130,-3144,-3144,-3130,-3099,-3069,-3010
5785111.632,-2965,-2906,-2803,-2685,-2599,-2457,-2302,-2192,-2017,-1830,-1701,-1499,-1288,-1144,-923,-697
5786780.976,-544,-312,-78,77,311,543,696,922,1143,1287,1498,1700,1829,2016,2191,2301
5788450.320,2456,2598,2684,2802,2905,2964,3041,3100,3131,3162,3176,3176,3162,3131,3100,3041
5790119.664,2964,2905,2802,2684,2598,2456,2301,2191,2016,1829,1700,1498,1287,1143,922,696
5791789.008,543,311,77,-78,-312,-544,-773,-923,-1144,-1359,-1499,-1701,-1894,-2017,-2192,-2355
5793458.352,-2457,-2599,-2726,-2803,-2906,-2993,-3042,-3101,-3144,-3163,-3177,-3175,-3163,-3132,-3083,-3042
5795127.696,-2965,-2873,-2803,-2685,-2553,-2457,-2302,-2135,-2017,-1830,-1634,-1499,-1288,-1071,-923,-697
5796797.040,-467,-312,-78,155,311,543,772,922,1143,1358,1498,1700,1893,2016,2191,2354
5798466.384,2456,2598,2725,2802,2905,2992,3041,3100,3143,3162,3176,3174,3162,3131,3082,3041
5800135.728,2964,2872,2802,2684,2552,2406,2301,2134,1955,1829,1633,1428,1287,1070,847,696
5801805.072,466,233,77,-156,-390,-544,-773,-997,-1144,-1359,-1567,-1701,-1894,-2076,-2192,-2355
5803474.416,-2506,-2599,-2726,-2839,-2906,-2993,-3063,-3101,-3144,-3170,-3177,-3175,-3155,-3132,-3083,-3018
5805143.760,-2996,-2903,-2794,-2713,-2580,-2432,-2326,-2157,-1976,-1849,-1651,-1444,-1302,-1082,-857,-704
5806813.104,-472,-237,-79,157,393,548,780,1007,1155,1372,1582,1717,1912,2097,2214,2379
5808482.448,2531,2669,2754,2868,2966,3023,3094,3149,3176,3202,3210,3207,3186,3149,3114,3048
5810151.792,2966,2902,2793,2669,2579,2431,2270,2156,1975,1783,1650,1443,1228,1081,856,626
5811821.136,471,236,0,-158,-394,-627,-781,-1008,-1229,-1373,-1583,-1784,-1913,-2098,-2271,-2380
5813490.480,-2532,-2670,-2755,-2869,-2967,-3024,-3095,-3150,-3177,-3203,-3211,-3208,-3187,-3150,-3115,-3049
5815159.824,-2967,-2903,-2794,-2670,-2580,-2432,-2271,-2157,-1976,-1784,-1651,-1444,-1229,-1082,-857,-627
5816829.168,-394,-237,0,236,393,626,856,1007,1228,1443,1582,1783,1975,2097,2270,2431
5818498.512,2531,2669,2793,2868,2966,3048,3094,3149,3186,3202,3210,3202,3186,3149,3094,3048
5820167.856,2966,2868,2793,2669,2531,2431,2270,2097,1975,1783,1582,1443,1228,1007,856,626
5821837.200,393,236,0,-237,-394,-627,-857,-1008,-1229,-1444,-1583,-1784,-1976,-2098,-2271,-2432
5823506.544,-2532,-2670,-2794,-2869,-2967,-3049,-3095,-3150,-3187,-3203,-3211,-3203,-3187,-3150,-3095,-3024
5825175.888,-2997,-2897,-2782,-2697,-2557,-2403,-2294,-2119,-1932,-1802,-1599,-1387,-1241,-1018,-788,-633
5826845.232,-397,-160,0,238,475,632,864,1092,1240,1458,1667,1801,1995,2177,2293,2455
5828514.576,2604,2696,2821,2931,2996,3079,3145,3180,3218,3239,3242,3234,3207,3180,3125,3053
5830183.920,2996,2896,2781,2696,2556,2402,2293,2118,1931,1801,1598,1386,1240,1017,787,632
5831853.264,396,159,0,-239,-476,-633,-865,-1093,-1241,-1459,-1668,-1868,-1996,-2178,-2349,-2456
5833522.608,-2605,-2740,-2822,-2932,-3026,-3080,-3146,-3196,-3219,-3240,-3242,-3235,-3208,-3165,-3126,-3054
5835191.952,-2965,-2897,-2782,-2652,-2557,-2403,-2237,-2119,-1932,-1735,-1599,-1387,-1168,-1018,-788,-555
5836861.296,-397,-160,79,238,475,710,864,1092,1314,1458,1667,1867,1995,2177,2348,2455
5838530.640,2604,2739,2821,2931,3025,3079,3145,3195,3218,3239,3241,3234,3207,3164,3125,3053
5840199.984,2964,2896,2781,2651,2556,2402,2236,2118,1931,1734,1528,1386,1167,941,787,554
5841869.328,317,159,-80,-318,-476,-711,-942,-1093,-1315,-1529,-1668,-1868,-2058,-2178,-2349,-2507
5843538.672,-2605,-2740,-2860,-2932,-3026,-3104,-3146,-3196,-3228,-3240,-3242,-3228,-3208,-3165,-3104,-3054
5845208.016,-2995,-2890,-2810,-2679,-2533,-2428,-2259,-2079,-1952,-1753,-1545,-1401,-1180,-951,-797,-561
5846877.360,-322,-161,80,321,480,717,950,1103,1327,1544,1684,1886,2078,2199,2372,2532
5848546.704,2631,2767,2889,2961,3056,3134,3177,3227,3260,3274,3274,3260,3227,3196,3134,3056
5850216.048,2994,2889,2767,2678,2532,2372,2258,2078,1886,1752,1544,1327,1179,950,717,560
5851885.392,321,80,-81,-322,-561,-718,-951,-1180,-1328,-1545,-1753,-1887,-2079,-2259,-2373,-2533
5853554.736,-2679,-2768,-2890,-2995,-3057,-3135,-3197,-3228,-3261,-3275,-3275,-3261,-3228,-3197,-3135,-3057
5855224.080,-2995,-2890,-2768,-2679,-2533,-2373,-2259,-2079,-1887,-1753,-1545,-1328,-1180,-951,-718,-561
5856893.424,-322,-81,80,321,560,796,950,1179,1400,1544,1752,1951,2078,2258,2427,2532
5858562.768,2678,2809,2889,2994,3084,3134,3196,3240,3260,3274,3272,3260,3227,3177,3134,3056
5860232.112,2961,2889,2767,2631,2532,2372,2199,2078,1886,1684,1544,1327,1103,950,717,480
5861901.456,321,80,-161,-322,-561,-797,-951,-1180,-1401,-1545,-1753,-1952,-2079,-2259,-2428,-2533
5863570.800,-2679,-2810,-2890,-2995,-3085,-3135,-3197,-3241,-3261,-3275,-3273,-3261,-3228,-3178,-3135,-3057
5865240.144,-2992,-2919,-2796,-2658,-2506,-2397,-2223,-2036,-1906,-1702,-1488,-1341,-1115,-883,-725,-486
5866909.488,-244,-82,162,405,565,804,1037,1190,1414,1630,1770,1971,2161,2281,2451,2608
5868578.832,2705,2838,2955,3025,3115,3189,3228,3273,3299,3307,3304,3284,3260,3209,3141,3087
5870248.176,2991,2879,2795,2657,2505,2396,2222,2035,1905,1701,1487,1340,1114,882,724,485
5871917.520,243,81,-163,-406,-566,-805,-1038,-1191,-1415,-1631,-1771,-1972,-2162,-2282,-2452,-2609
5873586.864,-2706,-2839,-2956,-3058,-3116,-3190,-3246,-3274,-3300,-3309,-3305,-3285,-3246,-3210,-3142,-3058
5875256.208,-2992,-2880,-2752,-2658,-2506,-2340,-2223,-2036,-1839,-1702,-1488,-1267,-1115,-883,-646,-486
5876925.552,-244,0,162,405,645,804,1037,1266,1414,1630,1838,1971,2161,2339,2451,2608
5878594.896,2751,2838,2955,3057,3115,3189,3245,3273,3299,3308,3304,3284,3245,3209,3141,3057
5880264.240,2991,2879,2751,2657,2505,2339,2222,2035,1838,1701,1487,1266,1114,882,645,405
5881933.584,243,0,-244,-406,-646,-883,-1038,-1267,-1488,-1631,-1839,-2036,-2162,-2340,-2506,-2609
5883602.928,-2752,-2880,-2956,-3058,-3142,-3190,-3246,-3285,-3300,-3309,-3300,-3285,-3246,-3190,-3142,-3058
5885272.272,-2986,-2908,-2779,-2635,-2531,-2364,-2183,-2057,-1857,-1648,-1503,-1279,-1049,-892,-653,-410
5886941.616,-246,0,245,409,652,891,1048,1278,1502,1647,1856,2056,2182,2363,2530,2634
5888610.960,2778,2907,2985,3087,3173,3220,3277,3316,3332,3341,3332,3316,3277,3220,3146,3087
5890280.304,2985,2866,2778,2634,2476,2363,2182,1990,1856,1647,1428,1278,1048,812,652,409
5891949.648,163,0,-246,-491,-653,-892,-1126,-1279,-1503,-1719,-1857,-2057,-2245,-2364,-2531,-2685
5893618.992,-2779,-2908,-3022,-3088,-3174,-3242,-3278,-3317,-3338,-3342,-3333,-3306,-3278,-3221,-3147,-3088
5895288.336,-2986,-2867,-2779,-2635,-2477,-2364,-2183,-1991,-1857,-1648,-1429,-1279,-1049,-813,-653,-410
5896957.680,-164,0,245,490,652,891,1125,1278,1502,1718,1856,2056,2244,2420,2530,2684
5898627.024,2823,2907,3021,3117,3173,3241,3292,3316,3337,3340,3332,3305,3260,3220,3146,3055
5900296.368,2985,2866,2732,2634,2476,2304,2182,1990,1787,1647,1428,1202,1048,812,571,409
5901965.712,163,-82,-246,-491,-733,-892,-1126,-1355,-1503,-1719,-1925,-2057,-2245,-2421,-2531,-2685
5903635.056,-2824,-2908,-3022,-3118,-3174,-3242,-3293,-3317,-3338,-3341,-3333,-3306,-3261,-3221,-3147,-3056
5905304.400,-3014,-2894,-2759,-2660,-2500,-2327,-2204,-2010,-1805,-1591,-1443,-1215,-980,-820,-577,-331
5906973.744,-166,82,330,495,739,979,1136,1367,1590,1734,1942,2140,2265,2443,2608,2709
5908643.088,2850,2975,3049,3147,3228,3272,3324,3357,3369,3372,3357,3337,3291,3228,3176,3084
5910312.432,2975,2893,2758,2608,2499,2326,2140,2009,1804,1590,1442,1214,979,819,576,330
5911981.776,165,-83,-331,-496,-740,-980,-1137,-1368,-1591,-1735,-1943,-2141,-2266,-2444,-2609,-2710
5913651.120,-2851,-2976,-3050,-3148,-3229,-3273,-3325,-3358,-3373,-3373,-3358,-3325,-3292,-3229,-3148,-3085
5915320.464,-2976,-2851,-2759,-2609,-2444,-2327,-2141,-1943,-1805,-1591,-1368,-1215,-980,-740,-577,-331
5916989.808,-83,82,330,576,739,979,1214,1367,1590,1804,1942,2140,2326,2443,2608,2758
5918659.152,2850,2975,3084,3147,3228,3291,3324,3357,3372,3372,3357,3324,3291,3228,3147,3084
5920328.496,2975,2850,2758,2608,2443,2326,2140,1942,1804,1590,1367,1214,979,739,576,330
5921997.840,82,-83,-331,-577,-740,-980,-1215,-1443,-1591,-1805,-2010,-2141,-2327,-2500,-2609,-2759
5923667.184,-2894,-2976,-3085,-3177,-3229,-3292,-3338,-3358,-3373,-3370,-3358,-3325,-3273,-3229,-3148,-3050
5925336.528,-3005,-2879,-2737,-2634,-2468,-2288,-2162,-1962,-1752,-1606,-1381,-1148,-989,-747,-500,-334
5927005.872,-84,167,333,582,827,988,1226,1456,1605,1822,2029,2161,2349,2524,2633,2785
5928675.216,2922,3004,3114,3207,3260,3324,3369,3390,3405,3402,3390,3356,3304,3260,3178,3079
5930344.560,3004,2878,2736,2579,2467,2287,2095,1961,1751,1531,1380,1147,908,746,499,250
5932013.904,83,-168,-418,-583,-828,-1069,-1227,-1457,-1680,-1823,-2030,-2226,-2350,-2525,-2686,-2786
5933683.248,-2923,-3044,-3115,-3208,-3284,-3325,-3370,-3398,-3406,-3403,-3382,-3357,-3305,-3235,-3179,-3080
5935352.592,-2965,-2879,-2737,-2580,-2468,-2288,-2096,-1962,-1752,-1532,-1381,-1148,-909,-747,-500,-251
5937021.936,-84,167,417,582,827,1068,1226,1456,1679,1822,2029,2225,2349,2524,2685,2785
5938691.280,2922,3043,3147,3207,3283,3341,3369,3397,3406,3402,3381,3341,3304,3234,3147,3079
5940360.624,2964,2832,2736,2579,2409,2287,2095,1892,1751,1531,1303,1147,908,664,499,250
5942029.968,0,-168,-418,-665,-828,-1069,-1304,-1457,-1680,-1893,-2030,-2226,-2410,-2525,-2686,-2833
5943699.312,-2923,-3044,-3148,-3208,-3284,-3342,-3370,-3398,-3407,-3403,-3382,-3342,-3305,-3235,-3148,-3080
5945368.656,-2993,-2861,-2763,-2605,-2433,-2311,-2117,-1912,-1769,-1547,-1317,-1159,-918,-672,-505,-254
5947038.000,0,253,421,671,917,1078,1316,1546,1695,1911,2116,2246,2432,2604,2711,2860
5948707.344,2992,3072,3178,3266,3315,3373,3414,3430,3439,3430,3414,3373,3315,3266,3178,3072
5950376.688,2992,2860,2711,2604,2432,2246,2116,1911,1695,1546,1316,1078,917,671,421,253
5952046.032,0,-254,-422,-672,-918,-1079,-1317,-1547,-1696,-1912,-2117,-2247,-2433,-2605,-2712,-2861
5953715.376,-2993,-3073,-3179,-3267,-3316,-3374,-3415,-3431,-3440,-3431,-3415,-3374,-3316,-3239,-3179,-3073
5955384.720,-2951,-2861,-2712,-2549,-2433,-2247,-2050,-1912,-1696,-1471,-1317,-1079,-836,-672,-422,-169
5957054.064,0,253,504,671,917,1158,1316,1546,1768,1911,2116,2310,2432,2604,2762,2860
5958723.408,2992,3109,3178,3266,3336,3373,3414,3435,3439,3430,3402,3373,3315,3238,3178,3072
5960392.752,2950,2860,2711,2548,2432,2246,2049,1911,1695,1470,1316,1078,835,671,421,168
5962062.096,0,-254,-505,-672,-918,-1159,-1317,-1547,-1769,-1912,-2117,-2311,-2492,-2605,-2763,-2907
5963731.440,-2993,-3110,-3210,-3267,-3337,-3390,-3415,-3436,-3439,-3431,-3403,-3357,-3316,-3239,-3145,-3073
5965400.784,-2979,-2840,-2738,-2574,-2395,-2269,-2069,-1858,-1712,-1485,-1250,-1090,-844,-594,-426,-171
5967070.128,85,255,509,760,926,1169,1407,1561,1785,1999,2136,2332,2515,2629,2789,2934
5968739.472,3021,3139,3240,3297,3368,3421,3446,3468,3471,3463,3435,3388,3347,3269,3174,3102
5970408.816,2978,2839,2737,2573,2394,2268,2068,1857,1711,1484,1249,1008,843,593,340,170
5972078.160,-86,-341,-510,-761,-1009,-1170,-1408,-1638,-1786,-2000,-2204,-2333,-2516,-2685,-2790,-2935
5973747.504,-3063,-3140,-3241,-3324,-3369,-3422,-3457,-3469,-3472,-3457,-3436,-3389,-3324,-3270,-3175,-3063
5975416.848,-2979,-2840,-2685,-2574,-2395,-2204,-2069,-1858,-1638,-1485,-1250,-1009,-844,-594,-341,-171
5977086.192,85,340,509,760,1008,1169,1407,1637,1785,1999,2203,2332,2515,2684,2789,2934
5978755.536,3062,3139,3240,3323,3368,3421,3456,3471,3471,3456,3421,3388,3323,3240,3174,3062
5980424.880,2934,2839,2684,2515,2394,2203,1999,1857,1637,1407,1249,1008,760,593,340,85
5982094.224,-86,-341,-594,-761,-1009,-1250,-1408,-1638,-1858,-2000,-2204,-2395,-2516,-2685,-2840,-2935
5983763.568,-3063,-3175,-3241,-3324,-3389,-3422,-3457,-3472,-3472,-3457,-3422,-3389,-3324,-3241,-3175,-3063
5985432.912,-2962,-2866,-2710,-2539,-2417,-2224,-2019,-1876,-1653,-1421,-1262,-1018,-768,-600,-344,-86
5987102.256,85,343,599,767,1017,1261,1498,1652,1875,2087,2223,2416,2596,2709,2865,3006
5988771.600,3091,3204,3300,3353,3419,3466,3487,3503,3500,3487,3453,3399,3353,3269,3168,3091
5990440.944,2961,2815,2709,2538,2353,2223,2018,1801,1652,1420,1180,1017,767,514,343,85
5992110.288,-172,-344,-600,-852,-1018,-1262,-1499,-1653,-1876,-2088,-2224,-2417,-2597,-2710,-2866,-3007
5993779.632,-3092,-3205,-3301,-3354,-3420,-3467,-3488,-3504,-3501,-3488,-3454,-3400,-3354,-3270,-3169,-3092
5995448.976,-2962,-2816,-2710,-2539,-2354,-2157,-2019,-1802,-1576,-1421,-1181,-935,-768,-515,-258,-86
5997118.320,171,429,599,851,1099,1261,1498,1727,1875,2087,2289,2416,2596,2763,2865,3006
5998787.664,3130,3204,3300,3377,3419,3466,3495,3503,3500,3478,3453,3399,3327,3269,3168,3049
6000457.008,2961,2815,2653,2538,2353,2156,2018,1801,1575,1420,1180,934,767,514,257,85
6002126.352,-172,-430,-600,-852,-1100,-1262,-1499,-1728,-1876,-2088,-2290,-2417,-2597,-2764,-2866,-3007
6003795.696,-3131,-3239,-3301,-3378,-3438,-3467,-3496,-3505,-3501,-3479,-3438,-3400,-3328,-3239,-3169,-3050
6005465.040,-2942,-2842,-2679,-2502,-2376,-2177,-1966,-1819,-1591,-1354,-1192,-944,-691,-520,-261,0
6007134.384,173,433,690,859,1109,1353,1512,1743,1965,2107,2310,2501,2621,2789,2941,3034
6008803.728,3160,3268,3331,3409,3469,3499,3528,3537,3533,3511,3469,3431,3359,3268,3198,3078
6010473.072,2941,2841,2678,2501,2375,2176,1965,1818,1590,1353,1191,943,690,519,260,0
6012142.416,-261,-434,-691,-944,-1110,-1354,-1591,-1744,-1966,-2177,-2311,-2502,-2679,-2790,-2942,-3079
6013811.760,-3161,-3269,-3360,-3410,-3470,-3512,-3529,-3538,-3529,-3512,-3470,-3410,-3360,-3269,-3161,-3079
6015481.104,-2942,-2790,-2679,-2502,-2311,-2177,-1966,-1744,-1591,-1354,-1110,-944,-691,-434,-261,0
6017150.448,260,433,690,943,1109,1353,1590,1743,1965,2176,2310,2501,2678,2789,2941,3078
6018819.792,3160,3268,3359,3409,3469,3511,3528,3537,3528,3511,3469,3409,3359,3268,3160,3034
6020489.136,2941,2789,2621,2501,2310,2107,1965,1743,1512,1353,1109,859,690,433,173,0
6022158.480,-261,-520,-691,-944,-1192,-1354,-1591,-1819,-1966,-2177,-2376,-2502,-2679,-2842,-2942,-3079
6023827.824,-3199,-3269,-3360,-3432,-3470,-3512,-3534,-3538,-3529,-3500,-3470,-3410,-3332,-3269,-3161,-3035
6025497.168,-2970,-2816,-2646,-2526,-2333,-2128,-1984,-1761,-1527,-1367,-1121,-868,-697,-438,-176,0
6027166.512,262,523,696,952,1203,1366,1605,1835,1983,2196,2398,2586,2703,2868,3016,3106
6028835.856,3228,3331,3390,3463,3518,3544,3566,3569,3561,3532,3484,3441,3362,3264,3189,3062
6030505.200,2919,2815,2645,2462,2332,2127,1910,1760,1526,1285,1120,867,610,437,175,-88
6032174.544,-263,-524,-783,-953,-1204,-1448,-1606,-1836,-2057,-2197,-2399,-2587,-2704,-2869,-3017,-3107
6033843.888,-3229,-3332,-3391,-3464,-3519,-3545,-3567,-3570,-3562,-3533,-3485,-3442,-3363,-3265,-3190,-3063
6035513.232,-2920,-2816,-2646,-2463,-2333,-2128,-1911,-1761,-1527,-1286,-1037,-868,-611,-351,-176,87
6037182.576,350,523,782,1036,1203,1447,1683,1835,2056,2265,2398,2586,2760,2868,3016,3149
6038851.920,3228,3331,3417,3463,3518,3553,3566,3569,3553,3532,3484,3417,3362,3264,3149,3062
6040521.264,2919,2760,2645,2462,2265,2127,1910,1683,1526,1285,1036,867,610,350,175,-88
6042190.608,-351,-524,-783,-1037,-1204,-1448,-1684,-1836,-2057,-2266,-2399,-2587,-2761,-2869,-3017,-3150
6043859.952,-3229,-3332,-3418,-3464,-3519,-3554,-3567,-3570,-3554,-3519,-3485,-3418,-3332,-3265,-3150,-3017
6045529.296,-2947,-2786,-2611,-2486,-2287,-2076,-1929,-1699,-1461,-1298,-1047,-790,-617,-354,-89,88
6047198.640,353,616,789,1046,1297,1460,1698,1928,2075,2286,2485,2610,2785,2946,3044,3178
6048867.984,3294,3362,3448,3516,3550,3586,3602,3602,3586,3550,3516,3448,3362,3294,3178,3044
6050537.328,2946,2785,2610,2485,2286,2075,1928,1698,1460,1297,1046,789,616,353,88,-89
6052206.672,-354,-617,-790,-1047,-1298,-1541,-1699,-1929,-2147,-2287,-2486,-2671,-2786,-2947,-3092,-3179
6053876.016,-3295,-3394,-3449,-3517,-3565,-3587,-3603,-3600,-3587,-3551,-3496,-3449,-3363,-3258,-3179,-3045
6055545.360,-2895,-2786,-2611,-2421,-2287,-2076,-1853,-1699,-1461,-1215,-1047,-790,-529,-354,-89,176
6057214.704,353,616,875,1046,1297,1540,1698,1928,2146,2286,2485,2670,2785,2946,3091,3178
6058884.048,3294,3393,3448,3516,3564,3586,3602,3599,3586,3550,3495,3448,3362,3257,3178,3044
6060553.392,2894,2785,2610,2420,2217,2075,1852,1620,1460,1214,961,789,528,265,88,-177
6062222.736,-442,-617,-876,-1131,-1298,-1541,-1777,-1929,-2147,-2355,-2486,-2671,-2842,-2947,-3092,-3220
6063892.080,-3295,-3394,-3474,-3517,-3565,-3595,-3603,-3600,-3577,-3551,-3496,-3422,-3363,-3258,-3136,-3045
6065561.424,-2922,-2754,-2634,-2443,-2238,-2095,-1870,-1636,-1474,-1226,-970,-797,-534,-268,-90,178
6067230.768,445,621,883,1140,1308,1555,1792,1945,2166,2375,2507,2694,2867,2973,3119,3248
6068900.112,3324,3424,3505,3566,3597,3627,3636,3632,3609,3566,3527,3453,3360,3287,3164,3023
6070569.456,2921,2753,2571,2442,2237,2020,1869,1635,1391,1225,969,709,533,267,0,-179
6072238.800,-446,-710,-884,-1141,-1392,-1556,-1793,-2021,-2167,-2376,-2572,-2695,-2868,-3024,-3120,-3249
6073908.144,-3361,-3425,-3506,-3567,-3598,-3628,-3637,-3633,-3610,-3567,-3528,-3454,-3361,-3288,-3165,-3024
6075577.488,-2922,-2754,-2572,-2443,-2238,-2021,-1870,-1636,-1392,-1226,-970,-710,-534,-268,0,267
6077246.832,445,709,969,1140,1391,1635,1792,2020,2237,2375,2571,2753,2867,3023,3164,3248
6078916.176,3360,3453,3505,3566,3609,3627,3636,3627,3609,3566,3505,3453,3360,3248,3164,3023
6080585.520,2867,2753,2571,2375,2237,2020,1792,1635,1391,1140,969,709,445,267,0,-268
6082254.864,-446,-710,-970,-1141,-1392,-1636,-1793,-2021,-2238,-2376,-2572,-2754,-2868,-3024,-3165,-3249
6083924.208,-3361,-3454,-3506,-3567,-3610,-3628,-3637,-3628,-3610,-3567,-3506,-3454,-3361,-3249,-3120,-3024
6085593.552,-2893,-2719,-2595,-2397,-2186,-2039,-1809,-1569,-1404,-1151,-892,-716,-450,-181,0,269
6087262.896,538,715,978,1236,1403,1649,1886,2038,2257,2463,2594,2778,2946,3050,3192,3316
6088932.240,3389,3483,3558,3598,3641,3664,3668,3658,3629,3598,3535,3454,3389,3277,3146,3050
6090601.584,2892,2718,2594,2396,2185,2038,1808,1568,1403,1150,891,715,449,180,0,-270
6092270.928,-539,-716,-979,-1237,-1404,-1650,-1887,-2039,-2258,-2464,-2595,-2779,-2947,-3100,-3193,-3317
6093940.272,-3424,-3484,-3559,-3615,-3642,-3665,-3668,-3659,-3630,-3580,-3536,-3455,-3355,-3278,-3147,-3000
6095609.616,-2893,-2719,-2530,-2397,-2186,-1963,-1809,-1569,-1321,-1151,-892,-628,-450,-181,90,269
6097278.960,538,803,978,1236,1486,1649,1886,2112,2257,2463,2657,2778,2946,3099,3192,3316
6098948.304,3423,3483,3558,3614,3641,3664,3667,3658,3629,3579,3535,3454,3354,3277,3146,2999
6100617.648,2892,2718,2529,2396,2185,1962,1808,1568,1320,1065,891,627,359,180,-91,-360
6102286.992,-539,-804,-1066,-1237,-1487,-1730,-1887,-2113,-2328,-2464,-2658,-2837,-2947,-3100,-3236,-3317
6103956.336,-3424,-3511,-3559,-3615,-3652,-3665,-3668,-3652,-3630,-3580,-3511,-3455,-3355,-3236,-3147,-3000
6105625.680,-3267,-3132,-2914,-2681,-2518,-2261,-1993,-1807,-1521,-1227,-1027,-723,-415,-208,103,414
6107295.024,620,925,1226,1423,1712,1992,2172,2433,2680,2837,3060,3266,3394,3570,3726,3820
6108964.368,3942,4043,4099,4163,4205,4220,4224,4205,4163,4123,4043,3942,3863,3726,3570,3455
6110633.712,3266,3060,2913,2680,2433,2260,1992,1712,1520,1226,925,722,414,103,-104,-415
6112303.056,-723,-926,-1227,-1521,-1713,-1993,-2261,-2434,-2681,-2914,-3061,-3267,-3456,-3571,-3727,-3864
6113972.400,-3943,-4044,-4124,-4164,-4206,-4225,-4225,-4206,-4164,-4124,-4044,-3943,-3864,-3727,-3571,-3456
6115641.744,-3267,-3061,-2914,-2681,-2434,-2261,-1993,-1713,-1521,-1227,-926,-723,-415,-104,103,414
6117311.088,722,925,1226,1520,1712,1992,2260,2517,2680,2913,3131,3266,3455,3624,3726,3863
6118980.432,3978,4043,4123,4180,4205,4224,4220,4205,4163,4099,4043,3942,3820,3726,3570,3394
6120649.776,3266,3060,2837,2680,2433,2172,1992,1712,1423,1226,925,620,414,103,-208,-415
6122319.120,-723,-1027,-1227,-1521,-1807,-1993,-2261,-2518,-2681,-2914,-3132,-3267,-3456,-3625,-3727,-3864
6123988.464,-3979,-4044,-4124,-4181,-4206,-4225,-4221,-4206,-4164,-4100,-4044,-3943,-3821,-3727,-3571,-3395
6125657.808,-3318,-3109,-2883,-2641,-2472,-2207,-1930,-1740,-1446,-1145,-941,-630,-316,-106,210,525
6127327.152,733,1042,1346,1544,1835,2115,2296,2556,2803,2959,3180,3383,3508,3681,3833,3923
6128996.496,4041,4136,4187,4245,4280,4290,4286,4259,4228,4163,4075,4004,3879,3734,3625,3447
6130665.840,3249,3108,2882,2640,2471,2206,1929,1739,1445,1144,940,629,315,105,-211,-526
6132335.184,-734,-1043,-1347,-1545,-1836,-2116,-2297,-2557,-2804,-2960,-3181,-3384,-3509,-3682,-3834,-3924
6134004.528,-4042,-4137,-4210,-4246,-4281,-4292,-4287,-4260,-4210,-4164,-4076,-3966,-3880,-3735,-3569,-3448
6135673.872,-3250,-3035,-2883,-2641,-2385,-2207,-1930,-1643,-1446,-1145,-838,-630,-316,0,210,525
6137343.216,837,1042,1346,1642,1835,2115,2384,2556,2803,3034,3180,3383,3568,3681,3833,3965
6139012.560,4041,4136,4209,4245,4280,4291,4286,4259,4209,4163,4075,3965,3879,3734,3568,3447
6140681.904,3249,3034,2882,2640,2384,2206,1929,1642,1445,1144,837,629,315,0,-211,-526
6142351.248,-838,-1145,-1347,-1643,-1930,-2116,-2385,-2641,-2804,-3035,-3250,-3384,-3569,-3735,-3834,-3966
6144020.592,-4076,-4137,-4210,-4260,-4281,-4292,-4281,-4260,-4210,-4137,-4076,-3966,-3834,-3735,-3569,-3384
6145689.936,-3250,-3035,-2804,-2641,-2385,-2116,-1930,-1643,-1347,-1145,-838,-526,-316,0,315,525
6147359.280,837,1144,1346,1642,1929,2115,2384,2640,2803,3034,3249,3383,3568,3734,3833,3965
6149028.624,4075,4136,4209,4259,4280,4291,4280,4259,4209,4136,4075,3965,3833,3681,3568,3383
6150697.968,3180,3034,2803,2556,2384,2115,1835,1642,1346,1042,837,525,210,0,-316,-630
6152367.312,-838,-1145,-1446,-1643,-1930,-2207,-2385,-2641,-2883,-3035,-3250,-3448,-3569,-3735,-3880,-3966
6154036.656,-4076,-4164,-4210,-4260,-4287,-4292,-4281,-4246,-4210,-4137,-4042,-3966,-3834,-3682,-3569,-3384
6155706.000,-3181,-3035,-2804,-2557,-2385,-2116,-1836,-1643,-1347,-1043,-838,-526,-211,0,315,629
6157375.344,837,1144,1445,1642,1929,2206,2384,2640,2882,3034,3249,3447,3625,3734,3879,4004
6159044.688,4075,4163,4228,4259,4286,4290,4280,4245,4187,4136,4041,3923,3833,3681,3508,3383
6160714.032,3180,2959,2803,2556,2296,2115,1835,1544,1346,1042,733,525,210,-106,-316,-630
6162383.376,-941,-1145,-1446,-1740,-1930,-2207,-2472,-2641,-2883,-3109,-3250,-3448,-3626,-3735,-3880,-4005
6164052.720,-4076,-4164,-4229,-4260,-4287,-4291,-4281,-4246,-4188,-4137,-4042,-3924,-3834,-3682,-3509,-3384
6165722.064,-3205,-2983,-2825,-2577,-2314,-2132,-1850,-1557,-1357,-1051,-740,-424,-213,106,423,634
6167391.408,947,1255,1457,1752,2038,2223,2490,2743,2904,3132,3343,3473,3653,3814,3909,4035
6169060.752,4138,4195,4261,4304,4319,4323,4304,4278,4219,4138,4072,3953,3814,3709,3535,3343
6170730.096,3204,2982,2743,2576,2313,2038,1849,1556,1255,1050,739,423,212,-107,-424,-635
6172399.440,-948,-1256,-1458,-1753,-2039,-2224,-2491,-2744,-2905,-3133,-3344,-3474,-3654,-3815,-3910,-4036
6174068.784,-4139,-4196,-4262,-4305,-4320,-4324,-4305,-4262,-4220,-4139,-4036,-3954,-3815,-3654,-3536,-3344
6175738.128,-3133,-2983,-2744,-2491,-2314,-2039,-1753,-1557,-1256,-948,-740,-424,-107,106,423,739
6177407.472,947,1255,1556,1752,2038,2313,2490,2743,2982,3132,3343,3535,3653,3814,3953,4035
6179076.816,4138,4219,4261,4304,4323,4323,4304,4261,4219,4138,4035,3953,3814,3653,3535,3343
6180746.160,3132,2982,2743,2490,2313,2038,1752,1556,1255,947,739,423,106,-107,-424,-740
6182415.504,-948,-1256,-1557,-1753,-2039,-2314,-2577,-2744,-2983,-3205,-3344,-3536,-3710,-3815,-3954,-4073
6184084.848,-4139,-4220,-4279,-4305,-4324,-4320,-4305,-4262,-4196,-4139,-4036,-3910,-3815,-3654,-3474,-3344
6185754.192,-3156,-2926,-2764,-2509,-2240,-2054,-1766,-1468,-1265,-955,-640,-428,-107,213,427,744
6187423.536,1058,1264,1568,1862,2053,2330,2595,2763,3004,3228,3367,3562,3736,3842,3983,4102
6189092.880,4169,4251,4309,4335,4355,4351,4335,4292,4226,4169,4064,3938,3842,3680,3499,3367
6190762.224,3155,2925,2763,2508,2239,1958,1765,1467,1161,954,639,320,106,-214,-534,-745
6192431.568,-1059,-1367,-1569,-1863,-2148,-2331,-2596,-2846,-3005,-3229,-3435,-3563,-3737,-3892,-3984,-4103
6194100.912,-4200,-4252,-4310,-4346,-4356,-4352,-4325,-4293,-4227,-4137,-4065,-3939,-3791,-3681,-3500,-3299
6195770.256,-3156,-2926,-2681,-2509,-2240,-1959,-1766,-1468,-1162,-955,-640,-321,-107,213,533,744
6197439.600,1058,1366,1568,1862,2147,2330,2595,2845,3004,3228,3434,3562,3736,3891,3983,4102
6199108.944,4199,4273,4309,4345,4356,4351,4324,4273,4226,4136,4025,3938,3790,3622,3499,3298
6200778.288,3080,2925,2680,2420,2239,1958,1667,1467,1161,850,639,320,0,-214,-534,-851
6202447.632,-1059,-1367,-1668,-1863,-2148,-2421,-2596,-2846,-3081,-3229,-3435,-3623,-3737,-3892,-4026,-4103
6204116.976,-4200,-4274,-4310,-4346,-4357,-4352,-4325,-4274,-4227,-4137,-4026,-3939,-3791,-3623,-3500,-3299
6205786.320,-3105,-2949,-2701,-2439,-2257,-1974,-1680,-1479,-1171,-857,-645,-323,0,215,537,856
6207455.664,1170,1376,1679,1973,2163,2438,2700,2867,3104,3323,3460,3650,3819,3921,4055,4168
6209125.008,4230,4305,4356,4377,4389,4377,4356,4305,4230,4168,4055,3921,3819,3650,3460,3323
6210794.352,3104,2867,2700,2438,2163,1973,1679,1376,1170,856,537,322,0,-323,-538,-857
6212463.696,-1171,-1377,-1680,-1974,-2164,-2439,-2701,-2868,-3105,-3324,-3461,-3651,-3820,-3922,-4056,-4169
6214133.040,-4231,-4306,-4357,-4378,-4390,-4378,-4357,-4306,-4231,-4169,-4056,-3922,-3820,-3651,-3461,-3253
6215802.384,-3105,-2868,-2616,-2439,-2164,-1877,-1680,-1377,-1067,-857,-538,-216,0,322,644,856
6217471.728,1170,1478,1679,1973,2256,2438,2700,2948,3104,3323,3526,3650,3819,3968,4055,4168
6219141.072,4258,4305,4356,4384,4389,4377,4342,4305,4230,4133,4055,3921,3765,3650,3460,3252
6220810.416,3104,2867,2615,2438,2163,1876,1679,1376,1066,856,537,215,0,-323,-645,-857
6222479.760,-1171,-1479,-1680,-1974,-2257,-2439,-2701,-2949,-3105,-3324,-3527,-3709,-3820,-3969,-4096,-4169
6224149.104,-4259,-4326,-4357,-4385,-4389,-4378,-4343,-4284,-4231,-4134,-4014,-3922,-3766,-3590,-3461,-3253
6225818.448,-3050,-2889,-2635,-2367,-2181,-1892,-1592,-1388,-1075,-757,-542,-218,108,325,648,969
6227487.792,1179,1490,1792,1988,2273,2546,2721,2970,3203,3348,3552,3736,3848,3998,4126,4199
6229157.136,4290,4357,4389,4417,4421,4410,4374,4315,4262,4164,4043,3950,3793,3616,3486,3277
6230826.480,3049,2888,2634,2366,2180,1891,1591,1387,1074,756,433,217,-109,-434,-649,-970
6232495.824,-1284,-1491,-1793,-2085,-2274,-2547,-2806,-2971,-3204,-3419,-3553,-3737,-3901,-3999,-4127,-4233
6234165.168,-4291,-4358,-4402,-4418,-4422,-4402,-4375,-4316,-4233,-4165,-4044,-3901,-3794,-3617,-3419,-3278
6235834.512,-3050,-2806,-2635,-2367,-2085,-1892,-1592,-1284,-1075,-757,-434,-218,108,433,648,969
6237503.856,1283,1490,1792,2084,2273,2546,2805,2970,3203,3418,3552,3736,3900,3998,4126,4232
6239173.200,4290,4357,4401,4417,4421,4401,4374,4315,4232,4126,4043,3900,3736,3616,3418,3203
6240842.544,3049,2805,2546,2366,2084,1792,1591,1283,969,756,433,108,-109,-434,-757,-970
6242511.888,-1284,-1592,-1793,-2085,-2367,-2547,-2806,-3050,-3204,-3419,-3617,-3737,-3901,-4044,-4127,-4233
6244181.232,-4316,-4358,-4402,-4422,-4422,-4402,-4358,-4316,-4233,-4127,-4044,-3901,-3737,-3617,-3419,-3204
6245850.576,-3073,-2827,-2566,-2384,-2101,-1806,-1604,-1294,-977,-762,-437,-110,109,436,761,976
6247519.920,1293,1603,1805,2100,2383,2654,2826,3072,3301,3444,3643,3821,3929,4073,4195,4263
6249189.264,4347,4407,4434,4454,4450,4434,4390,4322,4263,4157,4028,3929,3764,3579,3444,3227
6250858.608,2992,2826,2565,2290,2100,1805,1501,1293,976,653,436,109,-219,-437,-762,-1083
6252527.952,-1294,-1604,-1906,-2101,-2384,-2655,-2827,-3073,-3302,-3445,-3644,-3822,-3930,-4074,-4196,-4264
6254197.296,-4348,-4408,-4435,-4455,-4451,-4435,-4391,-4323,-4264,-4158,-4029,-3930,-3765,-3580,-3445,-3228
6255866.640,-2993,-2827,-2566,-2291,-2004,-1806,-1502,-1189,-977,-654,-328,-110,218,545,761,1082
6257535.984,1397,1603,1905,2196,2383,2654,2910,3072,3301,3512,3643,3821,3980,4073,4195,4294
6259205.328,4347,4407,4443,4454,4450,4422,4390,4322,4230,4157,4028,3876,3764,3579,3373,3227
6260874.672,2992,2741,2565,2290,2003,1805,1501,1188,976,653,327,109,-219,-546,-762,-1083
6262544.016,-1398,-1604,-1906,-2197,-2384,-2655,-2911,-3073,-3302,-3513,-3644,-3822,-3981,-4074,-4196,-4295
6264213.360,-4348,-4408,-4444,-4456,-4451,-4423,-4371,-4323,-4231,-4117,-4029,-3877,-3705,-3580,-3374,-3151
6265882.704,-3014,-2762,-2494,-2308,-2018,-1718,-1512,-1197,-876,-659,-331,0,220,549,875,1090
6267552.048,1407,1717,1918,2212,2493,2673,2931,3173,3325,3538,3731,3849,4008,4146,4225,4325
6269221.392,4401,4439,4475,4487,4482,4454,4401,4353,4261,4146,4056,3904,3731,3604,3398,3173
6270890.736,3013,2761,2493,2307,2017,1717,1511,1196,875,658,330,0,-221,-550,-876,-1197
6272560.080,-1408,-1718,-2018,-2213,-2494,-2762,-2932,-3174,-3399,-3539,-3732,-3905,-4009,-4147,-4262,-4326
6274229.424,-4402,-4455,-4476,-4488,-4476,-4455,-4402,-4326,-4262,-4147,-4009,-3905,-3732,-3539,-3399,-3174
6275898.768,-2932,-2762,-2494,-2213,-2018,-1718,-1408,-1197,-876,-550,-331,0,330,549,875,1196
6277568.112,1407,1717,2017,2212,2493,2761,2931,3173,3398,3538,3731,3904,4008,4146,4261,4325
6279237.456,4401,4454,4475,4487,4475,4454,4401,4325,4261,4146,4008,3904,3731,3538,3325,3173
6280906.800,2931,2673,2493,2212,1918,1717,1407,1090,875,549,220,0,-331,-659,-876,-1197
6282576.144,-1512,-1718,-2018,-2308,-2494,-2762,-3014,-3174,-3399,-3605,-3732,-3905,-4057,-4147,-4262,-4354
6284245.488,-4402,-4455,-4483,-4488,-4476,-4440,-4402,-4326,-4226,-4147,-4009,-3850,-3732,-3539,-3326,-3174
6285914.832,-2953,-2694,-2512,-2229,-1933,-1731,-1419,-1099,-883,-554,-222,0,332,663,882,1205
6287584.176,1523,1730,2032,2324,2511,2781,3036,3196,3423,3631,3758,3933,4086,4217,4292,4385
6289253.520,4454,4486,4515,4519,4508,4471,4411,4357,4256,4133,4038,3877,3696,3564,3349,3117
6290922.864,2952,2693,2418,2228,1932,1627,1418,1098,772,553,221,-111,-333,-664,-991,-1206
6292592.208,-1524,-1833,-2033,-2325,-2604,-2782,-3037,-3275,-3424,-3632,-3820,-3934,-4087,-4218,-4293,-4386
6294261.552,-4455,-4487,-4516,-4520,-4509,-4472,-4412,-4358,-4257,-4134,-4039,-3878,-3697,-3565,-3350,-3118
6295930.896,-2953,-2694,-2419,-2229,-1933,-1628,-1419,-1099,-773,-444,-222,110,443,663,990,1312
6297600.240,1523,1832,2131,2324,2603,2867,3036,3274,3494,3631,3819,3987,4086,4217,4326,4385
6299269.584,4454,4499,4515,4519,4499,4471,4411,4326,4256,4133,3987,3877,3696,3494,3349,3117
6300938.928,2867,2693,2418,2131,1932,1627,1312,1098,772,443,221,-111,-444,-664,-991,-1313
6302608.272,-1524,-1833,-2132,-2325,-2604,-2868,-3037,-3275,-3495,-3632,-3820,-3988,-4087,-4218,-4327,-4386
6304277.616,-4455,-4500,-4516,-4520,-4500,-4472,-4412,-4327,-4218,-4134,-3988,-3820,-3697,-3495,-3275,-3118
6305946.960,-2889,-2623,-2437,-2147,-1846,-1639,-1322,-998,-779,-447,-112,111,446,778,997,1321
6307616.304,1638,1845,2146,2436,2622,2888,3140,3298,3520,3723,3847,4016,4163,4248,4357,4443
6309285.648,4486,4531,4552,4552,4531,4486,4443,4357,4248,4163,4016,3847,3723,3520,3298,3140
6310954.992,2888,2622,2436,2146,1845,1638,1321,997,778,446,111,-112,-447,-779,-998,-1322
6312624.336,-1639,-1846,-2147,-2437,-2623,-2889,-3141,-3375,-3521,-3724,-3906,-4017,-4164,-4288,-4358,-4444
6314293.680,-4505,-4532,-4553,-4549,-4532,-4487,-4418,-4358,-4249,-4117,-4017,-3848,-3658,-3521,-3299,-3059
6315963.024,-2889,-2623,-2342,-2147,-1846,-1535,-1322,-998,-669,-447,-112,223,446,778,1106,1321
6317632.368,1638,1947,2146,2436,2712,2888,3140,3374,3520,3723,3905,4016,4163,4287,4357,4443
6319301.712,4504,4531,4552,4548,4531,4486,4417,4357,4248,4116,4016,3847,3657,3520,3298,3058
6320971.056,2888,2622,2341,2047,1845,1534,1214,997,668,334,111,-224,-558,-779,-1107,-1429
6322640.400,-1639,-1948,-2245,-2437,-2713,-2975,-3141,-3375,-3591,-3724,-3906,-4068,-4164,-4288,-4389,-4444
6324309.744,-4505,-4542,-4553,-4549,-4520,-4487,-4418,-4324,-4249,-4117,-3963,-3848,-3658,-3449,-3299,-3059
6325979.088,-2822,-2642,-2359,-2063,-1859,-1546,-1224,-1005,-674,-338,-113,225,561,784,1114,1438
6327648.432,1650,1961,2260,2453,2732,2996,3162,3398,3616,3750,3934,4097,4193,4318,4420,4475
6329317.776,4537,4574,4586,4581,4552,4498,4449,4355,4237,4146,3990,3813,3684,3473,3243,3080
6330987.120,2821,2548,2358,2062,1755,1545,1223,894,673,337,0,-226,-562,-895,-1115,-1439
6332656.464,-1756,-1962,-2261,-2549,-2733,-2997,-3244,-3399,-3617,-3814,-3935,-4098,-4238,-4319,-4421,-4499
6334325.808,-4538,-4575,-4587,-4582,-4553,-4499,-4450,-4356,-4238,-4147,-3991,-3814,-3685,-3474,-3244,-3081
6335995.152,-2822,-2549,-2359,-2063,-1756,-1546,-1224,-895,-674,-338,0,225,561,894,1114,1438
6337664.496,1755,2062,2260,2548,2821,2996,3243,3473,3616,3813,3990,4097,4237,4355,4420,4498
6339333.840,4552,4574,4586,4574,4552,4498,4420,4355,4237,4097,3990,3813,3616,3473,3243,2996
6341003.184,2821,2548,2260,2062,1755,1438,1223,894,561,337,0,-338,-562,-895,-1224,-1439
6342672.528,-1756,-2063,-2261,-2549,-2822,-2997,-3244,-3474,-3617,-3814,-3991,-4098,-4238,-4356,-4421,-4499
6344341.872,-4553,-4575,-4587,-4575,-4553,-4499,-4421,-4356,-4238,-4098,-3991,-3814,-3617,-3399,-3244,-2997
6346011.216,-2753,-2567,-2278,-1976,-1768,-1450,-1123,-902,-566,-227,0,339,677,901,1232,1556
6347680.560,1767,2077,2375,2566,2842,3102,3266,3498,3710,3841,4019,4176,4268,4386,4481,4531
6349349.904,4585,4614,4619,4607,4569,4531,4452,4349,4268,4126,3962,3841,3642,3423,3266,3017
6351019.248,2752,2566,2277,1975,1767,1449,1122,901,565,226,0,-340,-678,-902,-1233,-1557
6352688.592,-1768,-2078,-2376,-2567,-2843,-3103,-3267,-3499,-3711,-3842,-4020,-4177,-4311,-4387,-4482,-4552
6354357.936,-4586,-4615,-4619,-4608,-4570,-4508,-4453,-4350,-4224,-4127,-3963,-3778,-3643,-3424,-3186,-3018
6356027.280,-2753,-2472,-2278,-1976,-1663,-1450,-1123,-790,-566,-227,113,339,677,1012,1232,1556
6357696.624,1872,2077,2375,2660,2842,3102,3345,3498,3710,3903,4019,4176,4310,4386,4481,4551
6359365.968,4585,4614,4618,4607,4569,4507,4452,4349,4223,4126,3962,3777,3642,3423,3185,3017
6361035.312,2752,2471,2277,1975,1662,1449,1122,789,565,226,-114,-453,-678,-1013,-1342,-1557
6362704.656,-1873,-2178,-2376,-2661,-2931,-3103,-3346,-3572,-3711,-3904,-4075,-4177,-4311,-4421,-4482,-4552
6364374.000,-4598,-4615,-4619,-4598,-4570,-4508,-4421,-4350,-4224,-4075,-3963,-3778,-3572,-3424,-3186,-2931
6366043.344,-2772,-2489,-2193,-1989,-1675,-1351,-1131,-796,-457,-229,114,456,682,1019,1350,1567
6367712.688,1885,2192,2391,2678,2951,3124,3369,3595,3736,3930,4102,4205,4340,4451,4512,4583
6369382.032,4629,4646,4650,4629,4601,4538,4451,4340,4252,4102,3930,3803,3595,3369,3207,2951
6371051.376,2678,2488,2192,1885,1674,1350,1019,795,456,114,-115,-457,-796,-1020,-1351,-1675
6372720.720,-1886,-2193,-2489,-2679,-2952,-3208,-3370,-3596,-3804,-3931,-4103,-4253,-4341,-4452,-4539,-4584
6374390.064,-4630,-4651,-4651,-4630,-4584,-4539,-4452,-4341,-4253,-4103,-3931,-3804,-3596,-3370,-3208,-2952
6376059.408,-2679,-2489,-2193,-1886,-1675,-1351,-1020,-796,-457,-115,114,456,795,1019,1350,1674
6377728.752,1885,2192,2488,2678,2951,3207,3446,3595,3803,3990,4102,4252,4379,4451,4538,4601
6379398.096,4629,4650,4646,4629,4583,4512,4451,4340,4205,4102,3930,3736,3595,3369,3124,2951
6381067.440,2678,2391,2192,1885,1567,1350,1019,682,456,114,-229,-457,-796,-1131,-1351,-1675
6382736.784,-1989,-2193,-2489,-2772,-2952,-3208,-3447,-3596,-3804,-3991,-4103,-4253,-4380,-4452,-4539,-4602
6384406.128,-4630,-4651,-4647,-4630,-4584,-4513,-4452,-4341,-4206,-4103,-3931,-3737,-3596,-3370,-3125,-2952
6386075.472,-2698,-2409,-2209,-1899,-1579,-1250,-1027,-688,-345,-115,229,573,800,1138,1469,1686
6387744.816,2003,2309,2506,2790,3060,3230,3471,3693,3830,4018,4184,4282,4411,4515,4571,4634
6389414.160,4672,4683,4679,4649,4615,4544,4448,4370,4235,4076,3957,3762,3547,3392,3146,2882
6391083.504,2697,2408,2106,1898,1578,1249,1026,687,344,114,-230,-574,-801,-1139,-1470,-1687
6392752.848,-2004,-2310,-2507,-2791,-3061,-3231,-3472,-3694,-3831,-4019,-4185,-4283,-4412,-4516,-4572,-4635
6394422.192,-4673,-4685,-4680,-4650,-4595,-4545,-4449,-4329,-4236,-4077,-3896,-3763,-3548,-3313,-3147,-2883
6396091.536,-2603,-2409,-2107,-1793,-1579,-1250,-915,-688,-345,0,229,573,914,1138,1469,1792
6397760.880,2003,2309,2602,2790,3060,3312,3471,3693,3895,4018,4184,4328,4411,4515,4594,4634
6399430.224,4672,4684,4679,4649,4594,4544,4448,4328,4235,4076,3895,3762,3547,3312,3146,2882
6401099.568,2602,2408,2106,1792,1578,1249,914,687,344,0,-230,-574,-915,-1139,-1470,-1793
6402768.912,-2107,-2310,-2603,-2883,-3061,-3313,-3548,-3694,-3896,-4077,-4185,-4329,-4449,-4516,-4595,-4650
6404438.256,-4673,-4685,-4673,-4650,-4595,-4516,-4449,-4329,-4185,-4077,-3896,-3694,-3548,-3313,-3061,-2883
6406107.600,-2622,-2326,-2122,-1806,-1480,-1259,-921,-578,-347,0,346,577,920,1258,1479,1805
6407776.944,2121,2325,2621,2902,3081,3336,3572,3719,3922,4104,4214,4358,4479,4546,4627,4682
6409446.288,4705,4717,4705,4682,4627,4546,4479,4358,4214,4104,3922,3719,3572,3336,3081,2810
6411115.632,2621,2325,2017,1805,1479,1146,920,577,231,0,-347,-693,-921,-1259,-1590,-1806
6412784.976,-2122,-2426,-2622,-2903,-3169,-3337,-3573,-3790,-3923,-4105,-4265,-4359,-4480,-4577,-4628,-4683
6414454.320,-4713,-4718,-4706,-4667,-4628,-4547,-4443,-4359,-4215,-4047,-3923,-3720,-3496,-3337,-3082,-2811
6416123.664,-2622,-2326,-2018,-1806,-1480,-1147,-921,-578,-232,0,346,692,920,1258,1589,1805
6417793.008,2121,2425,2621,2902,3168,3336,3572,3789,3922,4104,4264,4401,4479,4576,4648,4682
6419462.352,4712,4716,4705,4666,4603,4546,4442,4313,4214,4046,3857,3719,3495,3253,3081,2810
6421131.696,2524,2325,2017,1697,1479,1146,806,577,231,-116,-347,-693,-1034,-1259,-1590,-1912
6422801.040,-2122,-2426,-2717,-2903,-3169,-3417,-3573,-3790,-3986,-4105,-4265,-4402,-4480,-4577,-4649,-4683
6424470.384,-4713,-4717,-4706,-4667,-4604,-4547,-4443,-4314,-4215,-4047,-3858,-3720,-3496,-3254,-3082,-2811
6426139.728,-2542,-2342,-2032,-1710,-1491,-1155,-813,-582,-234,116,465,697,1040,1379,1600,1925
6427809.072,2239,2442,2735,3013,3190,3440,3672,3815,4013,4189,4294,4432,4546,4608,4680,4727
6429478.416,4745,4749,4727,4699,4635,4546,4473,4343,4189,4074,3884,3672,3520,3275,3013,2830
6431147.760,2541,2239,2031,1709,1379,1154,812,465,233,-117,-466,-698,-1041,-1380,-1601,-1926
6432817.104,-2240,-2443,-2736,-3014,-3191,-3441,-3673,-3816,-4014,-4190,-4295,-4433,-4547,-4609,-4681,-4728
6434486.448,-4746,-4750,-4728,-4700,-4636,-4547,-4474,-4344,-4190,-4014,-3885,-3673,-3441,-3276,-3014,-2736
6436155.792,-2542,-2240,-1926,-1710,-1380,-1041,-813,-466,-117,116,465,812,1040,1379,1709,1925
6437825.136,2239,2541,2735,3013,3275,3440,3672,3884,4013,4189,4343,4432,4546,4635,4680,4727
6439494.480,4749,4749,4727,4680,4635,4546,4432,4343,4189,4013,3884,3672,3440,3275,3013,2735
6441163.824,2541,2239,1925,1709,1379,1040,812,465,116,-117,-466,-813,-1041,-1380,-1710,-1926
6442833.168,-2240,-2542,-2736,-3014,-3276,-3521,-3673,-3885,-4075,-4190,-4344,-4474,-4547,-4636,-4700,-4728
6444502.512,-4750,-4746,-4728,-4681,-4609,-4547,-4433,-4295,-4190,-4014,-3816,-3673,-3441,-3191,-3014,-2736
6446171.856,-2459,-2255,-1939,-1612,-1389,-1048,-702,-469,-118,234,468,817,1162,1388,1721,2044
6447841.200,2254,2558,2849,3034,3297,3543,3697,3910,4102,4218,4372,4503,4576,4666,4731,4759
6449510.544,4781,4777,4759,4712,4639,4576,4462,4323,4218,4040,3841,3697,3463,3211,3034,2754
6451179.888,2458,2254,1938,1611,1275,1047,701,351,117,-235,-586,-818,-1163,-1501,-1722,-2045
6452849.232,-2358,-2559,-2850,-3125,-3298,-3544,-3771,-3911,-4103,-4273,-4373,-4504,-4610,-4667,-4732,-4770
6454518.576,-4782,-4778,-4747,-4713,-4640,-4542,-4463,-4324,-4162,-4041,-3842,-3622,-3464,-3212,-2943,-2755
6456187.920,-2459,-2151,-1939,-1612,-1276,-1048,-702,-352,-118,234,585,817,1162,1500,1721,2044
6457857.264,2357,2558,2849,3124,3297,3543,3770,3910,4102,4272,4372,4503,4609,4666,4731,4769
6459526.608,4781,4777,4746,4690,4639,4541,4418,4323,4161,3976,3841,3621,3382,3211,2942,2657
6461195.952,2458,2150,1830,1611,1275,933,701,351,0,-235,-586,-934,-1163,-1501,-1831,-2045
6462865.296,-2358,-2658,-2850,-3125,-3383,-3544,-3771,-3977,-4103,-4273,-4419,-4504,-4610,-4691,-4732,-4770
6464534.640,-4783,-4778,-4747,-4691,-4640,-4542,-4419,-4324,-4162,-3977,-3842,-3622,-3383,-3212,-2943,-2658
6466203.984,-2476,-2166,-1843,-1623,-1285,-940,-707,-355,0,236,589,939,1170,1510,1842,2165
6467873.328,2373,2675,2962,3145,3405,3646,3796,4004,4190,4301,4449,4572,4641,4723,4779,4802
6469542.672,4815,4802,4779,4723,4641,4572,4449,4301,4190,4004,3796,3646,3405,3145,2962,2675
6471212.016,2373,2165,1842,1510,1284,939,589,354,0,-355,-590,-940,-1285,-1511,-1843,-2166
6472881.360,-2374,-2676,-2963,-3146,-3406,-3647,-3797,-4005,-4191,-4302,-4450,-4573,-4642,-4724,-4780,-4803
6474550.704,-4816,-4803,-4780,-4724,-4642,-4573,-4450,-4302,-4191,-4005,-3797,-3647,-3406,-3146,-2869,-2676
6476220.048,-2374,-2060,-1843,-1511,-1171,-940,-590,-237,0,354,706,939,1284,1622,1842,2165
6477889.392,2475,2675,2962,3234,3405,3646,3868,4004,4190,4353,4449,4572,4671,4723,4779,4810
6479558.736,4815,4802,4763,4723,4641,4534,4449,4301,4130,4004,3796,3568,3405,3145,2868,2675
6481228.080,2373,2059,1842,1510,1170,939,589,236,0,-355,-707,-940,-1285,-1623,-1843,-2166
6482897.424,-2476,-2676,-2963,-3235,-3406,-3647,-3869,-4005,-4191,-4354,-4450,-4573,-4672,-4746,-4780,-4811
6484566.768,-4815,-4803,-4764,-4699,-4642,-4535,-4403,-4302,-4131,-3938,-3797,-3569,-3321,-3146,-2869,-2577
6486236.112,-2391,-2074,-1746,-1521,-1179,-829,-594,-238,118,356,711,1062,1293,1633,1965,2180
6487905.456,2492,2792,2983,3256,3511,3671,3894,4096,4218,4383,4523,4604,4703,4777,4812,4843
6489574.800,4847,4835,4796,4731,4673,4565,4432,4331,4158,3964,3822,3592,3343,3167,2888,2594
6491244.144,2390,2073,1745,1520,1178,828,593,237,-119,-476,-712,-1063,-1408,-1634,-1966,-2286
6492913.488,-2493,-2793,-3077,-3257,-3512,-3749,-3895,-4097,-4277,-4384,-4524,-4641,-4704,-4778,-4826,-4844
6494582.832,-4848,-4826,-4797,-4732,-4641,-4566,-4433,-4277,-4159,-3965,-3749,-3593,-3344,-3077,-2889,-2595
6496252.176,-2286,-2074,-1746,-1408,-1179,-829,-476,-238,118,475,711,1062,1407,1633,1965,2285
6497921.520,2492,2792,3076,3256,3511,3748,3894,4096,4276,4383,4523,4640,4703,4777,4825,4843
6499590.864,4847,4825,4796,4731,4640,4565,4432,4276,4096,3964,3748,3511,3343,3076,2792,2594
6501260.208,2285,1965,1745,1407,1062,828,475,118,-119,-476,-829,-1063,-1408,-1746,-1966,-2286
6502929.552,-2595,-2793,-3077,-3344,-3512,-3749,-3965,-4097,-4277,-4433,-4524,-4641,-4732,-4778,-4826,-4848
6504598.896,-4848,-4826,-4778,-4732,-4641,-4524,-4433,-4277,-4097,-3965,-3749,-3512,-3344,-3077,-2793,-2595
6506268.240,-2302,-1979,-1758,-1418,-1070,-835,-479,-120,119,478,834,1069,1417,1757,1978,2301
6507937.584,2611,2811,3096,3366,3535,3773,3991,4187,4305,4463,4596,4671,4763,4828,4858,4880
6509606.928,4876,4858,4810,4735,4671,4554,4413,4305,4124,3921,3773,3535,3278,3096,2811,2509
6511276.272,2301,1978,1644,1417,1069,716,478,119,-240,-479,-835,-1187,-1418,-1758,-2088,-2302
6512945.616,-2612,-2909,-3097,-3367,-3618,-3774,-3992,-4188,-4306,-4464,-4597,-4672,-4764,-4829,-4859,-4881
6514614.960,-4877,-4859,-4811,-4736,-4672,-4555,-4414,-4306,-4125,-3922,-3774,-3536,-3279,-3097,-2812,-2510
6516284.304,-2302,-1979,-1645,-1302,-1070,-717,-360,-120,239,597,834,1186,1531,1757,2087,2406
6517953.648,2611,2908,3188,3366,3617,3848,3991,4187,4360,4463,4596,4705,4763,4828,4868,4880
6519622.992,4876,4845,4810,4735,4635,4554,4413,4247,4124,3921,3696,3535,3278,3003,2811,2509
6521292.336,2194,1978,1644,1301,1069,716,359,119,-240,-598,-835,-1187,-1532,-1758,-2088,-2407
6522961.680,-2612,-2909,-3189,-3367,-3618,-3849,-3992,-4188,-4361,-4464,-4597,-4706,-4764,-4829,-4869,-4881
6524631.024,-4877,-4846,-4788,-4736,-4636,-4511,-4414,-4248,-4060,-3922,-3697,-3453,-3279,-3004,-2713,-2510
6526300.368,-2210,-1881,-1656,-1311,-959,-722,-362,0,241,601,958,1194,1541,1880,2100,2422
6527969.712,2729,2927,3209,3474,3640,3873,4085,4214,4389,4539,4626,4735,4819,4860,4900,4913
6529639.056,4908,4876,4819,4766,4665,4539,4442,4275,4085,3946,3720,3474,3299,3023,2729,2526
6531308.400,2209,1880,1655,1310,958,721,361,0,-242,-602,-959,-1195,-1542,-1881,-2101,-2423
6532977.744,-2730,-3024,-3210,-3475,-3721,-3874,-4086,-4276,-4390,-4540,-4666,-4736,-4820,-4877,-4901,-4914
6534647.088,-4901,-4877,-4820,-4736,-4666,-4540,-4390,-4276,-4086,-3874,-3721,-3475,-3210,-3024,-2730,-2423
6536316.432,-2210,-1881,-1542,-1311,-959,-602,-362,0,361,601,958,1310,1541,1880,2209,2422
6537985.776,2729,3023,3209,3474,3720,3873,4085,4275,4389,4539,4665,4735,4819,4876,4900,4913
6539655.120,4900,4876,4819,4735,4665,4539,4389,4275,4085,3873,3720,3474,3209,2927,2729,2422
6541324.464,2100,1880,1541,1194,958,601,241,0,-362,-722,-959,-1311,-1656,-1881,-2210,-2527
6542993.808,-2730,-3024,-3300,-3475,-3721,-3947,-4086,-4276,-4443,-4540,-4666,-4767,-4820,-4877,-4909,-4914
6544663.152,-4901,-4861,-4820,-4736,-4627,-4540,-4390,-4215,-4086,-3874,-3641,-3475,-3210,-2928,-2730,-2423
6546332.496,-2116,-1894,-1552,-1203,-966,-606,-243,0,363,725,965,1319,1666,1893,2224,2543
6548001.840,2748,3043,3322,3497,3745,3973,4113,4304,4471,4570,4697,4798,4874,4909,4940,4945
6549671.184,4933,4893,4826,4767,4657,4522,4418,4243,4044,3899,3665,3411,3231,2946,2646,2438
6551340.528,2115,1780,1551,1202,845,605,242,-122,-364,-726,-1084,-1320,-1667,-2005,-2225,-2544
6553009.872,-2849,-3044,-3323,-3583,-3746,-3974,-4180,-4305,-4472,-4616,-4698,-4799,-4875,-4910,-4941,-4946
6554679.216,-4934,-4894,-4827,-4768,-4658,-4523,-4419,-4244,-4045,-3900,-3666,-3412,-3232,-2947,-2647,-2439
6556348.560,-2116,-1781,-1552,-1203,-846,-606,-243,121,363,725,1083,1436,1666,2004,2331,2543
6558017.904,2848,3138,3322,3582,3823,3973,4179,4362,4471,4615,4733,4798,4874,4922,4940,4945
6559687.248,4922,4893,4826,4733,4657,4522,4362,4243,4044,3823,3665,3411,3138,2946,2646,2331
6561356.592,2115,1780,1436,1202,845,484,242,-122,-485,-726,-1084,-1437,-1667,-2005,-2332,-2544
6563025.936,-2849,-3139,-3323,-3583,-3824,-3974,-4180,-4363,-4472,-4616,-4734,-4799,-4875,-4923,-4941,-4946
6564695.280,-4923,-4894,-4827,-4734,-4658,-4523,-4363,-4180,-4045,-3824,-3583,-3412,-3139,-2849,-2647,-2332
6566364.624,-2019,-1793,-1446,-1092,-852,-489,-123,122,488,851,1091,1445,1792,2018,2347,2664
6568033.968,2867,3159,3433,3606,3849,4071,4207,4391,4552,4646,4765,4858,4906,4955,4978,4978
6569703.312,4955,4906,4858,4765,4646,4552,4391,4207,4071,3849,3606,3433,3159,2867,2664,2347
6571372.656,2018,1792,1445,1091,851,488,122,-123,-489,-852,-1092,-1446,-1793,-2019,-2348,-2665
6573042.000,-2868,-3160,-3434,-3607,-3850,-4072,-4272,-4392,-4553,-4689,-4766,-4859,-4926,-4956,-4979,-4974
6574711.344,-4956,-4907,-4831,-4766,-4647,-4502,-4392,-4208,-4000,-3850,-3607,-3345,-3160,-2868,-2561,-2348
6576380.688,-2019,-1678,-1446,-1092,-731,-489,-123,244,488,851,1210,1445,1792,2129,2347,2664
6578050.032,2966,3159,3433,3689,3849,4071,4271,4391,4552,4688,4765,4858,4925,4955,4978,4973
6579719.376,4955,4906,4830,4765,4646,4501,4391,4207,3999,3849,3606,3344,3159,2867,2560,2347
6581388.720,2018,1677,1445,1091,730,366,122,-245,-610,-852,-1211,-1563,-1793,-2130,-2455,-2665
6583058.064,-2967,-3253,-3434,-3690,-3926,-4072,-4272,-4449,-4553,-4689,-4800,-4859,-4926,-4967,-4979,-4974
6584727.408,-4943,-4907,-4831,-4729,-4647,-4502,-4333,-4208,-4000,-3771,-3607,-3345,-3064,-2868,-2561,-2239
6586396.752,-2032,-1689,-1337,-1099,-736,-369,-123,245,613,857,1218,1572,1804,2143,2470,2681
6588066.096,2986,3274,3456,3714,3951,4098,4299,4477,4582,4719,4831,4891,4958,4999,5011,5006
6589735.440,4975,4916,4862,4759,4631,4531,4361,4168,4026,3795,3544,3366,3084,2784,2577,2253
6591404.784,1918,1688,1336,978,735,368,0,-246,-614,-979,-1219,-1573,-1919,-2144,-2471,-2785
6593074.128,-2987,-3275,-3545,-3715,-3952,-4169,-4300,-4478,-4632,-4720,-4832,-4917,-4959,-5000,-5013,-5007
6594743.472,-4976,-4917,-4863,-4760,-4632,-4532,-4362,-4169,-4027,-3796,-3545,-3367,-3085,-2785,-2578,-2254
6596412.816,-1919,-1689,-1337,-979,-736,-369,0,245,613,978,1218,1572,1918,2143,2470,2784
6598082.160,3084,3274,3544,3795,3951,4168,4361,4477,4631,4759,4831,4916,4975,4999,5012,4999
6599751.504,4975,4916,4831,4759,4631,4477,4361,4168,3951,3795,3544,3274,3084,2784,2470,2253
6601420.848,1918,1572,1336,978,613,368,0,-369,-614,-979,-1337,-1573,-1919,-2254,-2471,-2785
6603090.192,-3085,-3275,-3545,-3796,-3952,-4169,-4362,-4478,-4632,-4760,-4832,-4917,-4976,-5000,-5013,-5000
6604759.536,-4976,-4917,-4832,-4760,-4632,-4478,-4362,-4169,-3952,-3796,-3545,-3275,-3085,-2785,-2471,-2144
6606428.880,-1931,-1583,-1226,-985,-618,-248,0,371,740,984,1345,1699,1930,2268,2593,2802
6608098.224,3103,3387,3567,3819,4052,4194,4389,4560,4660,4790,4893,4947,5006,5038,5044,5031
6609767.568,4990,4947,4862,4750,4660,4506,4327,4194,3977,3738,3567,3295,3005,2802,2486,2156
6611436.912,1930,1582,1225,984,617,247,0,-372,-741,-985,-1346,-1700,-1931,-2269,-2594,-2803
6613106.256,-3104,-3388,-3568,-3820,-4053,-4195,-4390,-4561,-4661,-4791,-4894,-4971,-5007,-5039,-5044,-5032
6614775.600,-4991,-4923,-4863,-4751,-4613,-4507,-4328,-4125,-3978,-3739,-3479,-3296,-3006,-2699,-2487,-2157
6616444.944,-1816,-1583,-1226,-863,-618,-248,123,371,740,1105,1345,1699,2044,2268,2593,2904
6618114.288,3103,3387,3653,3819,4052,4262,4389,4560,4706,4790,4893,4970,5006,5038,5043,5031
6619783.632,4990,4922,4862,4750,4612,4506,4327,4124,3977,3738,3478,3295,3005,2698,2486,2156
6621452.976,1815,1582,1225,862,617,247,-124,-372,-741,-1106,-1465,-1700,-2045,-2379,-2594,-2905
6623122.320,-3201,-3388,-3654,-3900,-4053,-4263,-4450,-4561,-4707,-4828,-4894,-4971,-5021,-5039,-5044,-5021
6624791.664,-4991,-4923,-4828,-4751,-4613,-4450,-4328,-4125,-3900,-3739,-3479,-3201,-3006,-2699,-2379,-2157
6626461.008,-1828,-1475,-1234,-869,-498,-250,124,497,745,1112,1474,1710,2057,2393,2610,2923
6628130.352,3221,3410,3677,3925,4078,4289,4478,4590,4737,4859,4925,5003,5053,5071,5076,5053
6629799.696,5022,4954,4859,4781,4642,4478,4355,4151,3925,3677,3501,3221,2923,2716,2393,2057
6631469.040,1827,1474,1112,868,497,124,-125,-498,-869,-1113,-1475,-1828,-2058,-2394,-2717,-2924
6633138.384,-3222,-3502,-3678,-3926,-4152,-4290,-4479,-4643,-4738,-4860,-4955,-5004,-5054,-5077,-5077,-5054
6634807.728,-5004,-4955,-4860,-4738,-4643,-4479,-4290,-4152,-3926,-3678,-3502,-3222,-2924,-2717,-2394,-2058
6636477.072,-1828,-1475,-1113,-869,-498,-125,124,497,868,1112,1474,1827,2057,2393,2716,2923
6638146.416,3221,3501,3677,3925,4151,4355,4478,4642,4781,4859,4954,5022,5053,5076,5071,5053
6639815.760,5003,4925,4859,4737,4590,4478,4289,4078,3925,3677,3410,3221,2923,2610,2393,2057
6641485.104,1710,1474,1112,745,497,124,-250,-498,-869,-1234,-1475,-1828,-2172,-2394,-2717,-3025
6643154.448,-3222,-3502,-3763,-3926,-4152,-4356,-4479,-4643,-4782,-4860,-4955,-5023,-5054,-5077,-5072,-5054
6644823.792,-5004,-4926,-4860,-4738,-4591,-4479,-4290,-4079,-3926,-3678,-3411,-3222,-2924,-2611,-2394,-2058
6646493.136,-1722,-1484,-1120,-750,-376,-126,250,625,873,1241,1603,1839,2185,2519,2734,3044
6648162.480,3338,3524,3786,4029,4178,4383,4565,4672,4812,4925,4986,5055,5096,5109,5104,5072
6649831.824,5035,4957,4852,4768,4620,4446,4317,4105,3869,3701,3432,3144,2942,2627,2297,2071
6651501.168,1721,1363,1119,749,375,125,-251,-626,-874,-1242,-1604,-1840,-2186,-2520,-2735,-3045
6653170.512,-3339,-3525,-3787,-4030,-4179,-4384,-4566,-4673,-4813,-4926,-4987,-5056,-5097,-5110,-5105,-5073
6654839.856,-5036,-4958,-4853,-4722,-4621,-4447,-4250,-4106,-3870,-3614,-3433,-3145,-2840,-2628,-2298,-1956
6656509.200,-1722,-1364,-998,-750,-376,0,250,625,997,1241,1603,1955,2185,2519,2839,3044
6658178.544,3338,3613,3786,4029,4249,4383,4565,4721,4812,4925,5012,5055,5096,5110,5104,5072
6659847.888,5012,4957,4852,4721,4620,4446,4249,4105,3869,3613,3432,3144,2839,2627,2297,1955
6661517.232,1721,1363,997,749,375,0,-251,-626,-998,-1242,-1604,-1956,-2186,-2520,-2840,-3145
6663186.576,-3339,-3614,-3870,-4030,-4250,-4447,-4566,-4722,-4853,-4926,-5013,-5073,-5097,-5111,-5097,-5073
6664855.920,-5013,-4926,-4853,-4722,-4566,-4447,-4250,-4030,-3870,-3614,-3339,-3145,-2840,-2520,-2298,-1956
6666525.264,-1614,-1372,-1004,-630,-379,0,378,629,1003,1371,1613,1968,2312,2535,2857,3164
6668194.608,3359,3637,3894,4055,4276,4475,4594,4752,4884,4957,5044,5105,5129,5143,5129,5105
6669863.952,5044,4957,4884,4752,4594,4475,4276,4055,3894,3637,3359,3164,2857,2535,2199,1968
6671533.296,1613,1249,1003,629,252,0,-379,-755,-1004,-1372,-1733,-1969,-2313,-2645,-2858,-3165
6673202.640,-3455,-3638,-3895,-4132,-4277,-4476,-4650,-4753,-4885,-4990,-5045,-5106,-5138,-5144,-5130,-5089
6674871.984,-5045,-4958,-4844,-4753,-4595,-4412,-4277,-4056,-3812,-3638,-3360,-3065,-2858,-2536,-2200,-1969
6676541.328,-1614,-1250,-1004,-630,-253,0,378,754,1003,1371,1732,1968,2312,2644,2857,3164
6678210.672,3454,3637,3894,4131,4276,4475,4649,4752,4884,4989,5044,5105,5137,5142,5129,5088
6679880.016,5018,4957,4843,4702,4594,4411,4205,4055,3811,3546,3359,3064,2751,2535,2199,1851
6681549.360,1613,1249,879,629,252,-127,-379,-755,-1127,-1372,-1733,-2085,-2313,-2645,-2962,-3165
6683218.704,-3455,-3726,-3895,-4132,-4346,-4476,-4650,-4800,-4885,-4990,-5069,-5106,-5138,-5143,-5130,-5089
6684888.048,-5019,-4958,-4844,-4703,-4595,-4412,-4206,-4056,-3812,-3547,-3360,-3065,-2752,-2536,-2200,-1852
6686557.392,-1624,-1258,-886,-634,-255,127,380,759,1134,1502,1744,2097,2440,2661,2980,3284
6688226.736,3476,3749,4001,4158,4373,4565,4679,4829,4953,5021,5100,5151,5170,5175,5151,5120
6689896.080,5051,4953,4874,4732,4565,4440,4232,4001,3835,3569,3284,3083,2769,2440,2213,1863
6691565.424,1502,1257,885,507,254,-128,-508,-760,-1135,-1503,-1745,-2098,-2441,-2662,-2981,-3285
6693234.768,-3477,-3750,-4002,-4159,-4374,-4566,-4680,-4830,-4954,-5022,-5101,-5152,-5171,-5176,-5152,-5121
6694904.112,-5052,-4954,-4875,-4733,-4566,-4441,-4233,-4002,-3750,-3570,-3285,-2981,-2770,-2441,-2098,-1864
6696573.456,-1503,-1135,-886,-508,-128,127,507,885,1134,1502,1863,2097,2440,2769,2980,3284
6698242.800,3569,3749,4001,4232,4373,4565,4732,4829,4953,5051,5100,5151,5175,5175,5151,5100
6699912.144,5051,4953,4829,4732,4565,4373,4232,4001,3749,3569,3284,2980,2769,2440,2097,1863
6701581.488,1502,1134,885,507,127,-128,-508,-886,-1135,-1503,-1864,-2098,-2441,-2770,-2981,-3285
6703250.832,-3570,-3750,-4002,-4233,-4374,-4566,-4733,-4875,-4954,-5052,-5121,-5152,-5176,-5171,-5152,-5101
6704920.176,-5022,-4954,-4830,-4680,-4566,-4374,-4159,-4002,-3750,-3477,-3285,-2981,-2662,-2441,-2098,-1745
6706589.520,-1513,-1142,-765,-511,-128,255,510,890,1265,1512,1874,2227,2455,2786,3102,3304
6708258.864,3591,3859,4026,4258,4467,4593,4761,4904,4984,5082,5152,5183,5207,5202,5183,5132
6709928.208,5052,4984,4859,4708,4593,4400,4183,4026,3772,3498,3304,2999,2677,2455,2110,1754
6711597.552,1512,1141,764,383,127,-256,-638,-891,-1266,-1634,-1875,-2228,-2568,-2787,-3103,-3403
6713266.896,-3592,-3860,-4107,-4259,-4468,-4653,-4762,-4905,-5021,-5083,-5153,-5195,-5208,-5203,-5170,-5133
6714936.240,-5053,-4946,-4860,-4709,-4533,-4401,-4184,-3945,-3773,-3499,-3205,-3000,-2678,-2342,-2111,-1755
6716605.584,-1390,-1142,-765,-384,-128,255,637,890,1265,1633,1874,2227,2567,2786,3102,3402
6718274.928,3591,3859,4106,4258,4467,4652,4761,4904,5020,5082,5152,5194,5207,5202,5169,5132
6719944.272,5052,4945,4812,4708,4532,4331,4183,3944,3683,3498,3204,2893,2677,2341,1993,1754
6721613.616,1389,1016,764,383,0,-256,-638,-1017,-1266,-1634,-1994,-2228,-2568,-2894,-3103,-3403
6723282.960,-3684,-3860,-4107,-4332,-4468,-4653,-4813,-4905,-5021,-5109,-5153,-5195,-5209,-5203,-5170,-5109
6724952.304,-5053,-4946,-4813,-4709,-4533,-4332,-4184,-3945,-3684,-3499,-3205,-2894,-2678,-2342,-1994,-1755
6726621.648,-1399,-1023,-770,-386,0,257,641,1022,1273,1644,2005,2241,2583,2912,3122,3423
6728290.992,3706,3969,4132,4358,4560,4682,4842,4977,5051,5141,5202,5227,5241,5227,5202,5141
6729960.336,5051,4977,4842,4682,4560,4358,4132,3969,3706,3423,3224,2912,2583,2356,2005,1644
6731629.680,1398,1022,641,385,0,-386,-642,-1023,-1399,-1645,-2006,-2357,-2584,-2913,-3225,-3424
6733299.024,-3707,-3970,-4133,-4359,-4561,-4683,-4843,-4978,-5052,-5142,-5203,-5228,-5242,-5228,-5203,-5142
6734968.368,-5052,-4978,-4843,-4683,-4561,-4359,-4133,-3970,-3707,-3424,-3225,-2913,-2584,-2242,-2006,-1645
6736637.712,-1274,-1023,-642,-258,0,385,769,1022,1398,1765,2005,2356,2694,2912,3224,3520
6738307.056,3706,3969,4210,4358,4560,4738,4842,4977,5084,5141,5202,5235,5241,5227,5185,5141
6739976.400,5051,4935,4842,4682,4496,4358,4132,3883,3706,3423,3122,2912,2583,2241,2005,1644
6741645.744,1273,1022,641,257,0,-386,-770,-1023,-1399,-1766,-2006,-2357,-2695,-2913,-3225,-3521
6743315.088,-3707,-3970,-4211,-4359,-4561,-4739,-4843,-4978,-5085,-5142,-5203,-5236,-5241,-5228,-5186,-5115
6744984.432,-5052,-4936,-4793,-4683,-4497,-4286,-4133,-3884,-3615,-3424,-3123,-2805,-2584,-2242,-1887,-1645
6746653.776,-1282,-902,-646,-259,129,387,773,1155,1406,1777,2137,2371,2711,3037,3245,3542
6748323.120,3820,3994,4236,4456,4589,4768,4921,5008,5116,5197,5235,5268,5273,5260,5217,5146
6749992.464,5083,4966,4822,4711,4524,4312,4158,3908,3637,3445,3142,2821,2599,2255,1898,1654
6751661.808,1281,901,645,258,-130,-388,-774,-1156,-1407,-1778,-2138,-2487,-2712,-3038,-3347,-3543
6753331.152,-3821,-4078,-4237,-4457,-4653,-4769,-4922,-5048,-5117,-5198,-5250,-5269,-5274,-5250,-5218,-5147
6755000.496,-5048,-4967,-4823,-4653,-4525,-4313,-4078,-3909,-3638,-3347,-3143,-2822,-2487,-2256,-1899,-1532
6756669.840,-1282,-902,-518,-259,129,517,773,1155,1531,1777,2137,2486,2711,3037,3346,3542
6758339.184,3820,4077,4236,4456,4652,4768,4921,5047,5116,5197,5249,5268,5273,5249,5217,5146
6760008.528,5047,4966,4822,4652,4524,4312,4077,3820,3637,3346,3037,2821,2486,2137,1898,1531
6761677.872,1155,901,517,129,-130,-518,-902,-1156,-1532,-1899,-2138,-2487,-2822,-3038,-3347,-3638
6763347.216,-3821,-4078,-4313,-4457,-4653,-4823,-4922,-5048,-5147,-5198,-5250,-5274,-5274,-5250,-5198,-5147
6765016.560,-5048,-4922,-4823,-4653,-4457,-4313,-4078,-3821,-3638,-3347,-3038,-2822,-2487,-2138,-1899,-1532
6766685.904,-1163,-908,-521,-131,130,520,907,1162,1540,1910,2151,2502,2839,3056,3367,3659
6768355.248,3844,4102,4339,4484,4681,4852,4997,5079,5178,5250,5282,5306,5301,5282,5229,5148
6770024.592,5079,4952,4798,4681,4484,4263,4102,3844,3564,3367,3056,2728,2502,2151,1788,1540
6771693.936,1162,778,520,130,-261,-521,-908,-1290,-1541,-1911,-2270,-2503,-2840,-3162,-3368,-3660
6773363.280,-3933,-4103,-4340,-4553,-4682,-4853,-4998,-5080,-5179,-5251,-5283,-5307,-5302,-5283,-5230,-5149
6775032.624,-5080,-4953,-4799,-4682,-4485,-4264,-4103,-3845,-3565,-3368,-3057,-2729,-2503,-2152,-1789,-1541
6776701.968,-1163,-779,-521,-131,260,649,907,1289,1664,1910,2269,2616,2839,3161,3467,3659
6778371.312,3932,4184,4339,4552,4741,4852,4997,5115,5178,5250,5293,5306,5301,5267,5229,5148
6780040.656,5039,4952,4798,4618,4484,4263,4019,3844,3564,3265,3056,2728,2386,2151,1788,1415
6781710.000,1162,778,390,130,-261,-650,-908,-1290,-1665,-1911,-2270,-2617,-2840,-3162,-3468,-3660
6783379.344,-3933,-4185,-4340,-4553,-4742,-4853,-4998,-5116,-5179,-5251,-5294,-5307,-5302,-5268,-5230,-5149
6785048.688,-5040,-4904,-4799,-4619,-4414,-4264,-4020,-3754,-3565,-3266,-2949,-2729,-2387,-2032,-1789,-1416
6786718.032,-1042,-784,-393,0,262,653,1041,1297,1674,2043,2283,2632,2966,3180,3487,3775
6788387.376,3956,4209,4439,4580,4769,4933,5027,5146,5237,5281,5325,5339,5333,5299,5237,5179
6790056.720,5070,4933,4827,4646,4439,4289,4043,3775,3586,3285,2966,2745,2400,2043,1798,1424
6791726.064,1041,783,392,0,-263,-654,-1042,-1298,-1675,-2044,-2284,-2633,-2967,-3181,-3488,-3776
6793395.408,-4044,-4210,-4440,-4647,-4770,-4934,-5071,-5147,-5238,-5300,-5326,-5340,-5326,-5300,-5238,-5147
6795064.752,-5071,-4934,-4770,-4647,-4440,-4210,-4044,-3776,-3488,-3286,-2967,-2633,-2401,-2044,-1675,-1425
6796734.096,-1042,-654,-393,0,392,653,1041,1424,1674,2043,2400,2632,2966,3285,3487,3775
6798403.440,4043,4209,4439,4646,4769,4933,5070,5146,5237,5299,5325,5339,5325,5299,5237,5146
6800072.784,5070,4933,4769,4646,4439,4209,4043,3775,3487,3285,2966,2632,2400,2043,1674,1297
6801742.128,1041,653,262,0,-393,-784,-1042,-1425,-1799,-2044,-2401,-2746,-2967,-3286,-3587,-3776
6803411.472,-4044,-4290,-4440,-4647,-4828,-4934,-5071,-5180,-5238,-5300,-5334,-5340,-5326,-5282,-5238,-5147
6805080.816,-5028,-4934,-4770,-4581,-4440,-4210,-3957,-3776,-3488,-3181,-2967,-2633,-2284,-2044,-1675,-1298
6806750.160,-1049,-658,-264,0,395,788,1048,1432,1810,2056,2415,2762,2984,3305,3608,3799
6808419.504,4068,4315,4467,4674,4856,4963,5101,5211,5269,5332,5366,5371,5358,5314,5242,5178
6810088.848,5058,4911,4799,4608,4392,4235,3981,3704,3509,3200,2874,2648,2297,1933,1685,1305
6811758.192,918,657,263,-132,-396,-789,-1178,-1433,-1811,-2178,-2416,-2763,-3094,-3306,-3609,-3892
6813427.536,-4069,-4316,-4540,-4675,-4857,-5013,-5102,-5212,-5294,-5333,-5367,-5372,-5359,-5315,-5243,-5179
6815096.880,-5059,-4912,-4800,-4609,-4393,-4236,-3982,-3705,-3510,-3201,-2875,-2649,-2298,-1934,-1686,-1306
6816766.224,-919,-658,-264,131,395,788,1177,1432,1810,2177,2532,2762,3093,3408,3608,3891
6818435.568,4153,4315,4539,4738,4856,5012,5141,5211,5293,5346,5366,5371,5346,5314,5242,5141
6820104.912,5058,4911,4738,4608,4392,4153,3981,3704,3408,3200,2874,2532,2297,1933,1559,1305
6821774.256,918,526,263,-132,-527,-789,-1178,-1560,-1811,-2178,-2533,-2763,-3094,-3409,-3609,-3892
6823443.600,-4154,-4316,-4540,-4739,-4857,-5013,-5142,-5212,-5294,-5347,-5367,-5372,-5347,-5315,-5243,-5142
6825112.944,-5059,-4912,-4739,-4609,-4393,-4154,-3982,-3705,-3409,-3094,-2875,-2533,-2178,-1934,-1560,-1178
6826782.288,-925,-530,-133,132,529,924,1184,1569,1945,2190,2548,2892,3112,3429,3727,3915
6828451.632,4178,4419,4567,4767,4942,5043,5173,5274,5326,5379,5404,5404,5379,5326,5274,5173
6830120.976,5043,4942,4767,4567,4419,4178,3915,3727,3429,3112,2892,2548,2190,1945,1569,1184
6831790.320,924,529,132,-133,-530,-925,-1185,-1570,-1946,-2191,-2549,-2893,-3113,-3430,-3728,-3916
6833459.664,-4179,-4420,-4568,-4768,-4943,-5090,-5174,-5275,-5348,-5380,-5405,-5400,-5380,-5327,-5244,-5174
6835129.008,-5044,-4887,-4768,-4568,-4343,-4179,-3916,-3631,-3430,-3113,-2780,-2549,-2191,-1822,-1570,-1185
6836798.352,-794,-530,-133,265,529,924,1313,1569,1945,2311,2548,2892,3220,3429,3727,4005
6838467.696,4178,4419,4636,4767,4942,5089,5173,5274,5347,5379,5404,5399,5379,5326,5243,5173
6840137.040,5043,4886,4767,4567,4342,4178,3915,3630,3429,3112,2779,2548,2190,1821,1569,1184
6841806.384,793,529,132,-266,-662,-925,-1314,-1696,-1946,-2312,-2665,-2893,-3221,-3532,-3728,-4006
6843475.728,-4262,-4420,-4637,-4829,-4943,-5090,-5211,-5275,-5348,-5392,-5405,-5400,-5366,-5327,-5244,-5133
6845145.072,-5044,-4887,-4704,-4568,-4343,-4094,-3916,-3631,-3326,-3113,-2780,-2431,-2191,-1822,-1442,-1185
6846814.416,-799,-401,-134,266,665,929,1321,1705,1957,2325,2680,2909,3239,3552,3750,4029
6848483.760,4287,4446,4665,4858,4972,5120,5241,5306,5379,5424,5437,5432,5398,5358,5275,5164
6850153.104,5074,4916,4732,4522,4368,4118,3845,3652,3346,3021,2796,2445,2081,1832,1450,1061
6851822.448,798,400,0,-267,-666,-1062,-1322,-1706,-2082,-2326,-2681,-3022,-3240,-3553,-3846,-4030
6853491.792,-4288,-4523,-4666,-4859,-5025,-5121,-5242,-5335,-5380,-5425,-5439,-5433,-5399,-5335,-5276,-5165
6855161.136,-5025,-4917,-4733,-4523,-4369,-4119,-3846,-3653,-3347,-3022,-2797,-2446,-2082,-1833,-1451,-1062
6856830.480,-799,-401,0,266,665,1061,1321,1705,2081,2325,2680,3021,3239,3552,3845,4118
6858499.824,4287,4522,4732,4858,5024,5164,5241,5334,5398,5424,5438,5424,5398,5334,5241,5164
6860169.168,5024,4858,4732,4522,4287,4118,3845,3552,3346,3021,2680,2445,2081,1705,1450,1061
6861838.512,665,400,0,-401,-666,-1062,-1451,-1706,-2082,-2446,-2681,-3022,-3347,-3553,-3846,-4119
6863507.856,-4288,-4523,-4733,-4859,-5025,-5165,-5242,-5335,-5399,-5425,-5439,-5425,-5399,-5335,-5242,-5165
6865177.200,-5025,-4859,-4733,-4523,-4288,-4119,-3846,-3553,-3347,-3022,-2681,-2446,-2082,-1706,-1322,-1062
6866846.544,-670,-269,0,402,802,1067,1459,1843,2093,2459,2812,3039,3365,3673,3868,4142
6868515.888,4394,4548,4760,4945,5054,5194,5306,5365,5429,5464,5470,5455,5411,5365,5272,5151
6870185.232,5054,4886,4692,4548,4312,4053,3868,3573,3258,3039,2696,2339,2093,1716,1329,1067
6871854.576,669,268,0,-403,-803,-1068,-1460,-1844,-2094,-2460,-2813,-3040,-3366,-3674,-3869,-4143
6873523.920,-4395,-4549,-4761,-4946,-5055,-5195,-5307,-5366,-5430,-5465,-5471,-5456,-5412,-5338,-5273,-5152
6875193.264,-5002,-4887,-4693,-4473,-4313,-4054,-3773,-3574,-3259,-2927,-2697,-2340,-1969,-1717,-1330,-936
6876862.608,-670,-269,134,402,802,1198,1459,1843,2217,2459,2812,3150,3365,3673,3962,4142
6878531.952,4394,4621,4760,4945,5104,5194,5306,5390,5429,5464,5469,5455,5411,5337,5272,5151
6880201.296,5001,4886,4692,4472,4312,4053,3772,3573,3258,2926,2696,2339,1968,1716,1329,935
6881870.640,669,268,-135,-403,-803,-1199,-1460,-1844,-2218,-2579,-2813,-3151,-3471,-3674,-3963,-4229
6883539.984,-4395,-4622,-4825,-4946,-5105,-5236,-5307,-5391,-5445,-5465,-5470,-5445,-5412,-5338,-5236,-5152
6885209.328,-5002,-4825,-4693,-4473,-4229,-4054,-3773,-3471,-3259,-2927,-2579,-2340,-1969,-1589,-1330,-936
6886878.672,-540,-271,135,539,807,1205,1597,1854,2230,2594,2829,3169,3491,3696,3986,4254
6888548.016,4420,4649,4853,4975,5134,5266,5338,5422,5477,5497,5502,5477,5444,5370,5266,5182
6890217.360,5031,4853,4720,4499,4254,4078,3795,3491,3169,2944,2594,2230,1980,1597,1205,940
6891886.704,539,135,-136,-540,-941,-1206,-1598,-1981,-2231,-2595,-2945,-3170,-3492,-3796,-3987,-4255
6893556.048,-4500,-4650,-4854,-5032,-5135,-5267,-5371,-5423,-5478,-5503,-5503,-5478,-5423,-5371,-5267,-5135
6895225.392,-5032,-4854,-4650,-4500,-4255,-3987,-3796,-3492,-3170,-2945,-2595,-2231,-1981,-1598,-1206,-941
6896894.736,-540,-136,135,539,940,1205,1597,1980,2230,2594,2944,3169,3491,3795,3986,4254
6898564.080,4499,4649,4853,5031,5134,5266,5370,5444,5477,5502,5497,5477,5422,5338,5266,5134
6900233.424,4975,4853,4649,4420,4254,3986,3696,3491,3169,2829,2594,2230,1854,1597,1205,807
6901902.768,539,135,-271,-540,-941,-1338,-1598,-1981,-2354,-2595,-2945,-3279,-3492,-3796,-4079,-4255
6903572.112,-4500,-4721,-4854,-5032,-5183,-5267,-5371,-5445,-5478,-5503,-5498,-5478,-5423,-5339,-5267,-5135
6905241.456,-4976,-4854,-4650,-4421,-4255,-3987,-3697,-3492,-3170,-2830,-2595,-2231,-1855,-1598,-1206,-808
6906910.800,-543,-136,271,677,946,1345,1736,1992,2367,2729,2962,3298,3616,3817,4102,4364
6908580.144,4526,4749,4945,5061,5213,5336,5402,5476,5521,5535,5530,5495,5455,5370,5257,5165
6910249.488,5005,4817,4677,4447,4192,4009,3718,3406,3188,2846,2489,2243,1865,1476,1213,812
6911918.832,407,135,-272,-678,-947,-1346,-1737,-1993,-2368,-2730,-2963,-3299,-3617,-3818,-4103,-4365
6913588.176,-4527,-4750,-4946,-5062,-5214,-5337,-5403,-5477,-5522,-5536,-5531,-5496,-5456,-5371,-5258,-5166
6915257.520,-5006,-4818,-4604,-4448,-4193,-3916,-3719,-3407,-3077,-2847,-2490,-2119,-1866,-1477,-1081,-813
6916926.864,-408,0,271,677,1080,1345,1736,2118,2367,2729,3076,3298,3616,3915,4102,4364
6918596.208,4603,4749,4945,5115,5213,5336,5430,5476,5521,5536,5530,5495,5430,5370,5257,5115
6920265.552,5005,4817,4603,4447,4192,3915,3718,3406,3076,2846,2489,2118,1865,1476,1080,812
6921934.896,407,0,-272,-678,-1081,-1346,-1737,-2119,-2368,-2730,-3077,-3299,-3617,-3916,-4103,-4365
6923604.240,-4604,-4818,-4946,-5116,-5258,-5337,-5431,-5496,-5522,-5537,-5522,-5496,-5431,-5337,-5258,-5116
6925273.584,-4946,-4818,-4604,-4365,-4193,-3916,-3617,-3407,-3077,-2730,-2490,-2119,-1737,-1477,-1081,-678
6926942.928,-410,0,409,681,1086,1485,1747,2131,2504,2745,3094,3426,3638,3938,4217,4390
6928612.272,4631,4846,4975,5145,5288,5368,5462,5528,5554,5569,5554,5528,5462,5368,5288,5145
6930281.616,4975,4846,4631,4390,4217,3938,3638,3426,3094,2745,2504,2131,1747,1353,1086,681
6931950.960,273,0,-410,-818,-1087,-1486,-1877,-2132,-2505,-2864,-3095,-3427,-3741,-3939,-4218,-4474
6933620.304,-4632,-4847,-5036,-5146,-5289,-5403,-5463,-5529,-5564,-5570,-5555,-5510,-5463,-5369,-5245,-5146
6935289.648,-4976,-4778,-4632,-4391,-4128,-3939,-3639,-3318,-3095,-2746,-2382,-2132,-1748,-1354,-1087,-682
6936958.992,-274,0,409,817,1086,1485,1876,2131,2504,2863,3094,3426,3740,3938,4217,4473
6938628.336,4631,4846,5035,5145,5288,5402,5462,5528,5563,5569,5554,5509,5434,5368,5244,5092
6940297.680,4975,4777,4553,4390,4127,3840,3638,3317,2979,2745,2381,2004,1747,1353,952,681
6941967.024,273,-137,-410,-818,-1221,-1486,-1877,-2258,-2505,-2864,-3208,-3427,-3741,-4034,-4218,-4474
6943636.368,-4706,-4847,-5036,-5197,-5289,-5403,-5488,-5529,-5564,-5569,-5555,-5510,-5435,-5369,-5245,-5093
6945305.712,-4976,-4778,-4554,-4391,-4128,-3841,-3639,-3318,-2980,-2746,-2382,-2005,-1748,-1354,-953,-682
6946975.056,-275,137,412,821,1227,1494,1887,2270,2518,2879,3225,3553,3761,4057,4330,4499
6948644.400,4732,4940,5063,5226,5360,5433,5519,5574,5595,5600,5574,5541,5465,5360,5274,5121
6950313.744,4940,4804,4580,4330,4150,3862,3553,3336,2996,2640,2395,2016,1626,1361,957,549
6951983.088,274,-138,-550,-822,-1228,-1627,-1888,-2271,-2641,-2880,-3226,-3554,-3762,-4058,-4331,-4500
6953652.432,-4733,-4941,-5064,-5227,-5361,-5434,-5520,-5575,-5596,-5601,-5575,-5542,-5466,-5361,-5275,-5122
6955321.776,-4941,-4805,-4581,-4331,-4151,-3863,-3554,-3226,-2997,-2641,-2271,-2017,-1627,-1228,-958,-550
6956991.120,-138,137,549,957,1227,1626,2016,2270,2640,2996,3225,3553,3862,4057,4330,4580
6958660.464,4732,4940,5121,5226,5360,5465,5519,5574,5600,5600,5574,5519,5465,5360,5226,5121
6960329.808,4940,4732,4580,4330,4057,3862,3553,3225,2996,2640,2270,2016,1626,1227,957,549
6961999.152,137,-138,-550,-958,-1228,-1627,-2017,-2271,-2641,-2997,-3226,-3554,-3863,-4058,-4331,-4581
6963668.496,-4733,-4941,-5122,-5227,-5361,-5466,-5542,-5575,-5601,-5596,-5575,-5520,-5434,-5361,-5227,-5064
6965337.840,-4941,-4733,-4500,-4331,-4058,-3762,-3554,-3226,-2880,-2641,-2271,-1888,-1627,-1228,-822,-550
6967007.184,-139,276,552,963,1369,1635,2028,2409,2656,3014,3356,3574,3885,4175,4355,4606
6968676.528,4833,4969,5151,5305,5392,5497,5573,5607,5633,5628,5607,5551,5465,5392,5257,5093
6970345.872,4969,4760,4525,4355,4080,3784,3574,3244,2896,2656,2283,1898,1635,1234,826,552
6972015.216,138,-277,-553,-964,-1370,-1768,-2029,-2410,-2778,-3015,-3357,-3681,-3886,-4176,-4443,-4607
6973684.560,-4834,-5034,-5152,-5306,-5431,-5498,-5574,-5620,-5634,-5629,-5593,-5552,-5466,-5351,-5258,-5094
6975353.904,-4903,-4761,-4526,-4267,-4081,-3785,-3467,-3245,-2897,-2534,-2284,-1899,-1503,-1235,-827,-415
6977023.248,-139,276,689,963,1369,1767,2028,2409,2777,3014,3356,3680,3885,4175,4442,4606
6978692.592,4833,5033,5151,5305,5430,5497,5573,5619,5633,5628,5592,5551,5465,5350,5257,5093
6980361.936,4902,4685,4525,4266,3984,3784,3466,3130,2896,2533,2156,1898,1502,1099,826,414
6982031.280,0,-277,-690,-1100,-1370,-1768,-2157,-2410,-2778,-3131,-3357,-3681,-3985,-4176,-4443,-4686
6983700.624,-4834,-5034,-5206,-5306,-5431,-5527,-5574,-5620,-5635,-5629,-5593,-5527,-5466,-5351,-5206,-5094
6985369.968,-4903,-4686,-4526,-4267,-3985,-3785,-3467,-3131,-2897,-2534,-2157,-1899,-1503,-1100,-827,-415
6987039.312,0,278,693,1105,1377,1777,2168,2423,2793,3148,3376,3702,4007,4199,4468,4712
6988708.656,4931,5062,5236,5381,5462,5558,5625,5652,5667,5652,5625,5558,5462,5381,5236,5062
6990378.000,4931,4712,4468,4291,4007,3702,3486,3148,2793,2548,2168,1777,1511,1105,693,416
6992047.344,0,-417,-694,-1106,-1512,-1778,-2169,-2549,-2794,-3149,-3487,-3703,-4008,-4292,-4469,-4713
6993716.688,-4932,-5063,-5237,-5382,-5463,-5559,-5626,-5653,-5668,-5653,-5626,-5559,-5463,-5382,-5237,-5063
6995386.032,-4932,-4713,-4469,-4292,-4008,-3703,-3487,-3149,-2794,-2549,-2169,-1778,-1512,-1106,-694,-279
6997055.376,0,416,831,1105,1511,1909,2168,2548,2913,3148,3486,3806,4007,4291,4552,4712
6998724.720,4931,5123,5236,5381,5497,5558,5625,5661,5667,5652,5606,5558,5462,5336,5236,5062
7000394.064,4861,4712,4468,4199,4007,3702,3376,3148,2793,2423,2168,1777,1377,1105,693,278
7002063.408,0,-417,-832,-1106,-1512,-1910,-2169,-2549,-2914,-3149,-3487,-3807,-4008,-4292,-4553,-4713
7003732.752,-4932,-5124,-5237,-5382,-5498,-5559,-5626,-5662,-5668,-5653,-5607,-5531,-5463,-5337,-5182,-5063
7005402.096,-4862,-4634,-4469,-4200,-3909,-3703,-3377,-3033,-2794,-2424,-2040,-1778,-1378,-969,-694,-279
7007071.440,139,419,836,1249,1520,1920,2310,2563,2930,3282,3507,3828,4128,4316,4578,4816
7008740.784,4960,5153,5318,5413,5529,5616,5658,5694,5699,5685,5639,5562,5494,5367,5211,5092
7010410.128,4889,4660,4494,4224,3930,3723,3395,3049,2809,2437,2051,1788,1385,974,697,279
7012079.472,-140,-420,-837,-1250,-1521,-1921,-2311,-2564,-2931,-3283,-3617,-3829,-4129,-4407,-4579,-4817
7013748.816,-5028,-5154,-5319,-5456,-5530,-5617,-5674,-5695,-5700,-5674,-5640,-5563,-5456,-5368,-5212,-5028
7015418.160,-4890,-4661,-4407,-4225,-3931,-3617,-3396,-3050,-2688,-2438,-2052,-1655,-1386,-975,-559,-280
7017087.504,139,558,836,1249,1654,1920,2310,2687,2930,3282,3616,3828,4128,4406,4578,4816
7018756.848,5027,5153,5318,5455,5529,5616,5673,5694,5699,5673,5639,5562,5455,5367,5211,5027
7020426.192,4889,4660,4406,4224,3930,3616,3395,3049,2687,2310,2051,1654,1249,974,558,139
7022095.536,-140,-559,-975,-1250,-1655,-2052,-2311,-2688,-3050,-3283,-3617,-3931,-4129,-4407,-4661,-4817
7023764.880,-5028,-5212,-5319,-5456,-5563,-5617,-5674,-5700,-5700,-5674,-5617,-5563,-5456,-5319,-5212,-5028
7025434.224,-4817,-4661,-4407,-4129,-3931,-3617,-3283,-3050,-2688,-2311,-2052,-1655,-1250,-975,-559,-140
7027103.568,140,562,980,1256,1664,2063,2323,2702,3067,3301,3637,3953,4152,4432,4687,4844
7028772.912,5056,5241,5349,5486,5594,5671,5706,5732,5727,5706,5649,5561,5486,5349,5183,5056
7030442.256,4844,4605,4432,4152,3850,3637,3301,2947,2702,2323,1931,1664,1256,841,562,140
7032111.600,-282,-563,-981,-1394,-1665,-2064,-2452,-2703,-3068,-3416,-3638,-3954,-4249,-4433,-4688,-4919
7033780.944,-5057,-5242,-5399,-5487,-5595,-5672,-5707,-5733,-5728,-5707,-5650,-5562,-5487,-5350,-5184,-5057
7035450.288,-4845,-4606,-4433,-4153,-3851,-3638,-3302,-2948,-2703,-2324,-1932,-1665,-1257,-842,-563,-141
7037119.632,281,562,980,1393,1798,2063,2451,2826,3067,3415,3745,3953,4248,4520,4687,4918
7038788.976,5121,5241,5398,5526,5594,5671,5718,5732,5727,5690,5649,5561,5444,5349,5183,4988
7040458.320,4844,4605,4341,4152,3850,3527,3301,2947,2577,2323,1931,1529,1256,841,421,140
7042127.664,-282,-702,-981,-1394,-1799,-2064,-2452,-2827,-3068,-3416,-3746,-3954,-4249,-4521,-4688,-4919
7043797.008,-5122,-5242,-5399,-5527,-5595,-5672,-5719,-5733,-5728,-5691,-5650,-5562,-5445,-5350,-5184,-4989
7045466.352,-4845,-4606,-4342,-4055,-3851,-3528,-3186,-2948,-2578,-2195,-1932,-1530,-1119,-842,-422,0
7047135.696,282,705,1124,1401,1808,2206,2465,2842,3203,3434,3766,4077,4272,4545,4794,4945
7048805.040,5150,5326,5428,5556,5654,5703,5750,5765,5758,5722,5654,5593,5474,5326,5212,5016
7050474.384,4794,4631,4365,4077,3872,3547,3203,2964,2592,2206,1942,1537,1124,846,424,0
7052143.728,-283,-706,-1125,-1402,-1809,-2207,-2466,-2843,-3204,-3435,-3767,-4078,-4273,-4546,-4795,-5017
7053813.072,-5151,-5327,-5475,-5557,-5655,-5723,-5751,-5766,-5751,-5723,-5655,-5557,-5475,-5327,-5151,-5017
7055482.416,-4795,-4546,-4366,-4078,-3767,-3548,-3204,-2843,-2593,-2207,-1809,-1538,-1125,-706,-425,0
7057151.760,424,705,1124,1537,1808,2206,2592,2842,3203,3547,3766,4077,4365,4545,4794,5016
7058821.104,5150,5326,5474,5556,5654,5722,5750,5765,5750,5722,5654,5556,5474,5326,5150,5016
7060490.448,4794,4545,4365,4077,3766,3547,3203,2842,2592,2206,1808,1537,1124,705,282,0
7062159.792,-425,-847,-1125,-1538,-1943,-2207,-2593,-2965,-3204,-3548,-3873,-4078,-4366,-4632,-4795,-5017
7063829.136,-5213,-5327,-5475,-5594,-5655,-5723,-5759,-5766,-5751,-5704,-5655,-5557,-5429,-5327,-5151,-4946
7065498.480,-4795,-4546,-4273,-4078,-3767,-3435,-3204,-2843,-2466,-2207,-1809,-1402,-1125,-706,-283,0
7067167.824,426,850,1131,1546,1953,2219,2607,2981,3221,3567,3894,4100,4390,4657,4821,5045
7068837.168,5242,5357,5506,5625,5687,5755,5791,5798,5783,5735,5687,5588,5459,5301,5179,4973
7070506.512,4741,4571,4296,3998,3787,3454,3102,2858,2479,2087,1818,1409,991,709,284,-143
7072175.856,-427,-851,-1271,-1547,-1954,-2351,-2608,-2982,-3340,-3568,-3895,-4200,-4391,-4658,-4900,-5046
7073845.200,-5243,-5411,-5507,-5626,-5714,-5756,-5792,-5798,-5784,-5736,-5658,-5589,-5460,-5302,-5180,-4974
7075514.544,-4742,-4572,-4297,-3999,-3788,-3455,-3103,-2859,-2480,-2088,-1819,-1410,-992,-710,-285,142
7077183.888,426,850,1270,1546,1953,2350,2607,2981,3339,3678,3894,4199,4482,4657,4899,5114
7078853.232,5242,5410,5549,5625,5713,5770,5791,5797,5770,5735,5657,5549,5459,5301,5114,4973
7080522.576,4741,4482,4296,3998,3678,3454,3102,2733,2479,2087,1683,1409,991,568,284,-143
7082191.920,-569,-851,-1271,-1684,-1954,-2351,-2734,-2982,-3340,-3679,-3895,-4200,-4483,-4658,-4900,-5115
7083861.264,-5243,-5411,-5550,-5626,-5714,-5771,-5792,-5798,-5771,-5736,-5658,-5550,-5460,-5302,-5115,-4974
7085530.608,-4742,-4483,-4297,-3999,-3679,-3455,-3103,-2734,-2351,-2088,-1684,-1271,-992,-569,-143,142
7087199.952,571,997,1277,1692,2098,2363,2749,3119,3358,3699,4021,4223,4508,4768,4926,5143
7088869.296,5331,5440,5580,5690,5746,5803,5830,5830,5803,5746,5690,5580,5440,5331,5143,4926
7090538.640,4768,4508,4223,4021,3699,3358,3119,2749,2363,2098,1692,1277,997,571,143,-144
7092207.984,-572,-998,-1278,-1693,-2099,-2364,-2750,-3120,-3359,-3700,-4022,-4224,-4509,-4769,-4927,-5144
7093877.328,-5332,-5441,-5581,-5691,-5747,-5804,-5831,-5825,-5804,-5747,-5658,-5581,-5441,-5272,-5144,-4927
7095546.672,-4685,-4509,-4224,-3917,-3700,-3359,-2999,-2750,-2364,-1965,-1693,-1278,-856,-572,-144,286
7097216.016,571,997,1417,1692,2098,2493,2749,3119,3473,3699,4021,4321,4508,4768,5002,5143
7098885.360,5331,5490,5580,5690,5768,5803,5830,5824,5803,5746,5657,5580,5440,5271,5143,4926
7100554.704,4684,4508,4223,3916,3699,3358,2998,2749,2363,1964,1692,1277,855,571,143,-287
7102224.048,-572,-998,-1418,-1830,-2099,-2494,-2875,-3120,-3474,-3810,-4022,-4322,-4598,-4769,-5003,-5210
7103893.392,-5332,-5491,-5621,-5691,-5769,-5816,-5831,-5825,-5789,-5747,-5658,-5538,-5441,-5272,-5075,-4927
7105562.736,-4685,-4416,-4224,-3917,-3588,-3359,-2999,-2622,-2364,-1965,-1556,-1278,-856,-429,-144,286
7107232.080,717,1002,1425,1839,2110,2507,2890,3137,3493,3830,4044,4345,4623,4795,5030,5238
7108901.424,5361,5522,5652,5722,5801,5848,5863,5857,5820,5778,5689,5568,5471,5301,5102,4954
7110570.768,4710,4440,4147,3938,3608,3258,3015,2636,2244,1975,1564,1144,860,431,0,-288
7112240.112,-718,-1145,-1426,-1840,-2245,-2508,-2891,-3259,-3494,-3831,-4148,-4346,-4624,-4877,-5031,-5239
7113909.456,-5419,-5523,-5653,-5753,-5802,-5849,-5865,-5858,-5821,-5753,-5690,-5569,-5419,-5302,-5103,-4877
7115578.800,-4711,-4441,-4148,-3939,-3609,-3259,-3016,-2637,-2245,-1976,-1565,-1145,-861,-432,0,287
7117248.144,717,1144,1425,1839,2244,2507,2890,3258,3493,3830,4147,4345,4623,4876,5030,5238
7118917.488,5418,5568,5652,5752,5820,5848,5864,5848,5820,5752,5652,5568,5418,5238,5102,4876
7120586.832,4623,4440,4147,3830,3608,3258,2890,2636,2244,1839,1564,1144,717,431,0,-432
7122256.176,-718,-1145,-1565,-1840,-2245,-2637,-2891,-3259,-3609,-3831,-4148,-4441,-4624,-4877,-5103,-5239
7123925.520,-5419,-5569,-5653,-5753,-5821,-5849,-5865,-5849,-5821,-5753,-5653,-5569,-5419,-5239,-5103,-4877
7125594.864,-4624,-4441,-4148,-3831,-3609,-3259,-2891,-2637,-2245,-1840,-1565,-1145,-718,-288,0,431
7127264.208,865,1150,1572,1986,2256,2651,3031,3276,3627,3960,4169,4465,4736,4903,5130,5330
7128933.552,5447,5599,5720,5783,5852,5889,5896,5880,5832,5783,5683,5552,5447,5267,5057,4903
7130602.896,4648,4369,4169,3851,3512,3276,2906,2521,2256,1849,1432,1150,721,289,0,-434
7132272.240,-866,-1151,-1573,-1987,-2257,-2652,-3032,-3277,-3628,-3961,-4170,-4466,-4737,-4904,-5131,-5331
7133941.584,-5448,-5600,-5721,-5784,-5853,-5890,-5897,-5881,-5833,-5784,-5684,-5553,-5391,-5268,-5058,-4822
7135610.928,-4649,-4370,-4067,-3852,-3513,-3155,-2907,-2522,-2123,-1850,-1433,-1009,-722,-290,144,433
7137280.272,865,1291,1572,1986,2389,2651,3031,3395,3627,3960,4270,4465,4736,4981,5130,5330
7138949.616,5501,5599,5720,5810,5852,5889,5895,5880,5832,5753,5683,5552,5390,5267,5057,4821
7140618.960,4648,4369,4066,3851,3512,3154,2906,2521,2122,1849,1432,1008,721,289,-145,-434
7142288.304,-866,-1292,-1573,-1987,-2390,-2652,-3032,-3396,-3628,-3961,-4271,-4559,-4737,-4982,-5201,-5331
7143957.648,-5502,-5643,-5721,-5811,-5869,-5890,-5896,-5869,-5833,-5754,-5643,-5553,-5391,-5201,-5058,-4822
7145626.992,-4559,-4370,-4067,-3741,-3513,-3155,-2780,-2522,-2123,-1712,-1433,-1009,-579,-290,144,578
7147296.336,870,1299,1721,1997,2403,2795,3048,3414,3761,3982,4294,4583,4762,5009,5229,5360
7148965.680,5532,5674,5752,5842,5901,5922,5928,5901,5865,5785,5674,5583,5421,5229,5086,4848
7150635.024,4583,4393,4088,3761,3532,3172,2795,2403,2134,1721,1299,1013,581,145,-146,-582
7152304.368,-1014,-1300,-1722,-2135,-2404,-2796,-3173,-3415,-3762,-4089,-4295,-4584,-4849,-5010,-5230,-5422
7153973.712,-5533,-5675,-5786,-5843,-5902,-5929,-5929,-5902,-5843,-5786,-5675,-5533,-5422,-5230,-5010,-4849
7155643.056,-4584,-4295,-4089,-3762,-3415,-3173,-2796,-2404,-2135,-1722,-1300,-1014,-582,-146,145,581
7157312.400,1013,1299,1721,2134,2403,2795,3172,3414,3761,4088,4294,4583,4848,5009,5229,5421
7158981.744,5532,5674,5785,5842,5901,5928,5922,5901,5842,5752,5674,5532,5360,5229,5009,4762
7160651.088,4583,4294,3982,3761,3414,3048,2795,2403,1997,1721,1299,870,581,145,-291,-582
7162320.432,-1014,-1441,-1722,-2135,-2536,-2796,-3173,-3533,-3762,-4089,-4394,-4584,-4849,-5087,-5230,-5422
7163989.776,-5584,-5675,-5786,-5866,-5902,-5929,-5923,-5902,-5843,-5753,-5675,-5533,-5361,-5230,-5010,-4763
7165659.120,-4584,-4295,-3983,-3762,-3415,-3049,-2796,-2404,-1998,-1722,-1300,-871,-582,-146,290,581
7167328.464,1019,1448,1730,2146,2549,2939,3190,3551,3894,4111,4418,4700,4875,5114,5326,5451
7168997.808,5614,5746,5817,5898,5946,5960,5955,5918,5875,5784,5661,5563,5390,5188,5037,4789
7170667.152,4515,4318,4004,3668,3433,3065,2680,2416,2008,1590,1306,874,438,146,-293,-730
7172336.496,-1020,-1449,-1871,-2147,-2550,-2940,-3191,-3552,-3895,-4112,-4419,-4701,-4876,-5115,-5327,-5452
7174005.840,-5615,-5747,-5818,-5899,-5947,-5961,-5956,-5919,-5876,-5785,-5662,-5564,-5391,-5189,-5038,-4790
7175675.184,-4516,-4217,-4005,-3669,-3313,-3066,-2681,-2282,-2009,-1591,-1164,-875,-439,0,292,729
7177344.528,1163,1448,1870,2281,2549,2939,3312,3551,3894,4216,4418,4700,4957,5114,5326,5508
7179013.872,5614,5746,5848,5898,5946,5962,5955,5918,5848,5784,5661,5508,5390,5188,4957,4789
7180683.216,4515,4216,4004,3668,3312,3065,2680,2281,2008,1590,1163,874,438,0,-293,-730
7182352.560,-1164,-1449,-1871,-2282,-2550,-2940,-3313,-3552,-3895,-4217,-4419,-4701,-4958,-5115,-5327,-5509
7184021.904,-5662,-5747,-5849,-5919,-5947,-5963,-5947,-5919,-5849,-5747,-5662,-5509,-5327,-5189,-4958,-4701
7185691.248,-4516,-4217,-3895,-3669,-3313,-2940,-2681,-2282,-1871,-1591,-1164,-730,-439,0,438,729
7187360.592,1169,1599,1880,2294,2695,2955,3331,3688,3916,4239,4540,4726,4985,5216,5355,5539
7189029.936,5693,5778,5880,5950,5979,5995,5979,5950,5880,5778,5693,5539,5355,5216,4985,4726
7190699.280,4540,4239,3916,3688,3331,2955,2695,2294,1880,1599,1169,733,440,0,-441,-880
7192368.624,-1170,-1600,-2020,-2295,-2696,-3083,-3332,-3689,-4027,-4240,-4541,-4816,-4986,-5217,-5421,-5540
7194037.968,-5694,-5817,-5881,-5951,-5989,-5996,-5980,-5931,-5881,-5779,-5646,-5540,-5356,-5143,-4986,-4727
7195707.312,-4443,-4240,-3917,-3572,-3332,-2956,-2564,-2295,-1881,-1457,-1170,-734,-295,0,440,879
7197376.656,1169,1599,2019,2294,2695,3082,3331,3688,4026,4239,4540,4815,4985,5216,5420,5539
7199046.000,5693,5816,5880,5950,5988,5995,5979,5930,5880,5778,5645,5481,5355,5142,4902,4726
7200715.344,4442,4134,3916,3571,3207,2955,2563,2157,1880,1456,1025,733,294,-148,-441,-880
7202384.688,-1314,-1600,-2020,-2430,-2696,-3083,-3453,-3689,-4027,-4343,-4541,-4816,-5066,-5217,-5421,-5594
7204054.032,-5694,-5817,-5908,-5951,-5989,-5994,-5980,-5931,-5851,-5779,-5646,-5482,-5356,-5143,-4903,-4727
7205723.376,-4443,-4135,-3917,-3572,-3208,-2956,-2564,-2158,-1881,-1457,-1026,-734,-295,147,440,879
7207392.720,1320,1607,2030,2442,2710,3098,3470,3708,4048,4365,4659,4841,5092,5316,5449,5623
7209062.064,5768,5847,5939,5998,6020,6025,5998,5962,5881,5768,5675,5510,5316,5170,4928,4659
7210731.408,4466,4156,3823,3590,3224,2841,2577,2169,1749,1464,1030,590,295,-148,-591,-885
7212400.752,-1321,-1750,-2031,-2443,-2842,-3099,-3471,-3824,-4049,-4366,-4660,-4842,-5093,-5317,-5450,-5624
7214070.096,-5769,-5848,-5940,-5999,-6021,-6026,-5999,-5963,-5882,-5769,-5676,-5511,-5317,-5171,-4929,-4660
7215739.440,-4467,-4157,-3824,-3591,-3225,-2842,-2578,-2170,-1750,-1321,-1031,-591,-148,147,590,1030
7217408.784,1320,1749,2169,2442,2841,3224,3470,3823,4156,4365,4659,4928,5092,5316,5510,5623
7219078.128,5768,5881,5939,5998,6025,6025,5998,5939,5881,5768,5623,5510,5316,5092,4928,4659
7220747.472,4365,4156,3823,3470,3224,2841,2442,2169,1749,1320,1030,590,147,-148,-591,-1031
7222416.816,-1321,-1750,-2170,-2443,-2842,-3225,-3471,-3824,-4157,-4366,-4660,-4929,-5093,-5317,-5511,-5624
7224086.160,-5769,-5882,-5940,-5999,-6026,-6021,-5999,-5940,-5848,-5769,-5624,-5450,-5317,-5093,-4842,-4660
7225755.504,-4366,-4049,-3824,-3471,-3099,-2842,-2443,-2031,-1750,-1321,-885,-591,-148,295,590,1030
7227424.848,1472,1759,2181,2591,2857,3242,3610,3844,4179,4490,4685,4955,5198,5345,5540,5706
7229094.192,5799,5913,5995,6031,6058,6053,6031,5971,5879,5799,5654,5478,5345,5120,4868,4685
7230763.536,4389,4070,3844,3489,3115,2857,2456,2041,1759,1327,889,594,148,-298,-595,-1037
7232432.880,-1473,-1760,-2182,-2592,-2988,-3243,-3611,-3959,-4180,-4491,-4779,-4956,-5199,-5414,-5541,-5707
7234102.224,-5842,-5914,-5996,-6045,-6059,-6054,-6016,-5972,-5880,-5755,-5655,-5479,-5274,-5121,-4869,-4590
7235771.568,-4390,-4071,-3729,-3490,-3116,-2725,-2457,-2042,-1617,-1328,-890,-446,-149,297,741,1036
7237440.912,1472,1901,2181,2591,2987,3242,3610,3958,4179,4490,4778,4955,5198,5413,5540,5706
7239110.256,5841,5913,5995,6044,6058,6053,6015,5971,5879,5754,5654,5478,5273,5120,4868,4589
7240779.600,4389,4070,3728,3367,3115,2724,2319,2041,1616,1182,889,445,0,-298,-742,-1183
7242448.944,-1473,-1902,-2320,-2592,-2988,-3368,-3611,-3959,-4286,-4491,-4779,-5040,-5199,-5414,-5600,-5707
7244118.288,-5842,-5945,-5996,-6045,-6061,-6054,-6016,-5945,-5880,-5755,-5600,-5479,-5274,-5040,-4869,-4590
7245787.632,-4286,-4071,-3729,-3368,-3116,-2725,-2320,-2042,-1617,-1183,-890,-446,0,297,741,1182
7247456.976,1480,1911,2331,2605,3003,3385,3630,3980,4309,4515,4804,5066,5226,5443,5629,5786
7249126.320,5873,5976,6048,6077,6093,6077,6048,5976,5873,5786,5629,5443,5302,5066,4804,4614
7250795.664,4309,3980,3749,3385,3003,2739,2331,1911,1625,1188,745,448,0,-449,-746,-1189
7252465.008,-1626,-1912,-2332,-2740,-3004,-3386,-3750,-3981,-4310,-4615,-4805,-5067,-5303,-5444,-5630,-5787
7254134.352,-5874,-5977,-6049,-6078,-6094,-6078,-6049,-5977,-5874,-5787,-5630,-5444,-5303,-5067,-4805,-4615
7255803.696,-4310,-3981,-3750,-3386,-3004,-2740,-2332,-1912,-1626,-1189,-746,-449,0,448,894,1188
7257473.040,1625,2052,2331,2739,3132,3385,3749,4092,4309,4614,4894,5066,5302,5508,5629,5786
7259142.384,5911,5976,6048,6086,6093,6077,6027,5976,5873,5737,5629,5443,5226,5066,4804,4515
7260811.728,4309,3980,3630,3385,3003,2605,2331,1911,1480,1188,745,299,0,-449,-895,-1189
7262481.072,-1626,-2053,-2332,-2740,-3133,-3386,-3750,-4093,-4310,-4615,-4895,-5067,-5303,-5509,-5630,-5787
7264150.416,-5912,-5977,-6049,-6087,-6094,-6078,-6028,-5977,-5874,-5738,-5630,-5444,-5227,-4983,-4805,-4516
7265819.760,-4202,-3981,-3631,-3261,-3004,-2606,-2194,-1912,-1481,-1042,-746,-300,149,448,894,1335
7267489.104,1634,2064,2482,2754,3149,3527,3769,4114,4437,4639,4921,5176,5330,5538,5716,5817
7269158.448,5943,6036,6080,6119,6124,6110,6060,5977,5904,5768,5601,5472,5255,5009,4830,4539
7270827.792,4224,4001,3649,3277,3019,2619,2205,1921,1488,1047,749,300,-151,-451,-900,-1343
7272497.136,-1635,-2065,-2483,-2755,-3150,-3528,-3770,-4115,-4438,-4737,-4922,-5177,-5404,-5539,-5717,-5863
7274166.480,-5944,-6037,-6098,-6120,-6125,-6098,-6061,-5978,-5863,-5769,-5602,-5404,-5256,-5010,-4737,-4540
7275835.824,-4225,-3887,-3650,-3278,-2889,-2620,-2206,-1779,-1489,-1048,-601,-301,150,600,899,1342
7277505.168,1778,2064,2482,2888,3149,3527,3886,4114,4437,4736,4921,5176,5403,5538,5716,5862
7279174.512,5943,6036,6097,6119,6124,6097,6060,5977,5862,5768,5601,5403,5255,5009,4736,4539
7280843.856,4224,3886,3649,3277,2888,2619,2205,1778,1342,1047,600,150,-151,-601,-1048,-1343
7282513.200,-1779,-2206,-2483,-2889,-3278,-3528,-3887,-4225,-4438,-4737,-5010,-5177,-5404,-5602,-5717,-5863
7284182.544,-5978,-6037,-6098,-6125,-6125,-6098,-6037,-5978,-5863,-5717,-5602,-5404,-5177,-5010,-4737,-4438
7285851.888,-4225,-3887,-3528,-3278,-2889,-2483,-2206,-1779,-1343,-1048,-601,-151,150,600,1047,1342
7287521.232,1788,2216,2496,2903,3295,3546,3907,4247,4461,4761,5036,5204,5432,5631,5746,5894
7289190.576,6010,6069,6130,6157,6157,6130,6069,5975,5894,5746,5568,5432,5204,4947,4761,4461
7290859.920,4136,3907,3546,3166,2903,2496,2075,1788,1349,903,603,151,-303,-604,-1054,-1497
7292529.264,-1789,-2217,-2634,-2904,-3296,-3670,-3908,-4248,-4565,-4762,-5037,-5284,-5433,-5632,-5800,-5895
7294198.608,-6011,-6094,-6131,-6158,-6153,-6131,-6070,-5976,-5895,-5747,-5569,-5433,-5205,-4948,-4762,-4462
7295867.952,-4137,-3908,-3547,-3167,-2904,-2497,-2076,-1789,-1350,-904,-604,-152,302,603,1053,1496
7297537.296,1788,2216,2633,3036,3295,3669,4023,4247,4564,4856,5036,5283,5502,5631,5799,5936
7299206.640,6010,6093,6143,6157,6152,6113,6069,5975,5848,5746,5568,5359,5204,4947,4664,4461
7300875.984,4136,3789,3546,3166,2769,2496,2075,1642,1349,903,453,151,-303,-755,-1054,-1497
7302545.328,-1933,-2217,-2634,-3037,-3296,-3670,-4024,-4248,-4565,-4857,-5037,-5284,-5503,-5632,-5800,-5937
7304214.672,-6011,-6094,-6144,-6158,-6153,-6114,-6070,-5976,-5849,-5747,-5569,-5360,-5205,-4948,-4665,-4462
7305884.016,-4137,-3790,-3423,-3167,-2770,-2358,-2076,-1643,-1202,-904,-454,0,302,754,1201,1496
7307553.360,1942,2369,2647,3051,3439,3688,4044,4378,4587,4881,5148,5310,5530,5720,5829,5967
7309222.704,6072,6124,6174,6191,6184,6145,6072,6006,5879,5720,5597,5387,5148,4973,4688,4378
7310892.048,4158,3809,3439,3183,2783,2369,2085,1651,1208,908,455,0,-304,-758,-1209,-1505
7312561.392,-1943,-2370,-2648,-3052,-3440,-3689,-4045,-4379,-4588,-4882,-5149,-5311,-5531,-5721,-5830,-5968
7314230.736,-6073,-6146,-6175,-6192,-6175,-6146,-6073,-5968,-5880,-5721,-5531,-5388,-5149,-4882,-4689,-4379
7315900.080,-4045,-3810,-3440,-3052,-2784,-2370,-1943,-1652,-1209,-758,-456,0,455,757,1208,1651
7317569.424,1942,2369,2783,3051,3439,3809,4044,4378,4688,4881,5148,5387,5530,5720,5879,5967
7319238.768,6072,6145,6174,6191,6174,6145,6072,5967,5879,5720,5530,5387,5148,4881,4688,4378
7320908.112,4044,3809,3439,3051,2783,2369,1942,1651,1208,757,455,0,-456,-909,-1209,-1652
7322577.456,-2086,-2370,-2784,-3184,-3440,-3810,-4159,-4379,-4689,-4974,-5149,-5388,-5598,-5721,-5880,-6007
7324246.800,-6073,-6146,-6185,-6192,-6175,-6125,-6073,-5968,-5830,-5721,-5531,-5311,-5149,-4882,-4588,-4379
7325916.144,-4045,-3689,-3440,-3052,-2648,-2370,-1943,-1505,-1209,-758,-304,0,455,908,1208,1651
7327585.488,2097,2382,2798,3200,3458,3829,4180,4401,4713,4999,5175,5416,5627,5751,5910,6038
7329254.832,6105,6178,6217,6224,6207,6157,6105,5999,5861,5751,5560,5339,5089,4907,4612,4292
7330924.176,4065,3708,3330,3068,2661,2240,1952,1512,1064,761,305,-153,-458,-914,-1364,-1661
7332593.520,-2098,-2523,-2799,-3201,-3585,-3830,-4181,-4509,-4714,-5000,-5259,-5417,-5628,-5808,-5911,-6039
7334262.864,-6134,-6179,-6218,-6223,-6208,-6158,-6074,-6000,-5862,-5691,-5561,-5340,-5090,-4908,-4613,-4293
7335932.208,-4066,-3709,-3331,-3069,-2662,-2241,-1953,-1513,-1065,-762,-306,152,457,913,1363,1660
7337601.552,2097,2522,2798,3200,3584,3829,4180,4508,4713,4999,5258,5489,5627,5807,5956,6038
7339270.896,6133,6194,6217,6222,6194,6157,6073,5956,5861,5690,5489,5339,5089,4811,4612,4292
7340940.240,3948,3708,3330,2934,2661,2240,1807,1512,1064,610,305,-153,-611,-914,-1364,-1808
7342609.584,-2098,-2523,-2935,-3201,-3585,-3949,-4181,-4509,-4812,-5000,-5259,-5490,-5628,-5808,-5957,-6039
7344278.928,-6134,-6195,-6218,-6223,-6195,-6158,-6074,-5957,-5862,-5691,-5490,-5340,-5090,-4812,-4613,-4293
7345948.272,-3949,-3709,-3331,-2935,-2662,-2241,-1808,-1364,-1065,-611,-153,152,610,1064,1363,1807
7347617.616,2252,2536,2949,3347,3603,3969,4314,4532,4837,5116,5286,5518,5720,5838,5988,6105
7349286.960,6165,6227,6255,6255,6227,6165,6105,5988,5838,5720,5518,5286,5116,4837,4532,4314
7350956.304,3969,3603,3347,2949,2536,2252,1816,1371,1069,613,153,-154,-614,-1070,-1372,-1817
7352625.648,-2253,-2537,-2950,-3348,-3604,-3970,-4315,-4533,-4838,-5117,-5287,-5519,-5721,-5839,-5989,-6106
7354294.992,-6166,-6228,-6256,-6256,-6228,-6166,-6071,-5989,-5839,-5657,-5519,-5287,-5027,-4838,-4533,-4203
7355964.336,-3970,-3604,-3218,-2950,-2537,-2109,-1817,-1372,-919,-614,-154,307,613,1069,1520,1816
7357633.680,2252,2675,2949,3347,3727,3969,4314,4636,4837,5116,5367,5518,5720,5892,5988,6105
7359303.024,6190,6227,6255,6250,6227,6165,6070,5988,5838,5656,5518,5286,5026,4837,4532,4202
7360972.368,3969,3603,3217,2949,2536,2108,1816,1371,918,613,153,-308,-614,-1070,-1521,-1817
7362641.712,-2253,-2676,-2950,-3348,-3728,-4088,-4315,-4637,-4934,-5117,-5368,-5590,-5721,-5893,-6032,-6106
7364311.056,-6191,-6241,-6256,-6251,-6211,-6166,-6071,-5942,-5839,-5657,-5445,-5287,-5027,-4739,-4533,-4203
7365980.400,-3850,-3604,-3218,-2814,-2537,-2109,-1669,-1372,-919,-461,-154,307,766,1069,1520,1962
7367649.744,2264,2689,3100,3365,3747,4109,4337,4661,4959,5143,5395,5619,5751,5923,6062,6137
7369319.088,6222,6273,6288,6283,6243,6198,6102,5973,5869,5686,5473,5314,5052,4763,4556,4224
7370988.432,3870,3494,3234,2828,2407,2119,1677,1227,923,462,0,-309,-771,-1228,-1529,-1974
7372657.776,-2408,-2690,-3101,-3495,-3748,-4110,-4449,-4662,-4960,-5231,-5396,-5620,-5812,-5924,-6063,-6170
7374327.120,-6223,-6274,-6291,-6284,-6244,-6170,-6103,-5974,-5812,-5687,-5474,-5231,-5053,-4764,-4449,-4225
7375996.464,-3871,-3495,-3235,-2829,-2408,-2120,-1678,-1228,-924,-463,0,308,770,1227,1528,1973
7377665.808,2407,2689,3100,3494,3747,4109,4448,4661,4959,5230,5395,5619,5811,5923,6062,6169
7379335.152,6243,6273,6290,6273,6243,6169,6062,5973,5811,5619,5473,5230,4959,4763,4448,4109
7381004.496,3870,3494,3100,2828,2407,1973,1677,1227,770,462,0,-463,-771,-1228,-1678,-1974
7382673.840,-2408,-2829,-3101,-3495,-3871,-4110,-4449,-4764,-4960,-5231,-5474,-5620,-5812,-5974,-6063,-6170
7384343.184,-6244,-6274,-6291,-6274,-6244,-6170,-6063,-5974,-5812,-5620,-5474,-5231,-4960,-4764,-4449,-4110
7386012.528,-3871,-3495,-3101,-2829,-2408,-1974,-1678,-1228,-771,-463,0,462,770,1227,1677,2119
7387681.872,2419,2842,3250,3512,3889,4246,4470,4787,5078,5257,5501,5715,5841,6003,6133,6201
7389351.216,6275,6315,6322,6305,6254,6201,6093,5953,5841,5647,5423,5257,4984,4684,4470,4129
7391020.560,3766,3512,3116,2703,2419,1983,1536,1233,773,310,0,-466,-928,-1234,-1687,-2131
7392689.904,-2420,-2843,-3251,-3513,-3890,-4247,-4471,-4788,-5079,-5258,-5502,-5716,-5842,-6004,-6134,-6202
7394359.248,-6276,-6316,-6323,-6306,-6255,-6202,-6094,-5954,-5842,-5648,-5424,-5170,-4985,-4685,-4360,-4130
7396028.592,-3767,-3383,-3117,-2704,-2276,-1984,-1537,-1081,-774,-311,155,465,927,1385,1686,2130
7397697.936,2562,2842,3250,3640,3889,4246,4579,4787,5078,5341,5501,5715,5899,6003,6133,6229
7399367.280,6275,6315,6320,6305,6254,6169,6093,5953,5780,5647,5423,5169,4984,4684,4359,4129
7401036.624,3766,3382,3116,2703,2275,1983,1536,1080,773,310,-156,-466,-928,-1386,-1687,-2131
7402705.968,-2563,-2843,-3251,-3641,-3890,-4247,-4580,-4788,-5079,-5342,-5577,-5716,-5900,-6051,-6134,-6230
7404375.312,-6293,-6316,-6321,-6293,-6255,-6170,-6051,-5954,-5781,-5577,-5424,-5170,-4888,-4685,-4360,-4012
7406044.656,-3767,-3383,-2981,-2704,-2276,-1836,-1537,-1081,-620,-311,155,619,927,1385,1835,2130
7407714.000,2575,2996,3267,3659,4032,4268,4603,4913,5105,5369,5605,5745,5929,6082,6165,6262
7409383.344,6325,6348,6353,6325,6286,6201,6082,5984,5810,5605,5451,5196,4913,4709,4382,4032
7411052.688,3786,3400,2996,2717,2287,1845,1544,1086,623,155,-156,-624,-1087,-1393,-1846,-2288
7412722.032,-2576,-2997,-3401,-3660,-4033,-4383,-4604,-4914,-5197,-5370,-5606,-5811,-5930,-6083,-6202,-6263
7414391.376,-6326,-6354,-6354,-6326,-6263,-6202,-6083,-5930,-5811,-5606,-5370,-5197,-4914,-4604,-4383,-4033
7416060.720,-3660,-3401,-2997,-2576,-2288,-1846,-1393,-1087,-624,-156,155,623,1086,1392,1845,2287
7417730.064,2575,2996,3400,3659,4032,4382,4603,4913,5196,5369,5605,5810,5929,6082,6201,6262
7419399.408,6325,6353,6353,6325,6262,6165,6082,5929,5745,5605,5369,5105,4913,4603,4268,4032
7421068.752,3659,3267,2996,2575,2141,1845,1392,932,623,155,-312,-624,-1087,-1545,-1846,-2288
7422738.096,-2718,-2997,-3401,-3787,-4033,-4383,-4710,-4914,-5197,-5452,-5606,-5811,-5985,-6083,-6202,-6287
7424407.440,-6326,-6354,-6349,-6326,-6263,-6166,-6083,-5930,-5746,-5606,-5370,-5106,-4914,-4604,-4269,-4033
7426076.784,-3660,-3268,-2997,-2576,-2142,-1846,-1393,-933,-624,-156,311,623,1086,1544,1845,2287
7427746.128,2731,3011,3417,3805,4173,4405,4733,5036,5223,5479,5706,5840,6015,6157,6233,6319
7429415.472,6371,6386,6381,6340,6294,6197,6066,5960,5775,5558,5397,5131,4837,4626,4290,3930
7431084.816,3678,3284,2872,2589,2152,1703,1399,937,469,156,-314,-783,-1093,-1553,-2004,-2300
7432754.160,-2732,-3150,-3418,-3806,-4174,-4406,-4734,-5037,-5224,-5480,-5707,-5841,-6016,-6158,-6234,-6320
7434423.504,-6372,-6387,-6382,-6341,-6295,-6198,-6067,-5961,-5776,-5559,-5398,-5132,-4838,-4627,-4291,-3931
7436092.848,-3679,-3285,-2873,-2445,-2153,-1704,-1247,-938,-470,0,313,782,1246,1552,2003,2444
7437762.192,2731,3149,3549,3805,4173,4517,4733,5036,5312,5479,5706,5902,6015,6157,6265,6319
7439431.536,6371,6388,6381,6340,6265,6197,6066,5902,5775,5558,5312,5131,4837,4517,4290,3930
7441100.880,3549,3284,2872,2444,2152,1703,1246,937,469,0,-314,-783,-1247,-1553,-2004,-2445
7442770.224,-2732,-3150,-3550,-3806,-4174,-4518,-4734,-5037,-5313,-5480,-5707,-5903,-6016,-6158,-6266,-6341
7444439.568,-6372,-6389,-6372,-6341,-6266,-6158,-6067,-5903,-5707,-5559,-5313,-5037,-4838,-4518,-4174,-3931
7446108.912,-3550,-3150,-2873,-2445,-2004,-1704,-1247,-783,-470,0,469,782,1246,1703,2003,2444
7447778.256,2887,3165,3567,3950,4194,4540,4862,5062,5339,5587,5736,5933,6097,6189,6298,6373
7449447.600,6404,6421,6404,6373,6298,6189,6097,5933,5736,5587,5339,5062,4862,4540,4194,3950
7451116.944,3567,3165,2887,2457,2014,1712,1252,786,472,0,-473,-787,-1253,-1713,-2164,-2458
7452786.288,-2888,-3302,-3568,-3951,-4313,-4541,-4863,-5159,-5340,-5588,-5806,-5934,-6098,-6230,-6299,-6374
7454455.632,-6415,-6422,-6405,-6353,-6299,-6190,-6047,-5934,-5737,-5509,-5340,-5063,-4759,-4541,-4195,-3826
7456124.976,-3568,-3166,-2746,-2458,-2015,-1561,-1253,-787,-316,0,472,942,1252,1712,2163,2457
7457794.320,2887,3301,3567,3950,4312,4540,4862,5158,5339,5587,5805,5933,6097,6229,6298,6373
7459463.664,6414,6421,6404,6352,6298,6189,6046,5933,5736,5508,5339,5062,4758,4428,4194,3825
7461133.008,3435,3165,2745,2311,2014,1560,1097,786,315,-158,-473,-943,-1407,-1713,-2164,-2603
7462802.352,-2888,-3302,-3698,-3951,-4313,-4651,-4863,-5159,-5426,-5588,-5806,-5992,-6098,-6230,-6328,-6374
7464471.696,-6415,-6420,-6405,-6353,-6266,-6190,-6047,-5871,-5737,-5509,-5251,-5063,-4759,-4429,-4195,-3826
7466141.040,-3436,-3166,-2746,-2312,-2015,-1561,-1098,-787,-316,157,472,942,1406,1712,2163,2602
7467810.384,2901,3317,3716,3970,4334,4674,4886,5183,5452,5691,5834,6021,6175,6260,6358,6422
7469479.728,6446,6451,6422,6383,6297,6175,6076,5900,5691,5535,5276,4988,4782,4450,4094,3844
7471149.072,3452,3042,2759,2322,1873,1568,1103,632,316,-159,-633,-947,-1414,-1874,-2175,-2616
7472818.416,-3043,-3318,-3717,-4095,-4335,-4675,-4989,-5184,-5453,-5692,-5835,-6022,-6176,-6261,-6359,-6423
7474487.760,-6447,-6452,-6423,-6384,-6298,-6176,-6077,-5901,-5692,-5536,-5277,-4989,-4783,-4451,-4095,-3845
7476157.104,-3453,-3043,-2760,-2323,-1874,-1569,-1104,-633,-159,158,632,1103,1413,1873,2322,2615
7477826.448,3042,3452,3716,4094,4450,4674,4988,5276,5452,5691,5900,6021,6175,6297,6358,6422
7479495.792,6451,6451,6422,6358,6297,6175,6021,5900,5691,5452,5276,4988,4674,4450,4094,3716
7481165.136,3452,3042,2615,2322,1873,1413,1103,632,158,-159,-633,-1104,-1414,-1874,-2323,-2616
7482834.480,-3043,-3453,-3717,-4095,-4451,-4675,-4989,-5277,-5453,-5692,-5901,-6022,-6176,-6298,-6359,-6423
7484503.824,-6452,-6452,-6423,-6359,-6298,-6176,-6022,-5835,-5692,-5453,-5184,-4989,-4675,-4335,-4095,-3717
7486173.168,-3318,-3043,-2616,-2175,-1874,-1414,-947,-633,-159,316,632,1103,1568,1873,2322,2759
7487842.512,3057,3470,3864,4115,4472,4806,5014,5303,5563,5720,5930,6107,6207,6329,6416,6455
7489511.856,6484,6479,6455,6391,6292,6207,6052,5863,5720,5480,5210,5014,4697,4356,4115,3735
7491181.200,3334,3057,2628,2185,1883,1421,951,635,159,-319,-636,-1110,-1577,-1884,-2335,-2774
7492850.544,-3058,-3471,-3865,-4238,-4473,-4807,-5114,-5304,-5564,-5795,-5931,-6108,-6252,-6330,-6417,-6470
7494519.888,-6485,-6480,-6439,-6392,-6293,-6160,-6053,-5864,-5645,-5481,-5211,-4912,-4698,-4357,-3991,-3736
7496189.232,-3335,-2917,-2629,-2186,-1731,-1422,-952,-478,-160,318,794,1109,1576,2034,2334,2773
7497858.576,3197,3470,3864,4237,4472,4806,5113,5303,5563,5794,5930,6107,6251,6329,6416,6469
7499527.920,6484,6479,6438,6391,6292,6159,6052,5863,5644,5480,5210,4911,4697,4356,3990,3735
7501197.264,3334,2916,2482,2185,1730,1265,951,477,0,-319,-795,-1266,-1577,-2035,-2483,-2774
7502866.608,-3198,-3604,-3865,-4238,-4587,-4807,-5114,-5394,-5564,-5795,-5994,-6108,-6252,-6363,-6417,-6470
7504535.952,-6487,-6480,-6439,-6363,-6293,-6160,-5994,-5864,-5645,-5394,-5211,-4912,-4587,-4357,-3991,-3604
7506205.296,-3335,-2917,-2483,-2186,-1731,-1266,-952,-478,0,318,794,1265,1576,2034,2482,2773
7507874.640,3213,3622,3883,4258,4610,4830,5139,5421,5592,5823,6023,6138,6283,6394,6449,6502
7509543.984,6519,6502,6470,6394,6283,6190,6023,5823,5672,5421,5139,4936,4610,4258,4011,3622
7511213.328,3213,2931,2494,2045,1738,1272,798,479,0,-480,-799,-1273,-1739,-2046,-2495,-2932
7512882.672,-3214,-3623,-4012,-4259,-4611,-4937,-5140,-5422,-5673,-5824,-6024,-6191,-6284,-6395,-6471,-6503
7514552.016,-6520,-6503,-6471,-6395,-6284,-6191,-6024,-5824,-5673,-5422,-5140,-4937,-4611,-4259,-4012,-3623
7516221.360,-3214,-2932,-2495,-2046,-1739,-1273,-799,-480,0,479,798,1272,1738,2196,2494,2931
7517890.704,3351,3622,4011,4378,4610,4936,5236,5421,5672,5893,6023,6190,6324,6394,6470,6512
7519560.048,6519,6502,6449,6394,6283,6138,6023,5823,5592,5421,5139,4830,4610,4258,3883,3622
7521229.392,3213,2787,2494,2045,1584,1272,798,319,0,-480,-957,-1273,-1739,-2197,-2495,-2932
7522898.736,-3352,-3623,-4012,-4379,-4611,-4937,-5237,-5422,-5673,-5894,-6024,-6191,-6325,-6395,-6471,-6513
7524568.080,-6520,-6503,-6450,-6395,-6284,-6139,-6024,-5824,-5593,-5422,-5140,-4831,-4496,-4259,-3884,-3489
7526237.424,-3214,-2788,-2347,-2046,-1585,-1115,-799,-320,159,479,956,1428,1738,2196,2642,2931
7527906.768,3368,3773,4031,4400,4745,4961,5263,5536,5701,5923,6113,6222,6356,6456,6503,6545
7529576.112,6550,6535,6481,6393,6315,6169,5990,5853,5620,5357,5165,4855,4518,4280,3903,3505
7531245.456,3229,2801,2358,2055,1592,1120,802,321,-161,-482,-962,-1436,-1748,-2208,-2656,-2947
7532914.800,-3369,-3774,-4032,-4401,-4746,-4962,-5264,-5537,-5702,-5924,-6114,-6271,-6357,-6457,-6522,-6546
7534584.144,-6551,-6522,-6482,-6394,-6271,-6170,-5991,-5780,-5621,-5358,-5066,-4856,-4519,-4158,-3904,-3506
7536253.488,-3089,-2802,-2359,-1903,-1593,-1121,-643,-322,160,642,961,1435,1902,2207,2655,3088
7537922.832,3368,3773,4157,4400,4745,5065,5263,5536,5779,5923,6113,6270,6356,6456,6521,6545
7539592.176,6550,6521,6481,6393,6270,6169,5990,5779,5620,5357,5065,4855,4518,4157,3903,3505
7541261.520,3088,2801,2358,1902,1592,1120,642,160,-161,-643,-1121,-1436,-1903,-2359,-2656,-3089
7542930.864,-3506,-3774,-4158,-4519,-4746,-5066,-5358,-5537,-5780,-5991,-6114,-6271,-6394,-6457,-6522,-6551
7544600.208,-6551,-6522,-6457,-6394,-6271,-6114,-5991,-5780,-5537,-5358,-5066,-4746,-4519,-4158,-3774,-3506
7546269.552,-3089,-2656,-2359,-1903,-1436,-1121,-643,-161,160,642,1120,1435,1902,2358,2655,3088
7547938.896,3522,3791,4177,4540,4768,5090,5383,5563,5807,6019,6143,6301,6424,6487,6553,6582
7549608.240,6582,6553,6487,6424,6301,6143,5952,5807,5563,5289,5090,4768,4422,4177,3791,3385
7551277.584,3104,2668,2218,1911,1442,966,645,161,-324,-646,-1126,-1601,-1912,-2370,-2816,-3105
7552946.928,-3523,-3923,-4178,-4541,-4880,-5091,-5384,-5648,-5808,-6020,-6200,-6302,-6425,-6514,-6554,-6583
7554616.272,-6577,-6554,-6488,-6388,-6302,-6144,-5953,-5808,-5564,-5290,-5091,-4769,-4423,-4178,-3792,-3386
7556285.616,-3105,-2669,-2219,-1912,-1443,-967,-646,-162,323,645,1125,1600,1911,2369,2815,3104
7557954.960,3522,3922,4177,4540,4879,5191,5383,5647,5881,6019,6199,6346,6424,6513,6566,6582
7559624.304,6576,6535,6487,6387,6252,6143,5952,5729,5563,5289,4985,4768,4422,4051,3791,3385
7561293.648,2960,2668,2218,1756,1442,966,484,161,-324,-807,-1126,-1601,-2066,-2370,-2816,-3246
7562962.992,-3523,-3923,-4302,-4541,-4880,-5192,-5384,-5648,-5882,-6020,-6200,-6347,-6425,-6514,-6567,-6583
7564632.336,-6577,-6536,-6488,-6388,-6253,-6144,-5953,-5730,-5564,-5290,-4986,-4769,-4423,-4052,-3792,-3386
7566301.680,-2961,-2520,-2219,-1757,-1285,-967,-485,0,323,806,1284,1600,2065,2519,2815,3245
7567971.024,3676,3942,4322,4679,4903,5217,5502,5676,5911,6114,6231,6378,6490,6546,6599,6617
7569640.368,6609,6568,6490,6419,6283,6114,5982,5758,5502,5315,5010,4679,4444,4071,3676,3402
7571309.712,2975,2532,2229,1764,1291,971,486,0,-325,-811,-1292,-1609,-2076,-2533,-2830,-3262
7572979.056,-3677,-3943,-4323,-4680,-4904,-5218,-5503,-5677,-5912,-6115,-6232,-6379,-6491,-6547,-6600,-6618
7574648.400,-6600,-6569,-6491,-6379,-6284,-6115,-5912,-5759,-5503,-5218,-5011,-4680,-4323,-4072,-3677,-3262
7576317.744,-2976,-2533,-2076,-1765,-1292,-811,-487,0,486,810,1291,1764,2075,2532,2975,3261
7577987.088,3676,4071,4322,4679,5010,5217,5502,5758,5911,6114,6283,6378,6490,6568,6599,6617
7579656.432,6599,6568,6490,6378,6283,6114,5911,5758,5502,5217,5010,4679,4322,4071,3676,3261
7581325.776,2975,2532,2075,1764,1291,810,486,0,-487,-811,-1292,-1765,-2076,-2533,-2976,-3403
7582995.120,-3677,-4072,-4445,-4680,-5011,-5316,-5503,-5759,-5983,-6115,-6284,-6420,-6491,-6569,-6610,-6618
7584664.464,-6600,-6547,-6491,-6379,-6232,-6115,-5912,-5677,-5503,-5218,-4904,-4680,-4323,-3943,-3677,-3262
7586333.808,-2830,-2533,-2076,-1609,-1292,-811,-325,0,486,971,1291,1764,2229,2532,2975,3402
7588003.152,3694,4091,4466,4702,5035,5342,5529,5786,6012,6144,6315,6451,6522,6600,6642,6650
7589672.496,6632,6578,6522,6409,6262,6144,5940,5704,5529,5243,4927,4585,4344,3961,3558,3278
7591341.840,2843,2393,2086,1616,1137,814,326,-164,-490,-976,-1458,-1774,-2241,-2696,-2991,-3420
7593011.184,-3830,-4092,-4467,-4817,-5036,-5343,-5619,-5787,-6013,-6206,-6316,-6452,-6553,-6601,-6643,-6649
7594680.528,-6633,-6579,-6490,-6410,-6263,-6081,-5941,-5705,-5438,-5244,-4928,-4586,-4345,-3962,-3559,-3279
7596349.872,-2844,-2394,-2087,-1617,-1138,-815,-327,163,489,975,1457,1773,2240,2695,2990,3419
7598019.216,3829,4091,4466,4816,5035,5342,5618,5786,6012,6205,6364,6451,6552,6618,6642,6648
7599688.560,6618,6578,6489,6364,6262,6080,5865,5704,5437,5141,4927,4585,4219,3961,3558,3135
7601357.904,2843,2393,1930,1616,1137,651,326,-164,-652,-976,-1458,-1931,-2241,-2696,-3136,-3420
7603027.248,-3830,-4220,-4467,-4817,-5142,-5343,-5619,-5866,-6013,-6206,-6365,-6452,-6553,-6619,-6643,-6649
7604696.592,-6619,-6579,-6490,-6365,-6263,-6081,-5866,-5705,-5438,-5142,-4928,-4586,-4220,-3962,-3559,-3136
7606365.936,-2844,-2394,-1931,-1617,-1138,-652,-327,163,651,1137,1457,1930,2393,2695,3135,3558
7608035.280,3848,4240,4608,4840,5166,5464,5646,5894,6110,6235,6395,6521,6585,6651,6681,6681
7609704.624,6651,6585,6521,6395,6235,6110,5894,5646,5464,5166,4840,4608,4240,3848,3575,3150
7611373.968,2708,2405,1940,1464,1142,655,163,-164,-656,-1143,-1465,-1941,-2406,-2709,-3151,-3576
7613043.312,-3849,-4241,-4609,-4841,-5167,-5465,-5647,-5895,-6111,-6236,-6396,-6522,-6586,-6652,-6682,-6682
7614712.656,-6652,-6586,-6522,-6396,-6236,-6043,-5895,-5647,-5369,-5167,-4841,-4489,-4241,-3849,-3437,-3151
7616382.000,-2709,-2252,-1941,-1465,-981,-656,-164,327,655,1142,1624,1940,2405,2857,3150,3575
7618051.344,3981,4240,4608,4952,5166,5464,5732,5894,6110,6293,6395,6521,6611,6651,6681,6675
7619720.688,6651,6585,6483,6395,6235,6042,5894,5646,5368,5166,4840,4488,4240,3848,3436,3150
7621390.032,2708,2251,1940,1464,980,655,163,-328,-656,-1143,-1625,-1941,-2406,-2858,-3151,-3576
7623059.376,-3982,-4241,-4609,-4953,-5270,-5465,-5733,-5971,-6111,-6294,-6442,-6522,-6612,-6666,-6682,-6676
7624728.720,-6634,-6586,-6484,-6347,-6236,-6043,-5816,-5647,-5369,-5061,-4841,-4489,-4113,-3849,-3437,-3006
7626398.064,-2709,-2252,-1783,-1465,-981,-492,-164,327,818,1142,1624,2096,2405,2857,3294,3575
7628067.408,4001,4387,4631,4976,5295,5491,5761,5999,6140,6324,6473,6553,6644,6698,6714,6708
7629736.752,6666,6617,6515,6377,6266,6071,5844,5674,5395,5085,4864,4510,4132,3867,3453,3019
7631406.096,2722,2262,1791,1310,985,494,0,-330,-823,-1311,-1633,-2107,-2571,-2872,-3311,-3732
7633075.440,-4002,-4388,-4750,-4977,-5296,-5585,-5762,-6000,-6206,-6325,-6474,-6588,-6645,-6699,-6717,-6709
7634744.784,-6667,-6588,-6516,-6378,-6206,-6072,-5845,-5585,-5396,-5086,-4750,-4511,-4133,-3732,-3454,-3020
7636414.128,-2571,-2263,-1792,-1311,-986,-495,0,329,822,1310,1632,2106,2570,2871,3310,3731
7638083.472,4001,4387,4749,4976,5295,5584,5761,5999,6205,6324,6473,6587,6644,6698,6716,6698
7639752.816,6666,6587,6473,6377,6205,5999,5844,5584,5295,5085,4749,4387,4132,3731,3310,3019
7641422.160,2570,2106,1791,1310,822,494,0,-495,-823,-1311,-1792,-2107,-2571,-3020,-3311,-3732
7643091.504,-4133,-4388,-4750,-5086,-5296,-5585,-5845,-6000,-6206,-6378,-6474,-6588,-6667,-6699,-6717,-6699
7644760.848,-6667,-6588,-6474,-6378,-6206,-6000,-5845,-5585,-5296,-5086,-4750,-4388,-4133,-3732,-3311,-3020
7646430.192,-2571,-2107,-1792,-1311,-823,-495,0,494,822,1310,1791,2106,2570,3019,3453,3731
7648099.536,4152,4532,4772,5110,5420,5611,5872,6100,6235,6408,6546,6619,6698,6740,6748,6730
7649768.880,6675,6619,6504,6354,6235,6028,5788,5611,5320,5000,4772,4408,4020,3749,3326,2885
7651438.224,2582,2116,1639,1316,826,331,0,-497,-991,-1317,-1800,-2274,-2583,-3035,-3470,-3750
7653107.568,-4153,-4533,-4773,-5111,-5421,-5612,-5873,-6101,-6236,-6409,-6547,-6620,-6699,-6741,-6749,-6731
7654776.912,-6676,-6620,-6505,-6355,-6236,-6029,-5789,-5612,-5321,-5001,-4773,-4409,-4021,-3611,-3327,-2886
7656446.256,-2429,-2117,-1640,-1154,-827,-332,165,496,990,1478,1799,2273,2734,3034,3469,3886
7658115.600,4152,4532,4887,5110,5420,5701,5872,6100,6296,6408,6546,6649,6698,6740,6746,6730
7659784.944,6675,6584,6504,6354,6169,6028,5788,5517,5320,5000,4653,4408,4020,3610,3326,2885
7661454.288,2428,2116,1639,1153,826,331,-166,-497,-991,-1479,-1800,-2274,-2735,-3035,-3470,-3887
7663123.632,-4153,-4533,-4888,-5111,-5421,-5702,-5873,-6101,-6297,-6459,-6547,-6650,-6717,-6741,-6747,-6717
7664792.976,-6676,-6585,-6459,-6355,-6170,-5952,-5789,-5518,-5217,-5001,-4654,-4282,-4021,-3611,-3182,-2886
7666462.320,-2429,-1960,-1640,-1154,-662,-332,165,661,990,1478,1959,2273,2734,3181,3469,3886
7668131.664,4302,4554,4911,5242,5447,5729,5981,6130,6327,6489,6578,6682,6749,6773,6779,6749
7669801.008,6708,6617,6489,6385,6199,5981,5816,5544,5242,5025,4676,4302,4039,3628,3196,2899
7671470.352,2440,1968,1647,1159,664,332,-167,-665,-1160,-1486,-1969,-2441,-2749,-3197,-3629,-3906
7673139.696,-4303,-4677,-4912,-5243,-5545,-5730,-5982,-6200,-6328,-6490,-6618,-6683,-6750,-6780,-6780,-6750
7674809.040,-6683,-6618,-6490,-6328,-6200,-5982,-5730,-5545,-5243,-4912,-4677,-4303,-3906,-3629,-3197,-2749
7676478.384,-2441,-1969,-1486,-1160,-665,-167,166,664,1159,1485,1968,2440,2748,3196,3628,3905
7678147.728,4302,4676,4911,5242,5544,5729,5981,6199,6327,6489,6617,6682,6749,6779,6779,6749
7679817.072,6682,6617,6489,6327,6199,5981,5729,5447,5242,4911,4554,4302,3905,3486,3196,2748
7681486.416,2284,1968,1485,995,664,166,-333,-665,-1160,-1648,-1969,-2441,-2900,-3197,-3629,-4040
7683155.760,-4303,-4677,-5026,-5243,-5545,-5817,-5982,-6200,-6386,-6490,-6618,-6709,-6750,-6780,-6774,-6750
7684825.104,-6683,-6579,-6490,-6328,-6131,-5982,-5730,-5448,-5243,-4912,-4555,-4303,-3906,-3487,-3197,-2749
7686494.448,-2285,-1969,-1486,-996,-665,-167,332,664,1159,1647,1968,2440,2899,3196,3628,4039
7688163.792,4323,4699,5049,5372,5571,5845,6087,6230,6416,6567,6649,6740,6796,6812,6806,6763
7689833.136,6714,6610,6470,6358,6160,5929,5757,5473,5160,4935,4576,4192,3924,3503,3063,2761
7691502.480,2295,1817,1493,999,501,167,-335,-835,-1166,-1656,-2138,-2453,-2914,-3360,-3646,-4060
7693171.824,-4452,-4700,-5050,-5373,-5572,-5846,-6088,-6231,-6417,-6568,-6650,-6741,-6797,-6813,-6807,-6764
7694841.168,-6715,-6611,-6471,-6359,-6161,-5930,-5758,-5474,-5161,-4936,-4577,-4193,-3925,-3504,-3064,-2762
7696510.512,-2296,-1818,-1330,-1000,-502,0,334,834,1329,1655,2137,2607,2913,3359,3786,4059
7698179.856,4451,4818,5049,5372,5666,5845,6087,6296,6416,6567,6683,6740,6796,6814,6806,6763
7699849.200,6683,6610,6470,6296,6160,5929,5666,5473,5160,4818,4576,4192,3786,3503,3063,2607
7701518.544,2295,1817,1329,999,501,0,-335,-835,-1330,-1656,-2138,-2608,-2914,-3360,-3787,-4060
7703187.888,-4452,-4819,-5050,-5373,-5667,-5846,-6088,-6297,-6417,-6568,-6684,-6741,-6797,-6815,-6807,-6764
7704857.232,-6684,-6568,-6471,-6297,-6088,-5930,-5667,-5373,-5161,-4819,-4452,-4193,-3787,-3360,-3064,-2608
7706526.576,-2138,-1818,-1330,-835,-502,0,501,834,1329,1817,2137,2607,3063,3359,3786,4192
7708195.920,4472,4842,5185,5398,5693,5958,6116,6326,6502,6599,6716,6796,6829,6847,6829,6796
7709865.264,6716,6599,6502,6326,6116,5958,5693,5398,5185,4842,4472,4212,3804,3375,3078,2620
7711534.608,2147,1826,1336,838,503,0,-504,-839,-1337,-1827,-2148,-2621,-3079,-3521,-3805,-4213
7713203.952,-4599,-4843,-5186,-5501,-5694,-5959,-6191,-6327,-6503,-6643,-6717,-6797,-6840,-6848,-6830,-6774
7714873.296,-6717,-6600,-6448,-6327,-6117,-5874,-5694,-5399,-5074,-4843,-4473,-4080,-3805,-3376,-2928,-2621
7716542.640,-2148,-1664,-1337,-839,-337,0,503,1004,1336,1826,2306,2620,3078,3520,3804,4212
7718211.984,4598,4842,5185,5500,5693,5958,6190,6326,6502,6642,6716,6796,6839,6847,6829,6773
7719881.328,6716,6599,6447,6326,6116,5873,5693,5398,5073,4842,4472,4079,3663,3375,2927,2464
7721550.672,2147,1663,1170,838,336,-169,-504,-1005,-1501,-1827,-2307,-2776,-3079,-3521,-3944,-4213
7723220.016,-4599,-4960,-5186,-5501,-5786,-5959,-6191,-6389,-6503,-6643,-6748,-6797,-6840,-6846,-6830,-6774
7724889.360,-6682,-6600,-6448,-6261,-6117,-5874,-5599,-5399,-5074,-4722,-4473,-4080,-3664,-3376,-2928,-2465
7726558.704,-2148,-1664,-1171,-839,-337,168,503,1004,1500,1826,2306,2775,3078,3520,3943,4212
7728228.048,4620,4982,5209,5525,5812,5985,6219,6418,6532,6673,6778,6846,6871,6877,6846,6805
7729897.392,6712,6583,6477,6289,6067,5900,5624,5318,5097,4743,4364,4098,3680,3243,2941,2476
7731566.736,1997,1671,1176,674,337,-169,-675,-1010,-1508,-1998,-2318,-2789,-3244,-3538,-3962,-4365
7733236.080,-4621,-4983,-5319,-5526,-5813,-6068,-6220,-6419,-6584,-6674,-6779,-6847,-6872,-6878,-6847,-6806
7734905.424,-6713,-6584,-6478,-6290,-6068,-5901,-5625,-5319,-5098,-4744,-4365,-4099,-3681,-3244,-2942,-2477
7736574.768,-1998,-1672,-1177,-675,-338,168,674,1176,1507,1997,2476,2788,3243,3680,3961,4364
7738244.112,4743,4982,5318,5624,5812,6067,6289,6418,6583,6712,6778,6846,6877,6877,6846,6778
7739913.456,6712,6583,6418,6289,6067,5812,5624,5318,4982,4743,4364,3961,3680,3243,2788,2476
7741582.800,1997,1507,1176,674,168,-169,-675,-1177,-1508,-1998,-2477,-2789,-3244,-3681,-3962,-4365
7743252.144,-4744,-4983,-5319,-5625,-5813,-6068,-6290,-6419,-6584,-6713,-6779,-6847,-6878,-6878,-6847,-6779
7744921.488,-6713,-6584,-6419,-6290,-6068,-5813,-5526,-5319,-4983,-4621,-4365,-3962,-3538,-3244,-2789,-2318
7746590.832,-1998,-1508,-1010,-675,-169,337,674,1176,1671,1997,2476,2941,3243,3680,4098,4364
7748260.176,4766,5122,5343,5651,5929,6096,6319,6508,6615,6744,6837,6879,6910,6904,6879,6811
7749929.520,6705,6615,6449,6249,6096,5840,5552,5343,5006,4642,4385,3980,3553,3258,2801,2328
7751598.864,2006,1514,1014,677,169,-340,-678,-1182,-1680,-2007,-2488,-2956,-3259,-3699,-4118,-4386
7753268.208,-4767,-5123,-5344,-5652,-5930,-6175,-6320,-6509,-6663,-6745,-6838,-6895,-6911,-6905,-6861,-6812
7754937.552,-6706,-6564,-6450,-6250,-6015,-5841,-5553,-5235,-5007,-4643,-4253,-3981,-3554,-3108,-2802,-2329
7756606.896,-1844,-1515,-1015,-509,-170,339,846,1181,1679,2168,2487,2955,3407,3698,4117,4515
7758276.240,4766,5122,5449,5651,5929,6174,6319,6508,6662,6744,6837,6894,6910,6904,6860,6811
7759945.584,6705,6563,6449,6249,6014,5840,5552,5234,5006,4642,4252,3980,3553,3107,2801,2328
7761614.928,1843,1348,1014,508,0,-340,-847,-1349,-1680,-2169,-2646,-2956,-3408,-3841,-4118,-4516
7763284.272,-4889,-5123,-5450,-5748,-5930,-6175,-6387,-6509,-6663,-6780,-6838,-6895,-6913,-6905,-6861,-6780
7764953.616,-6706,-6564,-6387,-6250,-6015,-5748,-5553,-5235,-4889,-4643,-4253,-3841,-3554,-3108,-2646,-2329
7766622.960,-1844,-1349,-1015,-509,0,339,846,1348,1679,2168,2645,2955,3407,3840,4117,4515
7768292.304,4911,5146,5475,5775,5957,6204,6417,6539,6694,6812,6870,6926,6945,6937,6893,6812
7769961.648,6694,6595,6417,6204,6043,5775,5475,5259,4911,4536,4273,3858,3423,3122,2657,2178
7771630.992,1852,1355,850,510,0,-511,-851,-1356,-1853,-2179,-2658,-3123,-3424,-3859,-4274,-4537
7773300.336,-4912,-5260,-5476,-5776,-6044,-6205,-6418,-6596,-6695,-6813,-6894,-6927,-6946,-6927,-6894,-6813
7774969.680,-6695,-6596,-6418,-6205,-6044,-5776,-5476,-5260,-4912,-4537,-4274,-3859,-3424,-3123,-2658,-2179
7776639.024,-1853,-1356,-851,-511,0,510,850,1355,1852,2178,2657,3122,3423,3858,4273,4664
7778308.368,4911,5259,5578,5775,6043,6278,6417,6595,6737,6812,6893,6937,6945,6926,6870,6812
7779977.712,6694,6539,6417,6204,5957,5775,5475,5146,4911,4536,4137,3858,3423,2969,2657,2178
7781647.056,1687,1355,850,340,0,-511,-1020,-1356,-1853,-2340,-2658,-3123,-3571,-3859,-4274,-4665
7783316.400,-4912,-5260,-5579,-5776,-6044,-6279,-6418,-6596,-6738,-6813,-6894,-6938,-6946,-6927,-6871,-6813
7784985.744,-6695,-6540,-6418,-6205,-5958,-5776,-5476,-5147,-4912,-4537,-4138,-3716,-3424,-2970,-2500,-2179
7786655.088,-1688,-1188,-851,-341,170,510,1019,1521,1852,2339,2814,3122,3570,3999,4273,4664
7788324.432,5054,5284,5605,5895,6072,6308,6511,6626,6769,6876,6926,6970,6976,6959,6903,6809
7789993.776,6725,6570,6380,6233,5985,5705,5501,5170,4812,4558,4157,3733,3439,2983,2511,2189
7791663.120,1695,1193,854,342,-172,-514,-1025,-1529,-1862,-2352,-2829,-3138,-3588,-4019,-4294,-4687
7793332.464,-5055,-5285,-5606,-5896,-6073,-6309,-6512,-6627,-6770,-6877,-6946,-6971,-6977,-6946,-6904,-6810
7795001.808,-6679,-6571,-6381,-6155,-5986,-5706,-5395,-5171,-4813,-4428,-4158,-3734,-3290,-2984,-2512,-2026
7796671.152,-1696,-1194,-685,-343,171,684,1024,1528,2025,2351,2828,3289,3587,4018,4427,4686
7798340.496,5054,5394,5605,5895,6154,6308,6511,6678,6769,6876,6945,6970,6976,6945,6903,6809
7800009.840,6678,6570,6380,6154,5985,5705,5394,5170,4812,4427,4157,3733,3289,2983,2511,2025
7801679.184,1695,1193,684,342,-172,-685,-1025,-1529,-2026,-2512,-2829,-3290,-3734,-4019,-4428,-4813
7803348.528,-5055,-5395,-5706,-5896,-6155,-6381,-6512,-6679,-6810,-6877,-6946,-6977,-6977,-6946,-6877,-6810
7805017.872,-6679,-6512,-6381,-6155,-5896,-5706,-5395,-5055,-4813,-4428,-4019,-3734,-3290,-2829,-2512,-2026
7806687.216,-1529,-1194,-685,-172,171,684,1193,1528,2025,2511,2828,3289,3733,4018,4427,4812
7808356.560,5077,5419,5731,5923,6182,6409,6540,6708,6840,6907,6976,7008,7008,6976,6907,6840
7810025.904,6708,6540,6409,6182,5923,5631,5419,5077,4708,4447,4036,3604,3304,2841,2361,2035
7811695.248,1536,1028,687,172,-345,-688,-1199,-1704,-2036,-2524,-2998,-3305,-3751,-4177,-4448,-4835
7813364.592,-5195,-5420,-5732,-6014,-6183,-6410,-6602,-6709,-6841,-6935,-6977,-7009,-7003,-6977,-6908,-6801
7815033.936,-6709,-6541,-6338,-6183,-5924,-5632,-5420,-5078,-4709,-4448,-4037,-3605,-3305,-2842,-2362,-2036
7816703.280,-1537,-1029,-688,-173,344,687,1198,1703,2035,2523,2997,3304,3750,4176,4447,4834
7818372.624,5194,5419,5731,6013,6262,6409,6601,6756,6840,6934,6991,7008,7002,6958,6907,6800
7820041.968,6656,6540,6337,6099,5923,5631,5308,5077,4708,4313,4036,3604,3152,2841,2361,1869
7821711.312,1536,1028,515,172,-345,-859,-1199,-1704,-2200,-2524,-2998,-3456,-3751,-4177,-4580,-4835
7823380.656,-5195,-5527,-5732,-6014,-6263,-6410,-6602,-6757,-6841,-6935,-6992,-7009,-7003,-6959,-6908,-6801
7825050.000,-6657,-6541,-6338,-6100,-5924,-5632,-5309,-5078,-4709,-4314,-4037,-3605,-3153,-2842,-2362,-1870
7826719.344,-1537,-1029,-516,0,344,858,1367,1703,2199,2682,2997,3455,3894,4176,4579,4957
7828388.688,5219,5552,5856,6041,6291,6507,6632,6788,6908,6967,7024,7043,7035,6990,6908,6832
7830058.032,6688,6507,6367,6128,5856,5657,5333,4980,4730,4333,3913,3621,3166,2695,2373,1878
7831727.376,1374,1033,518,0,-346,-863,-1375,-1712,-2210,-2696,-3012,-3472,-3914,-4196,-4601,-4981
7833396.720,-5220,-5553,-5857,-6042,-6292,-6508,-6633,-6789,-6909,-6968,-7025,-7044,-7036,-6991,-6909,-6789
7835066.064,-6689,-6508,-6292,-6129,-5857,-5553,-5334,-4981,-4601,-4334,-3914,-3472,-3167,-2696,-2210,-1879
7836735.408,-1375,-863,-519,0,518,862,1374,1878,2209,2695,3166,3471,3913,4333,4600,4980
7838404.752,5333,5552,5856,6128,6291,6507,6688,6788,6908,6990,7024,7043,7024,6990,6908,6788
7840074.096,6688,6507,6291,6128,5856,5552,5333,4980,4600,4333,3913,3471,3166,2695,2209,1878
7841743.440,1374,862,518,0,-519,-863,-1375,-1879,-2210,-2696,-3167,-3472,-3914,-4334,-4731,-4981
7843412.784,-5334,-5658,-5857,-6129,-6368,-6508,-6689,-6833,-6909,-6991,-7036,-7044,-7025,-6968,-6909,-6789
7845082.128,-6633,-6508,-6292,-6042,-5857,-5553,-5220,-4981,-4601,-4196,-3914,-3472,-3012,-2696,-2210,-1712
7846751.472,-1375,-863,-346,0,518,1033,1374,1878,2373,2695,3166,3621,3913,4333,4730,4980
7848420.816,5358,5684,5884,6157,6397,6538,6719,6864,6940,7023,7068,7076,7057,7000,6940,6820
7850090.160,6663,6538,6321,6069,5884,5579,5243,5004,4622,4215,3931,3488,3025,2546,2219,1719
7851759.504,1209,866,347,-174,-521,-1039,-1551,-1888,-2385,-2868,-3182,-3639,-4075,-4354,-4753,-5126
7853428.848,-5359,-5685,-5979,-6158,-6398,-6603,-6720,-6865,-6973,-7024,-7069,-7075,-7058,-7001,-6905,-6821
7855098.192,-6664,-6470,-6322,-6070,-5786,-5580,-5244,-4880,-4623,-4216,-3787,-3489,-3026,-2547,-2220,-1720
7856767.536,-1210,-867,-348,173,520,1038,1550,1887,2384,2867,3181,3638,4074,4353,4752,5125
7858436.880,5358,5684,5978,6157,6397,6602,6719,6864,6972,7042,7068,7074,7042,7000,6904,6772
7860106.224,6663,6469,6241,6069,5785,5470,5243,4879,4489,4215,3786,3335,3025,2546,2054,1719
7861775.568,1209,693,347,-174,-694,-1039,-1551,-2055,-2385,-2868,-3336,-3639,-4075,-4490,-4753,-5126
7863444.912,-5471,-5685,-5979,-6242,-6398,-6603,-6773,-6865,-6973,-7043,-7069,-7075,-7043,-7001,-6905,-6773
7865114.256,-6664,-6470,-6242,-6070,-5786,-5471,-5244,-4880,-4490,-4216,-3787,-3336,-3026,-2547,-2055,-1720
7866783.600,-1210,-694,-348,173,693,1038,1550,2054,2546,2867,3335,3786,4074,4489,4879,5125
7868452.944,5495,5812,6006,6270,6499,6633,6803,6937,7005,7075,7107,7107,7075,7005,6937,6803
7870122.288,6633,6499,6270,6006,5812,5495,5149,4902,4510,4093,3803,3351,2881,2558,2063,1557
7871791.632,1215,696,174,-175,-697,-1216,-1558,-2064,-2559,-2882,-3352,-3804,-4094,-4511,-4903,-5150
7873460.976,-5496,-5813,-6007,-6271,-6500,-6634,-6804,-6938,-7006,-7076,-7108,-7108,-7076,-7006,-6938,-6804
7875130.320,-6634,-6500,-6271,-6007,-5813,-5496,-5150,-4775,-4511,-4094,-3656,-3352,-2882,-2396,-2064,-1558
7876799.664,-1044,-697,-175,348,696,1215,1727,2063,2558,3039,3351,3803,4235,4510,4902,5268
7878469.008,5495,5812,6098,6270,6499,6694,6803,6937,7032,7075,7107,7101,7075,7005,6896,6803
7880138.352,6633,6427,6270,6006,5710,5495,5149,4774,4510,4093,3655,3351,2881,2395,2063,1557
7881807.696,1043,696,174,-349,-697,-1216,-1728,-2064,-2559,-3040,-3352,-3804,-4236,-4511,-4903,-5269
7883477.040,-5496,-5813,-6099,-6351,-6500,-6695,-6853,-6938,-7033,-7091,-7108,-7102,-7057,-7006,-6897,-6751
7885146.384,-6634,-6428,-6187,-6007,-5711,-5384,-5150,-4775,-4375,-4094,-3656,-3197,-2882,-2396,-1897,-1558
7886815.728,-1044,-523,-175,348,870,1215,1727,2230,2558,3039,3504,3803,4235,4644,4902,5268
7888485.072,5630,5839,6125,6379,6529,6724,6883,6968,7064,7122,7139,7133,7088,7036,6927,6781
7890154.416,6663,6456,6213,6033,5736,5407,5172,4796,4393,4112,3671,3210,2894,2406,1904,1564
7891823.760,1047,525,0,-351,-875,-1394,-1736,-2241,-2733,-3054,-3521,-3968,-4255,-4665,-5051,-5292
7893493.104,-5631,-5939,-6126,-6380,-6599,-6725,-6884,-7005,-7065,-7123,-7142,-7134,-7089,-7005,-6928,-6782
7895162.448,-6599,-6457,-6214,-5939,-5737,-5408,-5051,-4797,-4394,-3968,-3672,-3211,-2733,-2407,-1905,-1394
7896831.792,-1048,-526,0,350,874,1393,1735,2240,2732,3053,3520,3967,4254,4664,5050,5291
7898501.136,5630,5938,6125,6379,6598,6724,6883,7004,7064,7122,7141,7133,7088,7004,6927,6781
7900170.480,6598,6379,6213,5938,5630,5407,5050,4664,4393,3967,3520,3210,2732,2240,1904,1393
7901839.824,874,525,0,-526,-875,-1394,-1905,-2241,-2733,-3211,-3521,-3968,-4394,-4665,-5051,-5408
7903509.168,-5631,-5939,-6214,-6380,-6599,-6782,-6884,-7005,-7089,-7123,-7142,-7123,-7089,-7005,-6884,-6782
7905178.512,-6599,-6380,-6214,-5939,-5631,-5408,-5051,-4665,-4394,-3968,-3521,-3211,-2733,-2241,-1905,-1394
7906847.856,-875,-526,0,525,874,1393,1904,2240,2732,3210,3520,3967,4393,4796,5050,5407
7908517.200,5762,5965,6242,6485,6628,6812,6959,7036,7120,7166,7174,7155,7097,7036,6914,6755
7910186.544,6628,6408,6153,5965,5656,5316,5073,4686,4273,3986,3536,3067,2745,2250,1743,1399
7911855.888,878,352,0,-528,-1053,-1400,-1914,-2418,-2746,-3226,-3689,-3987,-4415,-4819,-5074,-5433
7913525.232,-5763,-5966,-6243,-6486,-6629,-6813,-6960,-7037,-7121,-7167,-7175,-7156,-7098,-7037,-6915,-6756
7915194.576,-6629,-6409,-6154,-5966,-5657,-5317,-5074,-4687,-4274,-3987,-3537,-3068,-2583,-2251,-1744,-1227
7916863.920,-879,-353,176,527,1052,1571,1913,2417,2907,3225,3688,4131,4414,4818,5196,5432
7918533.264,5762,6061,6242,6485,6693,6812,6959,7069,7120,7166,7172,7155,7097,7000,6914,6755
7920202.608,6559,6408,6153,5866,5656,5316,4947,4686,4273,3838,3536,3067,2582,2250,1743,1226
7921871.952,878,352,-177,-528,-1053,-1572,-1914,-2418,-2908,-3226,-3689,-4132,-4415,-4819,-5197,-5433
7923541.296,-5763,-6062,-6243,-6486,-6694,-6813,-6960,-7070,-7121,-7167,-7173,-7141,-7098,-7001,-6866,-6756
7925210.640,-6560,-6328,-6154,-5867,-5547,-5317,-4948,-4552,-4274,-3839,-3383,-3068,-2583,-2083,-1744,-1227
7926879.984,-704,-353,176,703,1052,1571,2082,2417,2907,3382,3688,4131,4551,4818,5196,5546
7928549.328,5789,6089,6356,6515,6724,6897,6991,7101,7173,7199,7205,7173,7129,7032,6897,6786
7930218.672,6589,6356,6182,5893,5571,5340,4970,4572,4293,3856,3397,3081,2594,2092,1751,1232
7931888.016,706,353,-177,-707,-1058,-1580,-2093,-2595,-2921,-3398,-3857,-4151,-4573,-4971,-5221,-5572
7933557.360,-5894,-6090,-6357,-6590,-6725,-6898,-7033,-7102,-7174,-7206,-7206,-7174,-7102,-7033,-6898,-6725
7935226.704,-6590,-6357,-6090,-5894,-5572,-5221,-4971,-4573,-4151,-3857,-3398,-2921,-2595,-2093,-1580,-1233
7936896.048,-707,-177,176,706,1232,1579,2092,2594,2920,3397,3856,4150,4572,4970,5220,5571
7938565.392,5893,6089,6356,6589,6724,6897,7032,7101,7173,7205,7205,7173,7101,7032,6897,6724
7940234.736,6589,6356,6089,5893,5571,5220,4840,4572,4150,3705,3397,2920,2428,2092,1579,1057
7941904.080,706,176,-354,-707,-1233,-1752,-2093,-2595,-3082,-3398,-3857,-4294,-4573,-4971,-5341,-5572
7943573.424,-5894,-6183,-6357,-6590,-6787,-6898,-7033,-7130,-7174,-7206,-7200,-7174,-7102,-6992,-6898,-6725
7945242.768,-6516,-6357,-6090,-5790,-5572,-5221,-4841,-4573,-4151,-3706,-3398,-2921,-2429,-2093,-1580,-1058
7946912.112,-707,-177,353,706,1232,1751,2092,2594,3081,3397,3856,4293,4572,4970,5340,5571
7948581.456,5919,6210,6385,6619,6817,6978,7064,7162,7221,7238,7232,7186,7134,7023,6875,6755
7950250.800,6545,6300,6117,5815,5482,5244,4862,4454,4169,3722,3255,2934,2439,1931,1586,1062
7951920.144,532,177,-356,-887,-1238,-1760,-2272,-2606,-3096,-3570,-3874,-4314,-4730,-4993,-5366,-5709
7953589.488,-5920,-6211,-6468,-6620,-6818,-6979,-7065,-7163,-7222,-7239,-7233,-7187,-7135,-7024,-6876,-6756
7955258.832,-6546,-6301,-6118,-5816,-5483,-5245,-4863,-4455,-4170,-3723,-3256,-2935,-2440,-1932,-1587,-1063
7956928.176,-533,0,355,886,1412,1759,2271,2770,3095,3569,4022,4313,4729,5120,5365,5708
7958597.520,6020,6210,6467,6689,6817,6978,7101,7162,7221,7240,7232,7186,7101,7023,6875,6689
7960266.864,6545,6300,6020,5815,5482,5120,4862,4454,4022,3722,3255,2770,2439,1931,1412,1062
7961936.208,532,0,-356,-887,-1413,-1760,-2272,-2771,-3096,-3570,-4023,-4314,-4730,-5121,-5366,-5709
7963605.552,-6021,-6211,-6468,-6690,-6818,-6979,-7102,-7163,-7222,-7241,-7233,-7187,-7102,-7024,-6876,-6690
7965274.896,-6468,-6301,-6021,-5709,-5483,-5121,-4730,-4455,-4023,-3570,-3256,-2771,-2272,-1932,-1413,-887
7966944.240,-533,0,532,886,1412,1931,2271,2770,3255,3569,4022,4454,4729,5120,5482,5708
7968613.584,6047,6328,6497,6720,6906,7010,7133,7219,7254,7273,7254,7219,7133,7010,6906,6720
7970282.928,6497,6328,6047,5734,5507,5143,4751,4474,4041,3585,3270,2783,2281,1939,1419,890
7971952.272,534,0,-535,-891,-1420,-1940,-2282,-2784,-3271,-3586,-4042,-4475,-4752,-5144,-5508,-5843
7973621.616,-6048,-6329,-6576,-6721,-6907,-7056,-7134,-7220,-7266,-7274,-7255,-7195,-7134,-7011,-6849,-6721
7975290.960,-6498,-6239,-6048,-5735,-5390,-5144,-4752,-4333,-4042,-3586,-3111,-2784,-2282,-1768,-1420,-891
7976960.304,-357,0,534,1067,1419,1939,2450,2783,3270,3739,4041,4474,4884,5143,5507,5842
7978629.648,6047,6328,6575,6720,6906,7055,7133,7219,7265,7273,7254,7194,7133,7010,6848,6720
7980298.992,6497,6238,6047,5734,5389,5143,4751,4332,4041,3585,3110,2617,2281,1767,1243,890
7981968.336,356,-179,-535,-1068,-1594,-1940,-2451,-2948,-3271,-3740,-4189,-4475,-4885,-5268,-5508,-5843
7983637.680,-6146,-6329,-6576,-6787,-6907,-7056,-7167,-7220,-7266,-7272,-7255,-7195,-7098,-7011,-6849,-6650
7985307.024,-6498,-6239,-5947,-5735,-5390,-5016,-4752,-4333,-3892,-3586,-3111,-2618,-2282,-1768,-1244,-891
7986976.368,-357,178,534,1067,1593,1939,2450,2947,3270,3739,4188,4474,4884,5267,5507,5842
7988645.712,6172,6356,6604,6816,6936,7086,7198,7250,7297,7303,7270,7226,7128,6991,6878,6679
7990315.056,6443,6266,5973,5647,5413,5037,4634,4351,3908,3443,3123,2629,2120,1775,1249,716
7991984.400,358,-180,-717,-1072,-1601,-2121,-2462,-2961,-3444,-3757,-4207,-4635,-4907,-5292,-5648,-5869
7993653.744,-6173,-6444,-6605,-6817,-6992,-7087,-7199,-7271,-7298,-7304,-7271,-7227,-7129,-6992,-6879,-6680
7995323.088,-6444,-6267,-5974,-5648,-5414,-5038,-4635,-4352,-3909,-3444,-3124,-2630,-2121,-1776,-1250,-717
7996992.432,-359,179,716,1071,1600,2120,2461,2960,3443,3908,4206,4634,5037,5291,5647,5973
7998661.776,6172,6443,6679,6816,6991,7128,7198,7270,7303,7303,7270,7198,7128,6991,6816,6679
8000331.120,6443,6172,5973,5647,5291,5037,4634,4206,3908,3443,2960,2629,2120,1600,1249,716
8002000.464,179,-180,-717,-1250,-1601,-2121,-2630,-2961,-3444,-3909,-4207,-4635,-5038,-5292,-5648,-5974
8003669.808,-6173,-6444,-6680,-6817,-6992,-7129,-7199,-7271,-7304,-7304,-7271,-7199,-7129,-6992,-6817,-6680
8005339.152,-6444,-6173,-5974,-5648,-5292,-4907,-4635,-4207,-3757,-3444,-2961,-2462,-2121,-1601,-1072,-717
8007008.496,-180,358,716,1249,1775,2120,2629,3123,3443,3908,4351,4634,5037,5413,5647,5973
8008677.840,6294,6472,6709,6909,7022,7160,7259,7303,7336,7330,7303,7230,7118,7022,6846,6634
8010347.184,6472,6200,5894,5672,5314,4928,4655,4225,3772,3459,2974,2472,2130,1607,1076,719
8012016.528,180,-361,-720,-1255,-1784,-2131,-2642,-3138,-3460,-3927,-4372,-4656,-5061,-5438,-5673,-6001
8013685.872,-6295,-6473,-6710,-6910,-7073,-7161,-7260,-7319,-7337,-7331,-7284,-7231,-7119,-6969,-6847,-6635
8015355.216,-6386,-6201,-5895,-5557,-5315,-4929,-4515,-4226,-3773,-3300,-2975,-2473,-1958,-1608,-1077,-540
8017024.560,-181,360,898,1254,1783,2301,2641,3137,3617,3926,4371,4793,5060,5437,5785,6000
8018693.904,6294,6555,6709,6909,7072,7160,7259,7318,7336,7330,7283,7230,7118,6968,6846,6634
8020363.248,6385,6200,5894,5556,5314,4928,4514,4225,3772,3299,2974,2472,1957,1607,1076,539
8022032.592,180,-361,-899,-1432,-1784,-2302,-2809,-3138,-3618,-4078,-4372,-4794,-5190,-5438,-5786,-6103
8023701.936,-6295,-6556,-6781,-6910,-7073,-7198,-7260,-7319,-7339,-7331,-7284,-7198,-7119,-6969,-6781,-6635
8025371.280,-6386,-6103,-5895,-5557,-5190,-4929,-4515,-4078,-3773,-3300,-2809,-2473,-1958,-1432,-1077,-540
8027040.624,0,360,898,1431,1783,2301,2808,3137,3617,4077,4371,4793,5189,5437,5785,6102
8028709.968,6322,6584,6810,6940,7104,7230,7291,7351,7371,7363,7316,7230,7150,6999,6810,6584
8030379.312,6414,6129,5811,5581,5212,4815,4535,4095,3633,3314,2820,2312,1966,1438,902,542
8032048.656,0,-543,-903,-1439,-1967,-2313,-2821,-3315,-3634,-4096,-4536,-4816,-5213,-5582,-5812,-6130
8033718.000,-6415,-6585,-6811,-7000,-7105,-7231,-7317,-7352,-7372,-7352,-7317,-7231,-7105,-7000,-6811,-6585
8035387.344,-6415,-6130,-5812,-5582,-5213,-4816,-4536,-4096,-3634,-3315,-2821,-2313,-1967,-1439,-903,-543
8037056.688,0,542,902,1438,1966,2312,2820,3314,3633,4095,4535,4815,5212,5581,5921,6129
8038726.032,6414,6664,6810,6999,7150,7230,7316,7363,7371,7351,7291,7230,7104,6940,6810,6584
8040395.376,6322,6129,5811,5462,5212,4815,4391,4095,3633,3151,2820,2312,1791,1438,902,361
8042064.720,0,-543,-1082,-1439,-1967,-2484,-2821,-3315,-3790,-4096,-4536,-4951,-5213,-5582,-5922,-6130
8043734.064,-6415,-6665,-6811,-7000,-7151,-7231,-7317,-7364,-7372,-7352,-7292,-7231,-7105,-6941,-6811,-6585
8045403.408,-6323,-6130,-5812,-5463,-5213,-4816,-4392,-4096,-3634,-3152,-2821,-2313,-1792,-1261,-903,-362
8047072.752,180,542,1081,1615,1966,2483,2987,3314,3789,4244,4535,4950,5338,5581,5921,6227
8048742.096,6442,6693,6908,7030,7182,7295,7349,7395,7402,7384,7324,7224,7136,6972,6769,6614
8050411.440,6351,6054,5837,5486,5105,4836,4410,3961,3649,3166,2665,2322,1799,1265,906,363
8052080.784,-182,-545,-1087,-1623,-1975,-2495,-3001,-3330,-3807,-4264,-4556,-4973,-5363,-5607,-5948,-6256
8053750.128,-6443,-6694,-6909,-7031,-7183,-7296,-7350,-7396,-7403,-7370,-7325,-7225,-7086,-6973,-6770,-6531
8055419.472,-6352,-6055,-5724,-5487,-5106,-4698,-4411,-3962,-3491,-3167,-2666,-2150,-1800,-1266,-726,-364
8057088.816,181,725,1086,1622,2149,2494,3000,3490,3806,4263,4697,4972,5362,5723,5947,6255
8058758.160,6530,6693,6908,7085,7182,7295,7369,7395,7402,7369,7324,7224,7085,6972,6769,6530
8060427.504,6351,6054,5723,5486,5105,4697,4410,3961,3490,3166,2665,2149,1799,1265,725,363
8062096.848,-182,-726,-1087,-1623,-2150,-2495,-3001,-3491,-3962,-4264,-4698,-5106,-5363,-5724,-6055,-6256
8063766.192,-6531,-6770,-6909,-7086,-7225,-7296,-7370,-7403,-7403,-7370,-7296,-7225,-7086,-6909,-6770,-6531
8065435.536,-6256,-6055,-5724,-5363,-5106,-4698,-4264,-3962,-3491,-3001,-2666,-2150,-1623,-1266,-726,-182
8067104.880,181,725,1265,1622,2149,2665,3000,3490,3961,4263,4697,5105,5362,5723,6054,6255
8068774.224,6558,6798,6938,7116,7256,7327,7400,7434,7434,7400,7327,7256,7116,6938,6798,6558
8070443.568,6282,6080,5748,5385,5127,4717,4282,3823,3505,3013,2505,2158,1629,1091,728,182
8072112.912,-365,-729,-1272,-1808,-2159,-2677,-3180,-3506,-3979,-4431,-4718,-5128,-5511,-5749,-6081,-6379
8073782.256,-6559,-6799,-7003,-7117,-7257,-7357,-7401,-7435,-7428,-7401,-7328,-7214,-7117,-6939,-6723,-6559
8075451.600,-6283,-5974,-5749,-5386,-4995,-4718,-4283,-3824,-3506,-3014,-2506,-2159,-1630,-1092,-729,-183
8077120.944,364,728,1271,1807,2158,2676,3179,3505,3978,4430,4717,5127,5510,5748,6080,6378
8078790.288,6558,6798,7002,7167,7256,7356,7416,7434,7427,7380,7327,7213,7061,6938,6722,6470
8080459.632,6282,5973,5631,5385,4994,4575,4282,3823,3343,3013,2505,1983,1629,1091,546,182
8082128.976,-365,-911,-1272,-1808,-2333,-2677,-3180,-3666,-3979,-4431,-4858,-5128,-5511,-5863,-6081,-6379
8083798.320,-6643,-6799,-7003,-7168,-7257,-7357,-7417,-7435,-7428,-7381,-7328,-7214,-7062,-6939,-6723,-6471
8085467.664,-6283,-5974,-5632,-5386,-4995,-4576,-4283,-3824,-3344,-3014,-2506,-1984,-1630,-1092,-547,-183
8087137.008,364,910,1450,1807,2332,2845,3179,3665,4131,4430,4857,5258,5510,5862,6183,6378
8088806.352,6672,6901,7033,7199,7326,7388,7449,7469,7460,7413,7326,7245,7092,6901,6752,6499
8090475.696,6210,5999,5656,5281,5016,4595,4149,3840,3358,2858,2516,1992,1457,1096,549,0
8092145.040,-367,-915,-1458,-1816,-2344,-2859,-3194,-3682,-4150,-4450,-4880,-5282,-5535,-5889,-6211,-6407
8093814.384,-6673,-6902,-7034,-7200,-7327,-7389,-7450,-7470,-7461,-7414,-7327,-7246,-7093,-6902,-6753,-6500
8095483.728,-6211,-5889,-5657,-5282,-4880,-4596,-4150,-3682,-3359,-2859,-2344,-1993,-1458,-915,-550,0
8097153.072,549,914,1457,1992,2343,2858,3358,3681,4149,4595,4879,5281,5656,5888,6210,6499
8098822.416,6672,6901,7092,7199,7326,7413,7449,7469,7449,7413,7326,7199,7092,6901,6672,6499
8100491.760,6210,5888,5656,5281,4879,4595,4149,3681,3358,2858,2343,1992,1457,914,549,0
8102161.104,-550,-915,-1458,-1993,-2344,-2859,-3359,-3682,-4150,-4596,-4880,-5282,-5657,-6000,-6211,-6500
8103830.448,-6753,-6902,-7093,-7246,-7327,-7414,-7461,-7470,-7450,-7389,-7327,-7200,-7034,-6902,-6673,-6407
8105499.792,-6211,-5889,-5535,-5282,-4880,-4450,-4150,-3682,-3194,-2859,-2344,-1816,-1458,-915,-367,0
8107169.136,549,1096,1457,1992,2516,2858,3358,3840,4149,4595,5016,5281,5656,5999,6210,6499
8108838.480,6782,6931,7124,7277,7358,7446,7493,7502,7482,7421,7358,7230,7064,6931,6701,6435
8110507.824,6238,5914,5559,5305,4900,4469,4168,3698,3207,2871,2353,1823,1282,918,368,-185
8112177.168,-552,-1101,-1644,-2001,-2528,-3041,-3374,-3858,-4321,-4616,-5039,-5434,-5682,-6027,-6339,-6529
8113846.512,-6783,-7000,-7125,-7278,-7393,-7447,-7494,-7501,-7483,-7422,-7321,-7231,-7065,-6860,-6702,-6436
8115515.856,-6135,-5915,-5560,-5174,-4901,-4470,-4014,-3699,-3208,-2701,-2354,-1824,-1283,-919,-369,184
8117185.200,551,1100,1643,2000,2527,3040,3373,3857,4320,4615,5038,5433,5681,6026,6338,6528
8118854.544,6782,6999,7124,7277,7392,7446,7493,7500,7482,7421,7320,7179,7064,6859,6616,6435
8120523.888,6134,5799,5559,5173,4759,4469,4013,3536,3207,2700,2177,1823,1282,735,368,-185
8122193.232,-736,-1101,-1644,-2178,-2528,-3041,-3537,-3858,-4321,-4760,-5039,-5434,-5800,-6027,-6339,-6617
8123862.576,-6783,-7000,-7180,-7278,-7393,-7467,-7494,-7501,-7467,-7422,-7321,-7180,-7065,-6860,-6617,-6436
8125531.920,-6135,-5800,-5560,-5174,-4760,-4470,-4014,-3537,-3208,-2701,-2178,-1824,-1283,-736,-369,184
8127201.264,735,1100,1643,2177,2527,3040,3536,4013,4320,4759,5173,5433,5799,6134,6338,6616
8128870.608,6889,7030,7211,7352,7424,7499,7533,7533,7499,7424,7352,7211,7030,6889,6645,6366
8130539.952,6161,5825,5457,5196,4780,4339,4031,3552,3053,2712,2187,1651,1288,738,184,-185
8132209.296,-739,-1289,-1652,-2188,-2713,-3054,-3553,-4032,-4340,-4781,-5197,-5458,-5826,-6162,-6367,-6646
8133878.640,-6890,-7031,-7212,-7353,-7425,-7500,-7534,-7534,-7500,-7425,-7353,-7212,-7031,-6890,-6646,-6367
8135547.984,-6162,-5826,-5458,-5197,-4781,-4340,-3875,-3553,-3054,-2539,-2188,-1652,-1106,-739,-185,369
8137217.328,738,1288,1831,2187,2712,3222,3552,4031,4488,4780,5196,5583,5825,6161,6463,6645
8138886.672,6889,7095,7211,7352,7454,7499,7533,7526,7499,7424,7309,7211,7030,6812,6645,6366
8140556.016,6052,5825,5457,5060,4780,4339,3874,3552,3053,2538,2187,1651,1105,738,184,-370
8142225.360,-739,-1289,-1832,-2188,-2713,-3223,-3553,-4032,-4489,-4781,-5197,-5584,-5826,-6162,-6464,-6646
8143894.704,-6890,-7096,-7212,-7353,-7455,-7516,-7534,-7527,-7480,-7425,-7310,-7156,-7031,-6813,-6557,-6367
8145564.048,-6053,-5707,-5458,-5061,-4637,-4340,-3875,-3389,-3054,-2539,-2010,-1652,-1106,-555,-185,369
8147233.392,922,1288,1831,2363,2712,3222,3714,4031,4488,4922,5196,5583,5940,6161,6463,6731
8148902.736,6918,7125,7293,7383,7485,7547,7565,7558,7510,7456,7340,7185,7060,6841,6584,6393
8150572.080,6078,5730,5480,5082,4655,4357,3890,3402,3066,2549,2018,1658,1110,556,185,-372
8152241.424,-927,-1477,-1839,-2374,-2896,-3236,-3731,-4205,-4509,-4944,-5352,-5608,-5967,-6293,-6492,-6760
8153910.768,-6992,-7126,-7294,-7423,-7486,-7548,-7568,-7559,-7511,-7423,-7341,-7186,-6992,-6842,-6585,-6293
8155580.112,-6079,-5731,-5352,-5083,-4656,-4205,-3891,-3403,-2896,-2550,-2019,-1477,-1111,-557,0,371
8157249.456,926,1476,1838,2373,2895,3235,3730,4204,4508,4943,5351,5607,5966,6292,6491,6759
8158918.800,6991,7125,7293,7422,7485,7547,7567,7558,7510,7422,7340,7185,6991,6841,6584,6292
8160588.144,5966,5730,5351,4943,4655,4204,3730,3402,2895,2373,2018,1476,926,556,0,-557
8162257.488,-927,-1477,-2019,-2374,-2896,-3403,-3731,-4205,-4656,-4944,-5352,-5731,-5967,-6293,-6585,-6760
8163926.832,-6992,-7186,-7294,-7423,-7511,-7548,-7568,-7548,-7511,-7423,-7294,-7186,-6992,-6760,-6585,-6293
8165596.176,-5967,-5731,-5352,-4944,-4656,-4205,-3731,-3403,-2896,-2374,-2019,-1477,-927,-557,0,556
8167265.520,926,1476,2018,2373,2895,3402,3730,4204,4655,4943,5351,5730,5966,6292,6584,6841
8168934.864,7022,7217,7372,7454,7543,7591,7600,7580,7518,7454,7325,7156,7022,6789,6519,6319
8170604.208,5992,5631,5374,4964,4527,4222,3746,3249,2908,2384,1846,1482,930,372,0,-560
8172273.552,-1116,-1483,-2028,-2561,-2909,-3418,-3908,-4223,-4677,-5105,-5375,-5756,-6106,-6320,-6614,-6872
8173942.896,-7023,-7218,-7373,-7455,-7544,-7592,-7601,-7581,-7519,-7455,-7326,-7157,-7023,-6790,-6520,-6320
8175612.240,-5993,-5632,-5375,-4965,-4528,-4223,-3747,-3250,-2909,-2385,-1847,-1300,-931,-373,186,559
8177281.584,1115,1665,2027,2560,3080,3417,3907,4376,4676,5104,5504,5755,6105,6421,6613,6871
8178950.928,7091,7217,7372,7488,7543,7591,7598,7580,7518,7416,7325,7156,6948,6789,6519,6214
8180620.272,5992,5631,5240,4964,4527,4066,3746,3249,2735,2384,1846,1299,930,372,-187,-560
8182289.616,-1116,-1666,-2028,-2561,-3081,-3418,-3908,-4377,-4677,-5105,-5505,-5756,-6106,-6422,-6614,-6872
8183958.960,-7092,-7218,-7373,-7489,-7544,-7592,-7599,-7581,-7519,-7417,-7274,-7157,-6949,-6704,-6520,-6215
8185628.304,-5876,-5632,-5241,-4822,-4528,-4067,-3583,-3250,-2736,-2207,-1847,-1300,-746,-373,186,745
8187297.648,1115,1665,2206,2560,3080,3582,3907,4376,4821,5104,5504,5875,6105,6421,6703,6871
8188966.992,7122,7305,7404,7521,7596,7624,7631,7596,7551,7448,7305,7187,6978,6732,6547,6241
8190636.336,5900,5656,5263,4842,4547,4083,3598,3263,2747,2216,1854,1305,748,374,-188,-749
8192305.680,-1121,-1673,-2217,-2572,-3094,-3599,-3925,-4396,-4843,-5264,-5529,-5901,-6242,-6450,-6733,-6979
8193975.024,-7123,-7306,-7449,-7522,-7597,-7632,-7632,-7597,-7522,-7449,-7306,-7123,-6979,-6733,-6450,-6242
8195644.368,-5901,-5529,-5264,-4843,-4396,-4084,-3599,-3094,-2748,-2217,-1673,-1306,-749,-188,187,748
8197313.712,1305,1672,2216,2747,3093,3598,4083,4395,4842,5263,5528,5900,6241,6449,6732,6978
8198983.056,7122,7305,7448,7521,7596,7631,7631,7596,7521,7448,7305,7122,6978,6732,6449,6241
8200652.400,5900,5528,5263,4842,4395,3924,3598,3093,2571,2216,1672,1120,748,187,-375,-749
8202321.744,-1306,-1855,-2217,-2748,-3264,-3599,-4084,-4548,-4843,-5264,-5657,-5901,-6242,-6548,-6733,-6979
8203991.088,-7188,-7306,-7449,-7552,-7597,-7632,-7625,-7597,-7522,-7405,-7306,-7123,-6901,-6733,-6450,-6132
8205660.432,-5901,-5529,-5127,-4843,-4396,-3925,-3599,-3094,-2572,-2217,-1673,-1121,-749,-188,374,748
8207329.776,1305,1854,2216,2747,3263,3598,4083,4547,4842,5263,5656,5900,6241,6547,6732,6978
8208999.120,7218,7336,7480,7583,7645,7664,7657,7609,7553,7436,7279,7152,6930,6670,6477,6158
8210668.464,5805,5552,5148,4716,4414,3941,3446,3106,2582,2044,1679,1124,563,188,-377,-939
8212337.808,-1311,-1863,-2405,-2760,-3279,-3779,-4102,-4568,-5008,-5287,-5681,-6045,-6269,-6576,-6849,-7010
8214007.152,-7219,-7390,-7481,-7584,-7646,-7665,-7658,-7610,-7554,-7437,-7280,-7153,-6931,-6671,-6478,-6159
8215676.496,-5806,-5553,-5149,-4717,-4415,-3942,-3447,-3107,-2583,-2045,-1680,-1125,-564,-189,376,938
8217345.840,1310,1862,2404,2933,3278,3778,4259,4567,5007,5421,5680,6044,6374,6575,6848,7083
8219015.184,7218,7389,7519,7583,7645,7666,7657,7609,7519,7436,7279,7083,6930,6670,6374,6158
8220684.528,5805,5421,5148,4716,4259,3941,3446,2933,2582,2044,1495,1124,563,0,-377,-939
8222353.872,-1496,-1863,-2405,-2934,-3279,-3779,-4260,-4568,-5008,-5422,-5681,-6045,-6375,-6576,-6849,-7084
8224023.216,-7219,-7390,-7520,-7584,-7646,-7667,-7658,-7610,-7520,-7437,-7280,-7084,-6931,-6671,-6375,-6045
8225692.560,-5806,-5422,-5008,-4717,-4260,-3779,-3447,-2934,-2405,-2045,-1496,-939,-564,0,563,938
8227361.904,1495,2044,2404,2933,3446,3778,4259,4716,5007,5421,5805,6044,6374,6670,6848,7083
8229031.248,7311,7420,7551,7641,7678,7699,7678,7641,7551,7420,7311,7113,6877,6699,6402,6070
8230700.592,5830,5444,5029,4737,4277,3795,3461,2946,2415,2053,1502,942,566,0,-567,-943
8232369.936,-1503,-2054,-2416,-2947,-3462,-3796,-4278,-4738,-5030,-5445,-5831,-6071,-6403,-6700,-6961,-7114
8234039.280,-7312,-7470,-7552,-7642,-7691,-7700,-7679,-7617,-7552,-7421,-7250,-7114,-6878,-6605,-6403,-6071
8235708.624,-5706,-5445,-5030,-4587,-4278,-3796,-3293,-2947,-2416,-1871,-1503,-943,-378,0,566,1129
8237377.968,1502,2053,2594,2946,3461,3958,4277,4737,5170,5444,5830,6184,6402,6699,6960,7113
8239047.312,7311,7469,7551,7641,7690,7699,7678,7616,7551,7420,7249,7113,6877,6604,6402,6070
8240716.656,5705,5444,5029,4586,4277,3795,3292,2946,2415,1870,1502,942,377,-189,-567,-1130
8242386.000,-1687,-2054,-2595,-3121,-3462,-3959,-4434,-4738,-5171,-5577,-5831,-6185,-6506,-6700,-6961,-7184
8244055.344,-7312,-7470,-7587,-7642,-7691,-7698,-7679,-7617,-7513,-7421,-7250,-7040,-6878,-6605,-6296,-6071
8245724.688,-5706,-5310,-5030,-4587,-4120,-3796,-3293,-2772,-2416,-1871,-1317,-943,-378,188,566,1129
8247394.032,1686,2053,2594,3120,3461,3958,4433,4737,5170,5576,5830,6184,6505,6699,6960,7183
8249063.376,7341,7500,7618,7673,7722,7729,7710,7647,7543,7398,7279,7068,6818,6631,6321,5976
8250732.720,5728,5331,4904,4605,4136,3644,3305,2782,2244,1878,1321,757,379,-190,-758,-1135
8252402.064,-1694,-2245,-2605,-3134,-3645,-3976,-4453,-4905,-5193,-5600,-5977,-6211,-6533,-6819,-6990,-7214
8254071.408,-7399,-7501,-7619,-7695,-7723,-7730,-7695,-7648,-7544,-7399,-7280,-7069,-6819,-6632,-6322,-5977
8255740.752,-5729,-5332,-4905,-4606,-4137,-3645,-3306,-2783,-2245,-1879,-1322,-758,-380,189,757,1134
8257410.096,1693,2244,2604,3133,3644,3975,4452,4904,5331,5599,5976,6321,6532,6818,7068,7213
8259079.440,7398,7543,7618,7694,7729,7729,7694,7618,7543,7398,7213,7068,6818,6532,6321,5976
8260748.784,5599,5331,4904,4452,4136,3644,3133,2782,2244,1693,1321,757,189,-190,-758,-1322
8262418.128,-1694,-2245,-2783,-3134,-3645,-4137,-4453,-4905,-5332,-5600,-5977,-6322,-6533,-6819,-7069,-7214
8264087.472,-7399,-7544,-7619,-7695,-7730,-7730,-7695,-7619,-7544,-7399,-7214,-7069,-6819,-6533,-6322,-5977
8265756.816,-5600,-5332,-4905,-4453,-4137,-3645,-3134,-2605,-2245,-1694,-1135,-758,-190,379,757,1321
8267426.160,1878,2244,2782,3305,3644,4136,4605,4904,5331,5728,5976,6321,6631,6818,7068,7279
8269095.504,7430,7576,7680,7727,7762,7755,7727,7650,7532,7430,7244,7019,6847,6560,6236,6002
8270764.848,5623,5214,4925,4471,3991,3660,3146,2615,2254,1701,1139,761,190,-382,-762,-1328
8272434.192,-1887,-2255,-2795,-3320,-3661,-4155,-4626,-4926,-5355,-5754,-6003,-6349,-6661,-6848,-7099,-7311
8274103.536,-7431,-7577,-7681,-7744,-7763,-7756,-7707,-7651,-7533,-7373,-7245,-7020,-6756,-6561,-6237,-5880
8275772.880,-5624,-5215,-4778,-4472,-3992,-3492,-3147,-2616,-2071,-1702,-1140,-572,-191,381,950,1327
8277442.224,1886,2435,2794,3319,3827,4154,4625,5071,5354,5753,6121,6348,6660,6935,7098,7310
8279111.568,7483,7576,7680,7743,7762,7755,7706,7650,7532,7372,7244,7019,6755,6560,6236,5879
8280780.912,5623,5214,4777,4471,3991,3491,3146,2615,2070,1701,1139,571,190,-382,-951,-1328
8282450.256,-1887,-2436,-2972,-3320,-3828,-4314,-4626,-5072,-5491,-5754,-6122,-6457,-6661,-6936,-7174,-7311
8284119.600,-7484,-7616,-7681,-7744,-7765,-7756,-7707,-7616,-7533,-7373,-7174,-7020,-6756,-6457,-6237,-5880
8285788.944,-5491,-5215,-4778,-4314,-3992,-3492,-2972,-2616,-2071,-1515,-1140,-572,0,381,950,1514
8287458.288,1886,2435,2971,3319,3827,4313,4625,5071,5490,5753,6121,6456,6660,6935,7173,7310
8289127.632,7515,7647,7713,7776,7797,7788,7739,7647,7564,7404,7204,7049,6784,6483,6263,5904
8290796.976,5513,5093,4797,4332,3843,3505,2983,2445,2079,1521,954,573,0,-574,-955,-1522
8292466.320,-2080,-2446,-2984,-3506,-3844,-4333,-4798,-5094,-5514,-5905,-6148,-6484,-6785,-6966,-7205,-7405
8294135.664,-7516,-7648,-7740,-7777,-7798,-7777,-7740,-7648,-7516,-7405,-7205,-6966,-6785,-6484,-6148,-5905
8295805.008,-5514,-5094,-4798,-4333,-3844,-3506,-2984,-2446,-2080,-1522,-955,-574,0,573,954,1521
8297474.352,2079,2445,2983,3505,3843,4332,4797,5093,5513,5904,6147,6483,6784,7049,7204,7404
8299143.696,7564,7647,7739,7788,7797,7776,7713,7647,7515,7342,7204,6965,6688,6483,6147,5777
8300813.040,5513,5093,4645,4332,3843,3334,2983,2445,1894,1521,954,382,0,-574,-1145,-1522
8302482.384,-2080,-2628,-2984,-3506,-4009,-4333,-4798,-5237,-5514,-5905,-6264,-6484,-6785,-7050,-7205,-7405
8304151.728,-7565,-7648,-7740,-7789,-7798,-7777,-7714,-7648,-7516,-7343,-7205,-6966,-6689,-6484,-6148,-5778
8305821.072,-5514,-5094,-4646,-4333,-3844,-3335,-2984,-2446,-1895,-1522,-955,-383,191,573,1144,1708
8307490.416,2079,2627,3160,3505,4008,4490,4797,5236,5647,5904,6263,6587,6784,7049,7275,7404
8309159.760,7596,7715,7771,7821,7828,7809,7745,7640,7547,7373,7158,6994,6716,6402,6173,5802
8310829.104,5399,5114,4664,4189,3859,3348,2818,2456,1902,1338,958,384,-193,-576,-1150,-1716
8312498.448,-2089,-2639,-3174,-3521,-4026,-4510,-4818,-5259,-5672,-5930,-6290,-6616,-6814,-7079,-7306,-7436
8314167.792,-7597,-7716,-7772,-7822,-7829,-7810,-7746,-7641,-7548,-7374,-7159,-6907,-6717,-6403,-6054,-5803
8315837.136,-5400,-4968,-4665,-4190,-3692,-3349,-2819,-2274,-1903,-1339,-768,-385,192,767,1149,1715
8317506.480,2273,2638,3173,3691,4025,4509,4967,5258,5671,6053,6289,6615,6906,7078,7305,7493
8319175.824,7596,7715,7793,7821,7828,7793,7745,7640,7493,7373,7158,6906,6716,6402,6053,5802
8320845.168,5399,4967,4664,4189,3691,3348,2818,2273,1902,1338,767,384,-193,-768,-1150,-1716
8322514.512,-2274,-2639,-3174,-3692,-4026,-4510,-4968,-5400,-5672,-6054,-6403,-6616,-6907,-7159,-7306,-7494
8324183.856,-7641,-7716,-7794,-7829,-7829,-7794,-7716,-7641,-7494,-7306,-7159,-6907,-6616,-6403,-6054,-5672
8325853.200,-5400,-4968,-4510,-4190,-3692,-3174,-2819,-2274,-1716,-1339,-768,-193,192,767,1338,1715
8327522.544,2273,2818,3173,3691,4189,4509,4967,5399,5671,6053,6402,6615,6906,7158,7305,7493
8329191.888,7671,7747,7824,7860,7860,7824,7747,7671,7524,7335,7188,6934,6642,6428,6077,5694
8330861.232,5421,4988,4527,4206,3706,3186,2648,2282,1722,1153,770,192,-386,-771,-1345,-1911
8332530.576,-2283,-2830,-3362,-3707,-4207,-4684,-4989,-5422,-5826,-6078,-6429,-6745,-6935,-7189,-7404,-7525
8334199.920,-7672,-7778,-7825,-7861,-7854,-7825,-7748,-7628,-7525,-7336,-7108,-6935,-6643,-6316,-6078,-5695
8335869.264,-5281,-4989,-4528,-4043,-3707,-3187,-2649,-2283,-1723,-1154,-771,-193,385,770,1344,1910
8337538.608,2282,2829,3361,3706,4206,4683,4988,5421,5825,6077,6428,6744,6934,7188,7403,7524
8339207.952,7671,7777,7824,7860,7853,7803,7747,7627,7465,7335,7107,6841,6642,6315,5953,5694
8340877.296,5280,4837,4527,4042,3535,3186,2648,2097,1722,1153,578,192,-386,-963,-1345,-1911
8342546.640,-2467,-2830,-3362,-3876,-4207,-4684,-5136,-5422,-5826,-6199,-6429,-6745,-7024,-7189,-7404,-7578
8344215.984,-7672,-7778,-7842,-7861,-7854,-7804,-7748,-7628,-7466,-7336,-7108,-6842,-6643,-6316,-5954,-5695
8345885.328,-5281,-4838,-4528,-4043,-3536,-3187,-2649,-2098,-1723,-1154,-579,-193,385,962,1344,1910
8347554.672,2466,3008,3361,3875,4368,4683,5135,5559,5825,6198,6537,6744,7023,7264,7403,7577
8349224.016,8257,8328,8396,8419,8409,8356,8257,8167,7994,7778,7611,7325,7000,6762,6375,5953
8350893.360,5654,5180,4677,4328,3785,3221,2836,2245,1642,1235,619,0,-414,-1031,-1643,-2046
8352562.704,-2642,-3222,-3600,-4151,-4678,-5016,-5500,-5954,-6239,-6638,-7001,-7222,-7521,-7779,-7928,-8115
8354232.048,-8258,-8329,-8397,-8420,-8410,-8357,-8258,-8168,-7995,-7779,-7612,-7326,-7001,-6763,-6376,-5954
8355901.392,-5500,-5181,-4678,-4151,-3786,-3222,-2642,-2246,-1643,-1031,-620,0,619,1030,1642,2245
8357570.736,2641,3221,3785,4150,4677,5180,5499,5953,6375,6637,7000,7325,7520,7778,7994,8114
8359240.080,8257,8356,8396,8419,8396,8356,8257,8114,7994,7778,7520,7325,7000,6637,6375,5953
8360909.424,5499,5180,4677,4150,3785,3221,2641,2245,1642,1030,619,0,-620,-1031,-1643,-2246
8362578.768,-2642,-3222,-3786,-4151,-4678,-5181,-5500,-5954,-6376,-6638,-7001,-7326,-7521,-7779,-7995,-8168
8364248.112,-8258,-8357,-8410,-8420,-8397,-8329,-8258,-8115,-7928,-7779,-7521,-7222,-7001,-6638,-6239,-5954
8365917.456,-5500,-5016,-4678,-4151,-3600,-3222,-2642,-2046,-1643,-1031,-414,0,619,1235,1642,2245
8367586.800,2836,3221,3785,4328,4677,5180,5654,5953,6375,6762,7000,7325,7611,7778,7994,8167
8369256.144,8322,8422,8475,8485,8462,8393,8322,8178,7989,7839,7579,7278,7055,6689,6287,6000
8370925.488,5542,5054,4714,4182,3628,3247,2661,2061,1655,1038,416,-209,-625,-1246,-1860,-2264
8372594.832,-2859,-3439,-3816,-4363,-4887,-5221,-5699,-6146,-6426,-6816,-7170,-7384,-7672,-7918,-8058,-8232
8374264.176,-8361,-8423,-8476,-8484,-8463,-8394,-8280,-8179,-7990,-7758,-7580,-7279,-6938,-6690,-6288,-5852
8375933.520,-5543,-5055,-4540,-4183,-3629,-3055,-2662,-2062,-1451,-1039,-417,208,624,1245,1859,2263
8377602.864,2858,3438,3815,4362,4886,5220,5698,6145,6425,6815,7169,7383,7671,7917,8057,8231
8379272.208,8360,8422,8475,8483,8462,8393,8279,8178,7989,7757,7483,7278,6937,6559,6287,5851
8380941.552,5383,5054,4539,4000,3628,3054,2463,2061,1450,831,416,-209,-832,-1246,-1860,-2464
8382610.896,-2859,-3439,-4001,-4363,-4887,-5384,-5699,-6146,-6560,-6816,-7170,-7484,-7672,-7918,-8121,-8232
8384280.240,-8361,-8445,-8476,-8484,-8445,-8394,-8280,-8121,-7990,-7758,-7484,-7279,-6938,-6560,-6288,-5852
8385949.584,-5384,-5055,-4540,-4001,-3629,-3055,-2464,-2062,-1451,-832,-417,208,831,1245,1859,2463
8387618.928,2858,3438,4000,4362,4886,5383,5698,6145,6559,6937,7169,7483,7757,7917,8120,8279
8389288.272,8360,8444,8483,8483,8444,8360,8279,8120,7917,7757,7483,7169,6937,6559,6145,5851
8390957.616,5383,4886,4539,4000,3438,3054,2463,1859,1450,831,208,-209,-832,-1451,-1860,-2464
8392626.960,-3055,-3439,-4001,-4540,-4887,-5384,-5852,-6146,-6560,-6938,-7170,-7484,-7758,-7918,-8121,-8280
8394296.304,-8361,-8445,-8484,-8484,-8445,-8361,-8280,-8121,-7918,-7758,-7484,-7170,-6938,-6560,-6146,-5852
8395965.648,-5384,-4887,-4540,-4001,-3439,-2859,-2464,-1860,-1246,-832,-209,416,831,1450,2061,2463
8397634.992,3054,3628,4000,4539,5054,5383,5851,6287,6559,6937,7278,7483,7757,7989,8120,8279
8399304.336,8393,8444,8483,8475,8444,8360,8231,8120,7917,7671,7483,7169,6815,6559,6145,5698
8400973.680,5383,4886,4362,4000,3438,2858,2463,1859,1245,831,208,-417,-832,-1451,-2062,-2464
8402643.024,-3055,-3629,-4001,-4540,-5055,-5384,-5852,-6288,-6560,-6938,-7279,-7484,-7758,-7990,-8121,-8280
8404312.368,-8394,-8445,-8484,-8476,-8423,-8361,-8232,-8058,-7918,-7672,-7384,-7170,-6816,-6426,-6146,-5699
8405981.712,-5221,-4887,-4363,-3816,-3439,-2859,-2264,-1860,-1246,-625,-209,416,1038,1450,2061,2661
8407651.056,3054,3628,4182,4539,5054,5542,5851,6287,6689,6937,7278,7579,7757,7989,8178,8279
8409320.400,8426,8495,8516,8508,8454,8393,8263,8088,7947,7700,7412,7197,6842,6450,6169,5720
8410989.744,5240,4905,4379,3830,3452,2869,2271,1866,1249,626,209,-419,-1043,-1457,-2070,-2673
8412659.088,-3066,-3643,-4199,-4733,-5075,-5565,-6024,-6313,-6716,-7084,-7307,-7610,-7871,-8021,-8211,-8355
8414328.432,-8427,-8496,-8519,-8509,-8455,-8355,-8264,-8089,-7871,-7701,-7413,-7084,-6843,-6451,-6024,-5721
8415997.776,-5241,-4733,-4380,-3831,-3260,-2870,-2272,-1663,-1250,-627,0,418,1042,1662,2069,2672
8417667.120,3259,3642,4198,4732,5074,5564,6023,6312,6715,7083,7306,7609,7870,8020,8210,8354
8419336.464,8426,8495,8518,8508,8454,8354,8263,8088,7870,7700,7412,7083,6842,6450,6023,5564
8421005.808,5240,4732,4198,3830,3259,2672,2271,1662,1042,626,0,-627,-1043,-1663,-2272,-2673
8422675.152,-3260,-3831,-4199,-4733,-5241,-5565,-6024,-6451,-6716,-7084,-7413,-7610,-7871,-8089,-8211,-8355
8424344.496,-8455,-8496,-8519,-8496,-8455,-8355,-8211,-8089,-7871,-7610,-7413,-7084,-6716,-6451,-6024,-5565
8426013.840,-5241,-4733,-4199,-3831,-3260,-2673,-2272,-1663,-1043,-627,0,626,1042,1662,2271,2672
8427683.184,3259,3830,4198,4732,5240,5564,6023,6450,6715,7083,7412,7609,7870,8088,8263,8354
8429352.528,8486,8540,8550,8527,8458,8386,8240,8051,7899,7637,7334,7109,6741,6335,6046,5585
8431021.872,5093,4750,4214,3655,3272,2682,2077,1668,1046,419,0,-629,-1255,-1669,-2281,-2881
8432691.216,-3273,-3845,-4397,-4751,-5261,-5743,-6047,-6475,-6869,-7110,-7440,-7730,-7900,-8120,-8295,-8387
8434360.560,-8487,-8541,-8551,-8528,-8459,-8387,-8241,-8052,-7900,-7638,-7335,-7110,-6742,-6336,-6047,-5586
8436029.904,-5094,-4751,-4215,-3656,-3273,-2683,-2078,-1669,-1047,-420,0,628,1254,1873,2280,2880
8437699.248,3465,3844,4396,4923,5260,5742,6192,6474,6868,7224,7439,7729,7977,8119,8294,8424
8439368.592,8486,8540,8548,8527,8458,8343,8240,8051,7817,7637,7334,6991,6741,6335,5896,5585
8441037.936,5093,4574,4214,3655,3077,2682,2077,1461,1046,419,-210,-629,-1255,-1874,-2281,-2881
8442707.280,-3466,-3845,-4397,-4924,-5261,-5743,-6193,-6475,-6869,-7225,-7440,-7730,-7978,-8120,-8295,-8425
8444376.624,-8487,-8541,-8549,-8528,-8459,-8344,-8241,-8052,-7818,-7542,-7335,-6992,-6610,-6336,-5897,-5425
8446045.968,-5094,-4575,-4031,-3656,-3078,-2483,-2078,-1462,-839,-420,209,838,1254,1873,2482,2880
8447715.312,3465,4030,4396,4923,5424,5742,6192,6609,6868,7224,7541,7729,7977,8182,8294,8424
8449384.656,8542,8573,8581,8542,8490,8375,8214,8082,7847,7570,7362,7017,6635,6360,5918,5445
8451054.000,5113,4592,4046,3670,3089,2491,2085,1467,841,421,-211,-842,-1260,-1881,-2492,-2892
8452723.344,-3479,-4047,-4414,-4943,-5446,-5765,-6217,-6636,-7018,-7252,-7571,-7848,-8009,-8215,-8376,-8458
8454392.688,-8543,-8582,-8582,-8543,-8458,-8376,-8215,-8009,-7848,-7571,-7252,-7018,-6636,-6217,-5919,-5446
8456062.032,-4943,-4593,-4047,-3479,-3090,-2492,-1881,-1468,-842,-211,210,841,1467,1880,2491,3089
8457731.376,3478,4046,4592,4942,5445,5918,6216,6635,7017,7251,7570,7847,8008,8214,8375,8457
8459400.720,8542,8581,8581,8542,8457,8375,8214,8008,7847,7570,7251,7017,6635,6216,5918,5445
8461070.064,4942,4592,4046,3478,3089,2491,1880,1259,841,210,-422,-842,-1468,-2086,-2492,-3090
8462739.408,-3671,-4047,-4593,-5114,-5446,-5919,-6361,-6636,-7018,-7363,-7571,-7848,-8083,-8215,-8376,-8491
8464408.752,-8543,-8582,-8574,-8543,-8458,-8327,-8215,-8009,-7760,-7571,-7252,-6895,-6636,-6217,-5765,-5446
8466078.096,-4943,-4414,-4047,-3479,-2892,-2492,-1881,-1260,-842,-211,421,841,1467,2085,2491,3089
8467747.440,3670,4046,4592,5113,5445,5918,6360,6635,7017,7362,7570,7847,8082,8214,8375,8490
8469416.784,8575,8614,8606,8552,8489,8358,8181,8039,7789,7497,7279,6921,6524,6240,5786,5301
8471086.128,4961,4429,3874,3491,2902,2298,1887,1264,633,211,-423,-1055,-1474,-2094,-2703,-3102
8472755.472,-3685,-4248,-4610,-5133,-5629,-5942,-6385,-6794,-7045,-7391,-7697,-7878,-8114,-8305,-8408,-8524
8474424.816,-8594,-8615,-8607,-8553,-8490,-8359,-8182,-8040,-7790,-7498,-7280,-6922,-6525,-6241,-5787,-5302
8476094.160,-4962,-4430,-3875,-3492,-2903,-2299,-1888,-1265,-634,-212,422,1054,1473,2093,2702,3101
8477763.504,3684,4247,4787,5132,5628,6093,6384,6793,7164,7390,7696,7960,8113,8304,8451,8523
8479432.848,8593,8616,8606,8552,8451,8358,8181,7960,7789,7497,7164,6921,6524,6093,5786,5301
8481102.192,4787,4429,3874,3297,2902,2298,1681,1264,633,0,-423,-1055,-1682,-2094,-2703,-3298
8482771.536,-3685,-4248,-4788,-5133,-5629,-6094,-6385,-6794,-7165,-7391,-7697,-7961,-8114,-8305,-8452,-8524
8484440.880,-8594,-8617,-8607,-8553,-8452,-8359,-8182,-7961,-7790,-7498,-7165,-6922,-6525,-6094,-5787,-5302
8486110.224,-4788,-4248,-3875,-3298,-2703,-2299,-1682,-1055,-634,0,633,1054,1681,2298,2702,3297
8487779.568,3874,4247,4787,5301,5628,6093,6524,6793,7164,7497,7696,7960,8181,8304,8451,8552
8489448.912,8626,8649,8626,8584,8483,8336,8213,7991,7726,7525,7192,6819,6549,6116,5649,5321
8491118.256,4805,4263,3888,3310,2713,2306,1687,1058,636,0,-637,-1059,-1688,-2307,-2714,-3311
8492787.600,-3889,-4264,-4806,-5322,-5650,-6117,-6550,-6820,-7193,-7526,-7727,-7992,-8214,-8391,-8484,-8585
8494456.944,-8640,-8650,-8627,-8557,-8484,-8337,-8145,-7992,-7727,-7420,-7193,-6820,-6410,-6117,-5650,-5153
8496126.288,-4806,-4264,-3699,-3311,-2714,-2102,-1688,-1059,-425,0,636,1269,1687,2306,2914,3310
8497795.632,3888,4446,4805,5321,5808,6116,6549,6947,7192,7525,7819,7991,8213,8390,8483,8584
8499464.976,8639,8649,8626,8556,8483,8336,8144,7991,7726,7419,7192,6819,6409,6116,5649,5152
8501134.320,4805,4263,3698,3310,2713,2101,1687,1058,424,0,-637,-1270,-1896,-2307,-2915,-3506
8502803.664,-3889,-4447,-4981,-5322,-5809,-6265,-6550,-6948,-7308,-7526,-7820,-8071,-8214,-8391,-8523,-8585
8504473.008,-8640,-8648,-8627,-8557,-8440,-8337,-8145,-7908,-7727,-7420,-7072,-6820,-6410,-5965,-5650,-5153
8506142.352,-4628,-4264,-3699,-3114,-2714,-2102,-1479,-1059,-425,212,636,1269,1895,2306,2914,3505
8507811.696,3888,4446,4980,5321,5808,6264,6549,6947,7307,7525,7819,8070,8213,8390,8522,8584
8509481.040,8671,8679,8658,8587,8470,8367,8174,7936,7754,7446,7098,6711,6432,5986,5507,5171
8511150.384,4644,4092,3712,3124,2520,2109,1484,851,426,-214,-852,-1274,-1903,-2521,-2925,-3519
8512819.728,-4093,-4464,-5000,-5508,-5831,-6288,-6712,-6974,-7335,-7657,-7849,-8100,-8308,-8422,-8555,-8640
8514489.072,-8672,-8680,-8640,-8588,-8471,-8308,-8175,-7937,-7657,-7447,-7099,-6712,-6433,-5987,-5508,-5172
8516158.416,-4645,-4093,-3713,-3125,-2521,-2110,-1485,-852,-427,213,851,1273,1902,2520,2924,3518
8517827.760,4092,4463,4999,5507,5830,6287,6711,7098,7334,7656,7936,8099,8307,8470,8554,8639
8519497.104,8679,8679,8639,8554,8470,8307,8099,7936,7656,7334,7098,6711,6287,5986,5507,4999
8521166.448,4644,4092,3518,3124,2520,1902,1484,851,213,-214,-852,-1485,-1903,-2521,-3125,-3519
8522835.792,-4093,-4645,-5000,-5508,-5987,-6288,-6712,-7099,-7335,-7657,-7937,-8100,-8308,-8471,-8555,-8640
8524505.136,-8680,-8680,-8640,-8555,-8471,-8308,-8100,-7937,-7657,-7335,-7099,-6712,-6288,-5987,-5508,-5000
8526174.480,-4645,-4093,-3519,-3125,-2521,-1903,-1274,-852,-214,426,851,1484,2109,2520,3124,3712
8527843.824,4092,4644,5171,5507,5986,6432,6711,7098,7446,7656,7936,8174,8307,8470,8587,8639
8529513.168,8712,8704,8672,8586,8453,8339,8130,7878,7685,7362,6999,6736,6311,5852,5528,5018
8531182.512,4480,4108,3531,2935,2529,1909,1278,854,213,-428,-855,-1490,-2118,-2530,-3137,-3727
8532851.856,-4109,-4663,-5192,-5529,-6010,-6458,-6737,-7126,-7475,-7686,-7968,-8206,-8340,-8504,-8621,-8673
8534521.200,-8713,-8705,-8673,-8587,-8454,-8275,-8131,-7879,-7583,-7363,-7000,-6599,-6312,-5853,-5362,-5019
8536190.544,-4481,-3919,-3532,-2936,-2325,-1910,-1279,-641,-214,427,1066,1489,2117,2733,3136,3726
8537859.888,4295,4662,5191,5692,6009,6457,6870,7125,7474,7784,7967,8205,8399,8503,8620,8691
8539529.232,8712,8704,8649,8586,8453,8274,8130,7878,7582,7362,6999,6598,6311,5852,5361,5018
8541198.576,4480,3918,3531,2935,2324,1909,1278,640,213,-428,-1067,-1490,-2118,-2734,-3137,-3727
8542867.920,-4296,-4842,-5192,-5693,-6163,-6458,-6871,-7247,-7475,-7785,-8052,-8206,-8400,-8548,-8621,-8692
8544537.264,-8715,-8705,-8650,-8548,-8454,-8275,-8052,-7879,-7583,-7247,-7000,-6599,-6163,-5853,-5362,-4842
8546206.608,-4481,-3919,-3335,-2936,-2325,-1701,-1279,-641,0,427,1066,1700,2117,2733,3334,3726
8547875.952,4295,4841,5191,5692,6162,6457,6870,7246,7474,7784,8051,8205,8399,8547,8620,8691
8549545.296,8747,8737,8682,8579,8485,8306,8081,7907,7611,7273,7026,6623,6185,5874,5381,4859
8551214.640,4311,3932,3347,2743,2333,1706,1070,643,0,-644,-1071,-1707,-2334,-2744,-3348,-3933
8552883.984,-4312,-4860,-5382,-5714,-6186,-6624,-6897,-7274,-7612,-7814,-8082,-8307,-8431,-8580,-8683,-8724
8554553.328,-8748,-8724,-8683,-8580,-8431,-8307,-8082,-7814,-7612,-7274,-6897,-6624,-6186,-5714,-5382,-4860
8556222.672,-4312,-3933,-3348,-2744,-2334,-1707,-1071,-644,0,643,1070,1706,2333,2743,3347,3932
8557892.016,4311,4859,5381,5713,6185,6623,6896,7273,7611,7813,8081,8306,8430,8579,8682,8737
8559561.360,8747,8723,8652,8579,8430,8236,8081,7813,7503,7273,6896,6481,6185,5713,5210,4859
8561230.704,4311,3740,3347,2743,2125,1706,1070,429,0,-644,-1284,-1707,-2334,-2948,-3348,-3933
8562900.048,-4498,-4860,-5382,-5875,-6186,-6624,-7027,-7274,-7612,-7908,-8082,-8307,-8486,-8580,-8683,-8738
8564569.392,-8748,-8724,-8653,-8580,-8431,-8237,-8082,-7814,-7504,-7274,-6897,-6482,-6186,-5714,-5211,-4860
8566238.736,-4312,-3741,-3348,-2744,-2126,-1707,-1071,-430,0,643,1283,1916,2333,2947,3545,3932
8567908.080,4497,5037,5381,5874,6335,6623,7026,7390,7611,7907,8161,8306,8485,8619,8682,8737
8569577.424,8778,8756,8685,8567,8462,8267,8027,7843,7531,7179,6922,6506,6054,5735,5230,4697
8571246.768,4328,3754,3160,2754,2133,1501,1074,430,-216,-646,-1289,-1924,-2342,-2959,-3559,-3948
8572916.112,-4515,-5057,-5403,-5897,-6360,-6649,-7053,-7419,-7640,-7938,-8193,-8338,-8518,-8652,-8715,-8771
8574585.456,-8779,-8757,-8686,-8568,-8463,-8268,-8028,-7844,-7532,-7180,-6788,-6507,-6055,-5571,-5231,-4698
8576254.800,-4140,-3755,-3161,-2549,-2134,-1502,-861,-431,215,860,1288,1923,2548,2958,3558,4139
8577924.144,4514,5056,5570,5896,6359,6787,7052,7418,7743,7937,8192,8402,8517,8651,8738,8770
8579593.488,8778,8738,8685,8567,8402,8267,8027,7743,7531,7179,6787,6506,6054,5570,5230,4697
8581262.832,4139,3754,3160,2548,2133,1501,860,430,-216,-861,-1289,-1924,-2549,-2959,-3559,-4140
8582932.176,-4515,-5057,-5571,-5897,-6360,-6788,-7053,-7419,-7744,-8028,-8193,-8403,-8568,-8652,-8739,-8779
8584601.520,-8779,-8739,-8652,-8568,-8403,-8193,-8028,-7744,-7419,-7180,-6788,-6360,-6055,-5571,-5057,-4698
8586270.864,-4140,-3559,-3161,-2549,-1924,-1502,-861,-216,215,860,1501,1923,2548,3160,3558,4139
8587940.208,4697,5056,5570,6054,6359,6787,7179,7418,7743,8027,8192,8402,8567,8651,8738,8778
8589609.552,8811,8771,8684,8599,8434,8223,8057,7773,7446,7206,6813,6383,6077,5591,5075,4715
8591278.896,4154,3571,3172,2558,1931,1293,863,216,-433,-864,-1507,-2142,-2559,-3173,-3769,-4155
8592948.240,-4716,-5251,-5592,-6078,-6531,-6814,-7207,-7560,-7774,-8058,-8299,-8435,-8600,-8719,-8772,-8812
8594617.584,-8804,-8772,-8685,-8550,-8435,-8224,-7968,-7774,-7447,-7080,-6814,-6384,-5919,-5592,-5076,-4532
8596286.928,-4155,-3572,-2970,-2559,-1932,-1294,-864,-217,432,863,1506,2141,2558,3172,3768,4154
8597956.272,4715,5250,5591,6077,6530,6813,7206,7559,7773,8057,8298,8434,8599,8718,8771,8811
8599625.616,8803,8771,8684,8549,8368,8223,7967,7668,7446,7079,6673,6383,5918,5422,5075,4531
8601294.960,3962,3571,2969,2350,1931,1293,648,216,-433,-1079,-1507,-2142,-2765,-3173,-3769,-4345
8602964.304,-4716,-5251,-5758,-6078,-6531,-6949,-7207,-7560,-7873,-8058,-8299,-8495,-8600,-8719,-8790,-8812
8604633.648,-8804,-8748,-8685,-8550,-8369,-8224,-7968,-7669,-7447,-7080,-6674,-6384,-5919,-5423,-5076,-4532
8606302.992,-3963,-3572,-2970,-2351,-1932,-1294,-649,-217,432,1078,1506,2141,2764,3172,3768,4344
8607972.336,4715,5250,5757,6232,6530,6948,7328,7559,7872,8142,8298,8494,8644,8718,8789,8813
8609641.680,8835,8779,8675,8580,8399,8172,7996,7696,7355,7105,6697,6254,5940,5442,4914,4547
8611311.024,3977,3385,2980,2359,1725,1297,650,0,-435,-1083,-1726,-2150,-2775,-3386,-3783,-4361
8612980.368,-4915,-5270,-5778,-6255,-6555,-6974,-7356,-7588,-7902,-8173,-8329,-8526,-8676,-8750,-8822,-8846
8614649.712,-8836,-8780,-8676,-8581,-8400,-8173,-7997,-7697,-7356,-7106,-6698,-6255,-5941,-5443,-4915,-4361
8616319.056,-3978,-3386,-2775,-2360,-1726,-1083,-651,0,650,1082,1725,2359,2774,3385,3977,4360
8617988.400,4914,5442,5777,6254,6697,6973,7355,7696,7901,8172,8399,8525,8675,8779,8821,8845
8619657.744,8821,8779,8675,8525,8399,8172,7901,7696,7355,6973,6697,6254,5777,5442,4914,4360
8621327.088,3977,3385,2774,2359,1725,1082,650,0,-651,-1083,-1726,-2360,-2775,-3386,-3978,-4361
8622996.432,-4915,-5443,-5778,-6255,-6698,-6974,-7356,-7697,-7902,-8173,-8400,-8526,-8676,-8780,-8836,-8846
8624665.776,-8822,-8750,-8676,-8526,-8329,-8173,-7902,-7588,-7356,-6974,-6555,-6255,-5778,-5270,-4915,-4361
8626335.120,-3783,-3386,-2775,-2150,-1726,-1083,-435,0,650,1297,1725,2359,2980,3385,3977,4547
8628004.464,4914,5442,5940,6254,6697,7105,7355,7696,7996,8172,8399,8580,8675,8779,8835,8845
8629673.808,8854,8782,8708,8557,8359,8202,7930,7615,7382,6999,6578,6278,5799,5288,4932,4376
8631343.152,3796,3397,2784,2157,1732,1086,435,0,-654,-1303,-1733,-2368,-2992,-3599,-3992,-4565
8633012.496,-5113,-5463,-5963,-6431,-6723,-7132,-7502,-7726,-8027,-8284,-8431,-8613,-8749,-8813,-8869,-8877
8634681.840,-8855,-8783,-8664,-8558,-8360,-8118,-7931,-7616,-7260,-7000,-6579,-6123,-5800,-5289,-4751,-4377
8636351.184,-3797,-3196,-2785,-2158,-1518,-1087,-436,217,653,1302,1945,2367,2991,3598,3991,4564
8638020.528,5112,5462,5962,6430,6722,7131,7501,7725,8026,8283,8430,8612,8748,8812,8868,8876
8639689.872,8854,8782,8663,8557,8359,8117,7930,7615,7259,6863,6578,6122,5632,5288,4750,4185
8641359.216,3796,3195,2577,2157,1517,870,435,-218,-871,-1303,-1946,-2578,-2992,-3599,-4186,-4565
8643028.560,-5113,-5633,-5963,-6431,-6864,-7132,-7502,-7831,-8027,-8284,-8497,-8613,-8749,-8836,-8869,-8877
8644697.904,-8836,-8783,-8664,-8497,-8360,-8118,-7831,-7616,-7260,-6864,-6579,-6123,-5633,-5289,-4751,-4186
8646367.248,-3797,-3196,-2578,-2158,-1518,-871,-436,217,870,1302,1945,2577,2991,3598,4185,4564
8648036.592,5112,5632,5962,6430,6863,7131,7501,7830,8117,8283,8496,8663,8748,8835,8876,8876
8649705.936,8868,8780,8695,8527,8314,8147,7859,7529,7286,6888,6454,6144,5653,5131,4767,4200
8651375.280,3611,3207,2587,1952,1523,873,218,-219,-874,-1524,-1953,-2588,-3208,-3612,-4201,-4768
8653044.624,-5132,-5654,-6145,-6455,-6889,-7287,-7530,-7860,-8148,-8315,-8528,-8696,-8781,-8869,-8910,-8910
8654713.968,-8869,-8781,-8696,-8528,-8315,-8148,-7860,-7530,-7287,-6889,-6455,-6145,-5654,-5132,-4768,-4201
8656383.312,-3612,-3208,-2588,-1953,-1524,-874,-219,437,873,1523,2165,2587,3207,3810,4200,4767
8658052.656,5308,5653,6144,6603,6888,7286,7643,7859,8147,8390,8527,8695,8815,8868,8909,8901
8659722.000,8868,8780,8644,8527,8314,8056,7859,7529,7158,6888,6454,5984,5653,5131,4581,4200
8661391.344,3611,3002,2587,1952,1307,873,218,-438,-874,-1524,-2166,-2588,-3208,-3811,-4201,-4768
8663060.688,-5309,-5654,-6145,-6604,-6889,-7287,-7644,-7860,-8148,-8391,-8528,-8696,-8816,-8869,-8910,-8902
8664730.032,-8869,-8781,-8645,-8462,-8315,-8057,-7754,-7530,-7159,-6748,-6455,-5985,-5483,-5132,-4582,-4007
8666399.376,-3612,-3003,-2377,-1953,-1308,-656,-219,437,1090,1523,2165,2795,3207,3810,4392,4767
8668068.720,5308,5821,6144,6603,7025,7286,7643,7960,8147,8390,8588,8695,8815,8887,8909,8901
8669738.064,8877,8813,8676,8493,8345,8085,7782,7556,7184,6772,6478,6006,5502,5150,4598,4021
8671407.408,3624,3013,2385,1959,1312,657,219,-439,-1095,-1530,-2174,-2806,-3220,-3825,-4409,-4786
8673076.752,-5329,-5843,-6325,-6628,-7052,-7438,-7673,-7990,-8264,-8422,-8621,-8773,-8848,-8921,-8945,-8935
8674746.096,-8878,-8773,-8677,-8494,-8264,-8086,-7783,-7438,-7185,-6773,-6325,-6007,-5503,-4970,-4599,-4022
8676415.440,-3423,-3014,-2386,-1746,-1313,-658,0,438,1094,1745,2173,2805,3422,3824,4408,4969
8678084.784,5328,5842,6324,6627,7051,7437,7672,7989,8263,8421,8620,8772,8847,8920,8944,8934
8679754.128,8877,8772,8676,8493,8263,8085,7782,7437,7184,6772,6324,6006,5502,4969,4598,4021
8681423.472,3422,2805,2385,1745,1094,657,0,-658,-1095,-1746,-2386,-2806,-3423,-4022,-4409,-4970
8683092.816,-5503,-5843,-6325,-6773,-7052,-7438,-7783,-7990,-8264,-8494,-8621,-8773,-8878,-8921,-8945,-8921
8684762.160,-8878,-8773,-8621,-8494,-8264,-7990,-7783,-7438,-7052,-6773,-6325,-5843,-5503,-4970,-4409,-4022
8686431.504,-3423,-2806,-2386,-1746,-1095,-658,0,657,1094,1745,2385,2805,3422,4021,4408,4969
8688100.848,5502,5842,6324,6772,7051,7437,7782,7989,8263,8493,8620,8772,8877,8934,8944,8920
8689770.192,8879,8804,8651,8452,8293,8018,7699,7463,7076,6651,6347,5863,5347,4987,4424,3838
8691439.536,3435,2815,2181,1751,1098,440,0,-661,-1318,-1752,-2395,-3025,-3436,-4036,-4616,-4988
8693108.880,-5523,-6029,-6348,-6798,-7211,-7464,-7811,-8115,-8294,-8524,-8708,-8805,-8910,-8967,-8977,-8953
8694778.224,-8880,-8805,-8652,-8453,-8294,-8019,-7700,-7464,-7077,-6652,-6348,-5864,-5348,-4988,-4425,-3839
8696447.568,-3436,-2816,-2182,-1752,-1099,-441,0,660,1317,1751,2394,3024,3637,4035,4615,5169
8698116.912,5522,6028,6501,6797,7210,7583,7810,8114,8375,8523,8707,8844,8909,8966,8973,8952
8699786.256,8879,8758,8651,8452,8206,8018,7699,7339,7076,6651,6189,5863,5347,4802,4424,3838
8701455.600,3230,2815,2181,1534,1098,440,-221,-661,-1318,-1967,-2395,-3025,-3638,-4036,-4616,-5170
8703124.944,-5523,-6029,-6502,-6798,-7211,-7584,-7811,-8115,-8376,-8524,-8708,-8845,-8910,-8967,-8974,-8953
8704794.288,-8880,-8759,-8652,-8453,-8207,-8019,-7700,-7340,-7077,-6652,-6190,-5695,-5348,-4803,-4232,-3839
8706463.632,-3231,-2606,-2182,-1535,-880,-441,220,879,1317,1966,2605,3024,3637,4231,4615,5169
8708132.976,5694,6028,6501,6939,7210,7583,7916,8114,8375,8590,8707,8844,8933,8966,8973,8933
8709802.320,8912,8790,8621,8483,8236,7945,7727,7366,6964,6675,6212,5715,5367,4820,4247,3852
8711471.664,3242,2615,2189,1540,883,442,-222,-884,-1323,-1974,-2616,-3036,-3652,-4248,-4633,-5189
8713141.008,-5716,-6051,-6526,-6965,-7237,-7612,-7946,-8237,-8406,-8622,-8791,-8878,-8967,-9007,-9007,-8967
8714810.352,-8878,-8791,-8622,-8406,-8237,-7946,-7612,-7367,-6965,-6526,-6213,-5716,-5189,-4821,-4248,-3652
8716479.696,-3243,-2616,-1974,-1541,-884,-222,221,883,1540,1973,2615,3242,3651,4247,4820,5188
8718149.040,5715,6212,6525,6964,7366,7611,7945,8236,8405,8621,8790,8877,8966,9006,9006,8966
8719818.384,8877,8790,8621,8405,8236,7945,7611,7366,6964,6525,6212,5715,5188,4820,4247,3651
8721487.728,3242,2615,1973,1540,883,221,-443,-884,-1541,-2190,-2616,-3243,-3853,-4248,-4821,-5368
8723157.072,-5716,-6213,-6676,-6965,-7367,-7728,-7946,-8237,-8484,-8622,-8791,-8913,-8967,-9007,-9000,-8967
8724826.416,-8878,-8740,-8622,-8406,-8145,-7946,-7612,-7237,-6965,-6526,-6051,-5716,-5189,-4633,-4248,-3652
8726495.760,-3036,-2616,-1974,-1323,-884,-222,442,883,1540,2189,2615,3242,3852,4247,4820,5367
8728165.104,5715,6212,6675,6964,7366,7727,7945,8236,8483,8621,8790,8912,8966,9006,8999,8966
8729834.448,8909,8771,8653,8436,8174,7867,7639,7263,6847,6549,6072,5563,5207,4648,4065,3664
8731503.792,3046,2411,1981,1326,665,221,-444,-1107,-1546,-2198,-2837,-3255,-3867,-4458,-4838,-5387
8733173.136,-5907,-6236,-6701,-7129,-7394,-7757,-8078,-8267,-8515,-8716,-8824,-8945,-9019,-9040,-9032,-8975
8734842.480,-8910,-8772,-8587,-8437,-8175,-7868,-7640,-7264,-6848,-6550,-6073,-5564,-5208,-4649,-4066,-3665
8736511.824,-3047,-2412,-1982,-1327,-666,-222,443,1106,1545,2197,2836,3254,3866,4457,4837,5386
8738181.168,5906,6394,6700,7128,7518,7756,8077,8354,8514,8715,8868,8944,9018,9042,9031,8974
8739850.512,8868,8771,8586,8354,8174,7867,7518,7263,6847,6394,6072,5563,5023,4648,4065,3460
8741519.856,3046,2411,1764,1326,665,0,-444,-1107,-1765,-2198,-2837,-3461,-3867,-4458,-5024,-5387
8743189.200,-5907,-6395,-6701,-7129,-7519,-7757,-8078,-8355,-8515,-8716,-8869,-8945,-9019,-9043,-9032,-8975
8744858.544,-8869,-8772,-8587,-8355,-8175,-7868,-7519,-7264,-6848,-6395,-6073,-5564,-5024,-4649,-4066,-3461
8746527.888,-2837,-2412,-1765,-1107,-666,0,665,1106,1764,2411,2836,3460,4065,4457,5023,5563
8748197.232,5906,6394,6847,7128,7518,7867,8077,8354,8586,8715,8868,8974,9018,9042,9018,8974
8749866.576,8901,8746,8617,8384,8106,7896,7546,7154,6872,6417,5928,5583,5042,4473,4080,3473
8751535.920,2846,2420,1770,1110,667,0,-668,-1111,-1771,-2421,-2847,-3474,-4081,-4474,-5043,-5584
8753205.264,-5929,-6418,-6873,-7155,-7547,-7897,-8107,-8385,-8618,-8747,-8902,-9008,-9052,-9076,-9052,-8978
8754874.608,-8902,-8747,-8546,-8385,-8107,-7785,-7547,-7155,-6725,-6418,-5929,-5407,-5043,-4474,-3881,-3474
8756543.952,-2847,-2206,-1771,-1111,-446,0,667,1331,1770,2420,3057,3473,4080,4665,5042,5583
8758213.296,6094,6417,6872,7289,7546,7896,8204,8384,8617,8803,8901,9007,9064,9075,9051,8977
8759882.640,8901,8746,8545,8384,8106,7784,7546,7154,6724,6417,5928,5406,5042,4473,3880,3473
8761551.984,2846,2205,1770,1110,445,0,-668,-1332,-1771,-2421,-3058,-3678,-4081,-4666,-5227,-5584
8763221.328,-6095,-6573,-6873,-7290,-7668,-7897,-8205,-8468,-8618,-8804,-8943,-9008,-9065,-9073,-9052,-8978
8764890.672,-8856,-8747,-8546,-8298,-8107,-7785,-7421,-7155,-6725,-6259,-5929,-5407,-4856,-4474,-3881,-3267
8766560.016,-2847,-2206,-1552,-1111,-446,222,667,1331,1988,2420,3057,3677,4080,4665,5226,5583
8768229.360,6094,6572,6872,7289,7667,7896,8204,8467,8617,8803,8942,9007,9064,9072,9051,8977
8769898.704,8886,8777,8575,8326,8135,7811,7446,7180,6748,6280,5777,5425,4872,4293,3894,3277
8771568.048,2643,2213,1557,892,446,-224,-893,-1337,-1996,-2644,-3069,-3691,-4294,-4683,-5245,-5778
8773237.392,-6117,-6597,-7041,-7316,-7695,-8033,-8234,-8498,-8716,-8835,-8974,-9064,-9097,-9105,-9064,-9010
8774906.736,-8887,-8716,-8576,-8327,-8033,-7812,-7447,-7041,-6749,-6281,-5778,-5426,-4873,-4294,-3895,-3278
8776576.080,-2644,-2214,-1558,-893,-447,223,892,1336,1995,2643,3068,3690,4293,4682,5244,5777
8778245.424,6116,6596,7040,7315,7694,8032,8233,8497,8715,8886,8973,9063,9104,9104,9063,8973
8779914.768,8886,8715,8497,8326,8032,7694,7446,7040,6596,6280,5777,5244,4872,4293,3690,3277
8781584.112,2643,1995,1557,892,223,-224,-893,-1558,-1996,-2644,-3278,-3691,-4294,-4873,-5245,-5778
8783253.456,-6281,-6597,-7041,-7447,-7695,-8033,-8327,-8498,-8716,-8887,-8974,-9064,-9105,-9105,-9064,-8974
8784922.800,-8887,-8716,-8498,-8327,-8033,-7695,-7447,-7041,-6597,-6281,-5778,-5245,-4873,-4294,-3691,-3278
8786592.144,-2644,-1996,-1558,-893,-224,446,892,1557,2213,2643,3277,3894,4293,4872,5425,5777
8788261.488,6280,6748,7040,7446,7811,8032,8326,8575,8715,8886,9009,9063,9104,9096,9063,8973
8789930.832,8866,8747,8528,8263,8061,7722,7341,7065,6620,6138,5798,5263,4699,4308,3704,3079
8791600.176,2653,2002,1341,896,224,-449,-897,-1563,-2222,-2654,-3290,-3909,-4309,-4891,-5446,-5799
8793269.520,-6303,-6773,-7066,-7474,-7841,-8062,-8357,-8607,-8748,-8919,-9042,-9097,-9138,-9130,-9097,-9007
8794938.864,-8867,-8748,-8529,-8264,-7954,-7723,-7342,-6922,-6621,-6139,-5624,-5264,-4700,-4110,-3705,-3080
8796608.208,-2438,-2003,-1342,-673,-225,448,1118,1562,2221,2867,3289,3908,4505,4890,5445,5970
8798277.552,6302,6772,7206,7473,7840,8164,8356,8606,8809,8918,9041,9115,9137,9129,9072,9006
8799946.896,8866,8679,8528,8263,7953,7722,7341,6921,6620,6138,5623,5263,4699,4109,3704,3079
8801616.240,2437,2002,1341,672,224,-449,-1119,-1563,-2222,-2868,-3290,-3909,-4506,-4891,-5446,-5971
8803285.584,-6303,-6773,-7207,-7601,-7841,-8165,-8445,-8607,-8810,-8965,-9042,-9116,-9141,-9130,-9073,-8965
8804954.928,-8867,-8680,-8445,-8264,-7954,-7601,-7342,-6922,-6464,-6139,-5624,-5079,-4700,-4110,-3498,-3080
8806624.272,-2438,-1784,-1342,-673,0,448,1118,1783,2221,2867,3497,3908,4505,5078,5445,5970
8808293.616,6463,6772,7206,7600,7840,8164,8444,8606,8809,8964,9041,9115,9140,9129,9072,8964
8809962.960,8898,8710,8475,8292,7981,7627,7368,6946,6486,6160,5643,5096,4716,4124,3510,2877
8811632.304,2446,1789,1122,674,0,-675,-1123,-1790,-2447,-2878,-3511,-4125,-4522,-5097,-5644,-5993
8813301.648,-6487,-6947,-7233,-7628,-7982,-8195,-8476,-8711,-8842,-8998,-9105,-9149,-9174,-9149,-9105,-8998
8814970.992,-8842,-8711,-8476,-8195,-7982,-7628,-7233,-6947,-6487,-5993,-5644,-5097,-4522,-4125,-3511,-2878
8816640.336,-2447,-1790,-1123,-675,0,674,1122,1789,2446,2877,3510,4124,4521,5096,5643,5992
8818309.680,6486,6946,7232,7627,7981,8194,8475,8710,8841,8997,9104,9148,9173,9148,9074,8997
8819979.024,8841,8637,8475,8194,7868,7627,7232,6797,6486,5992,5464,5096,4521,3922,3510,2877
8821648.368,2229,1789,1122,450,0,-675,-1347,-1790,-2447,-3091,-3511,-4125,-4717,-5097,-5644,-6161
8823317.712,-6487,-6947,-7369,-7628,-7982,-8293,-8476,-8711,-8899,-8998,-9105,-9163,-9174,-9149,-9075,-8998
8824987.056,-8842,-8638,-8476,-8195,-7869,-7628,-7233,-6798,-6487,-5993,-5465,-5097,-4522,-3923,-3511,-2878
8826656.400,-2230,-1790,-1123,-451,0,674,1346,1789,2446,3090,3510,4124,4716,5282,5643,6160
8828325.744,6643,6946,7368,7750,7981,8292,8558,8710,8898,9038,9104,9162,9170,9148,9074,8950
8829995.088,8873,8668,8416,8223,7896,7527,7258,6821,6348,6013,5484,4925,4538,3936,3313,2887
8831664.432,2237,1574,1126,451,-226,-678,-1351,-2018,-2456,-3102,-3732,-4140,-4734,-5302,-5665,-6183
8833333.776,-6668,-6972,-7395,-7779,-8011,-8323,-8590,-8742,-8931,-9072,-9138,-9196,-9204,-9182,-9107,-8984
8835003.120,-8874,-8669,-8417,-8224,-7897,-7528,-7259,-6822,-6349,-5841,-5485,-4926,-4340,-3937,-3314,-2673
8836672.464,-2238,-1575,-903,-452,225,902,1350,2017,2672,3101,3731,4339,4733,5301,5840,6182
8838341.808,6667,7116,7394,7778,8119,8322,8589,8810,8930,9071,9162,9195,9203,9162,9106,8983
8840011.152,8810,8668,8416,8119,7896,7527,7116,6821,6348,5840,5484,4925,4339,3936,3313,2672
8841680.496,2237,1574,902,451,-226,-903,-1351,-2018,-2673,-3102,-3732,-4340,-4734,-5302,-5841,-6183
8843349.840,-6668,-7117,-7395,-7779,-8120,-8323,-8590,-8811,-8984,-9072,-9163,-9204,-9204,-9163,-9072,-8984
8845019.184,-8811,-8590,-8417,-8120,-7779,-7528,-7117,-6668,-6349,-5841,-5302,-4926,-4340,-3732,-3314,-2673
8846688.528,-2018,-1575,-903,-226,225,902,1574,2017,2672,3313,3731,4339,4925,5301,5840,6348
8848357.872,6667,7116,7527,7778,8119,8416,8589,8810,8983,9071,9162,9203,9203,9162,9071,8983
8850027.216,8841,8620,8447,8148,7806,7554,7142,6691,6371,5861,5320,4943,4355,3744,3325,2682
8851696.560,2024,1579,905,226,-227,-906,-1580,-2246,-2683,-3326,-3951,-4356,-4944,-5505,-5862,-6372
8853365.904,-6847,-7143,-7555,-7926,-8149,-8448,-8700,-8842,-9016,-9140,-9196,-9237,-9229,-9196,-9104,-8963
8855035.248,-8842,-8621,-8353,-8149,-7807,-7422,-7143,-6692,-6206,-5862,-5321,-4751,-4356,-3745,-3113,-2683
8856704.592,-2025,-1356,-906,-227,453,905,1579,2245,2682,3325,3950,4355,4943,5504,5861,6371
8858373.936,6846,7142,7554,7925,8148,8447,8699,8841,9015,9139,9195,9236,9228,9195,9103,8962
8860043.280,8841,8620,8352,8039,7806,7421,6996,6691,6205,5684,5320,4750,4154,3744,3112,2464
8861712.624,2024,1355,679,226,-454,-1132,-1580,-2246,-2899,-3326,-3951,-4555,-4944,-5505,-6036,-6372
8863381.968,-6847,-7285,-7555,-7926,-8254,-8448,-8700,-8906,-9016,-9140,-9215,-9237,-9229,-9171,-9104,-8963
8865051.312,-8774,-8621,-8353,-8040,-7807,-7422,-6997,-6692,-6206,-5685,-5321,-4751,-4155,-3745,-3113,-2465
8866720.656,-2025,-1356,-680,-227,453,1131,1579,2245,2898,3325,3950,4554,4943,5504,6035,6371
8868390.000,6846,7284,7682,7925,8253,8536,8699,8905,9062,9139,9214,9239,9228,9170,9062,8962
8870059.344,8803,8566,8381,8067,7709,7447,7020,6556,6226,5704,5150,4766,4168,3548,3123,2472
8871728.688,1808,1360,681,0,-455,-1135,-1809,-2253,-2909,-3549,-3965,-4571,-5151,-5524,-6057,-6557
8873398.032,-6870,-7310,-7710,-7953,-8282,-8567,-8730,-8936,-9094,-9172,-9247,-9272,-9261,-9203,-9094,-8994
8875067.376,-8804,-8567,-8382,-8068,-7710,-7448,-7021,-6557,-6227,-5705,-5151,-4767,-4169,-3549,-3124,-2473
8876736.720,-1809,-1135,-682,0,681,1134,1808,2472,2908,3548,4168,4570,5150,5704,6056,6556
8878406.064,7020,7309,7709,8067,8281,8566,8803,8935,9093,9202,9246,9271,9246,9202,9093,8935
8880075.408,8803,8566,8281,8067,7709,7309,7020,6556,6056,5704,5150,4570,4168,3548,2908,2472
8881744.752,1808,1134,681,0,-682,-1135,-1809,-2473,-2909,-3549,-4169,-4571,-5151,-5705,-6057,-6557
8883414.096,-7021,-7310,-7710,-8068,-8282,-8567,-8804,-8936,-9094,-9203,-9247,-9272,-9247,-9172,-9094,-8936
8885083.440,-8730,-8567,-8282,-7953,-7710,-7310,-6870,-6557,-6057,-5524,-5151,-4571,-3965,-3549,-2909,-2253
8886752.784,-1809,-1135,-455,0,681,1360,1808,2472,3123,3548,4168,4766,5150,5704,6226,6556
8888422.128,7020,7447,7709,8067,8381,8566,8803,8993,9093,9202,9260,9271,9246,9171,9093,8935
8890091.472,8760,8596,8311,7980,7736,7335,6894,6579,6077,5542,5169,4586,3978,3560,2918,2260
8891760.816,1815,1138,456,0,-685,-1366,-1816,-2482,-3135,-3561,-4184,-4784,-5358,-5725,-6249,-6739
8893430.160,-7046,-7474,-7862,-8096,-8412,-8682,-8836,-9026,-9168,-9235,-9294,-9302,-9280,-9204,-9079,-8968
8895099.504,-8761,-8507,-8312,-7981,-7608,-7336,-6895,-6416,-6078,-5543,-4978,-4587,-3979,-3349,-2919,-2261
8896768.848,-1591,-1139,-457,228,684,1365,2038,2481,3134,3770,4183,4783,5357,5724,6248,6738
8898438.192,7045,7473,7861,8095,8411,8681,8835,9025,9167,9234,9293,9301,9279,9203,9078,8967
8900107.536,8760,8506,8311,7980,7607,7335,6894,6415,6077,5542,4977,4386,3978,3348,2701,2260
8901776.880,1590,912,456,-229,-913,-1366,-2039,-2702,-3135,-3771,-4387,-4784,-5358,-5903,-6249,-6739
8903446.224,-7193,-7474,-7862,-8207,-8412,-8682,-8905,-9026,-9168,-9260,-9294,-9302,-9260,-9204,-9079,-8905
8905115.568,-8761,-8507,-8207,-7981,-7608,-7193,-6895,-6416,-5903,-5543,-4978,-4387,-3979,-3349,-2702,-2261
8906784.912,-1591,-913,-457,228,912,1365,2038,2701,3134,3770,4386,4783,5357,5902,6248,6738
8908454.256,7192,7473,7861,8206,8411,8681,8904,9078,9167,9259,9301,9301,9259,9167,9078,8904
8910123.600,8711,8536,8235,7888,7634,7218,6762,6438,5923,5376,4995,4401,3784,3360,2710,2045
8911792.944,1596,915,229,-230,-916,-1597,-2046,-2711,-3361,-3785,-4402,-4996,-5377,-5924,-6439,-6763
8913462.288,-7219,-7635,-7889,-8236,-8537,-8712,-8936,-9111,-9201,-9293,-9335,-9335,-9293,-9201,-9111,-8936
8915131.632,-8712,-8537,-8236,-7889,-7635,-7219,-6763,-6439,-5924,-5377,-4996,-4402,-3785,-3361,-2711,-2046
8916800.976,-1597,-916,-230,229,915,1596,2268,2710,3360,3992,4401,4995,5562,5923,6438,6918
8918470.320,7218,7634,8009,8235,8536,8791,8935,9110,9236,9292,9334,9326,9292,9200,9057,8935
8920139.664,8711,8441,8235,7888,7500,7218,6762,6270,5923,5376,4800,4401,3784,3145,2710,2045
8921809.008,1370,915,229,-459,-916,-1597,-2269,-2711,-3361,-3993,-4402,-4996,-5563,-5924,-6439,-6919
8923478.352,-7219,-7635,-8010,-8236,-8537,-8792,-8936,-9111,-9237,-9293,-9335,-9327,-9293,-9201,-9058,-8936
8925147.696,-8712,-8442,-8236,-7889,-7501,-7071,-6763,-6271,-5745,-5377,-4801,-4199,-3785,-3146,-2491,-2046
8926817.040,-1371,-687,-230,458,1143,1596,2268,2928,3360,3992,4602,4995,5562,6099,6438,6918
8928486.384,7361,7634,8009,8340,8536,8791,8999,9110,9236,9312,9334,9326,9267,9200,9057,8866
8930155.728,8742,8471,8153,7916,7526,7095,6786,6292,5765,5395,4817,4213,3797,3156,2499,2053
8931825.072,1374,689,229,-460,-1148,-1603,-2277,-2940,-3373,-4007,-4619,-5014,-5583,-6121,-6462,-6944
8933494.416,-7388,-7792,-8038,-8371,-8658,-8824,-9032,-9191,-9270,-9346,-9371,-9360,-9301,-9191,-9090,-8898
8935163.760,-8658,-8472,-8154,-7792,-7527,-7096,-6627,-6293,-5766,-5206,-4818,-4214,-3586,-3157,-2500,-1829
8936833.104,-1375,-690,0,459,1147,1828,2276,2939,3585,4006,4618,5205,5582,6120,6626,6943
8938502.448,7387,7791,8037,8370,8657,8823,9031,9190,9269,9345,9370,9359,9300,9190,9089,8897
8940171.792,8657,8471,8153,7791,7526,7095,6626,6292,5765,5205,4817,4213,3585,3156,2499,1828
8941841.136,1147,689,0,-690,-1148,-1829,-2500,-2940,-3586,-4214,-4619,-5206,-5766,-6121,-6627,-7096
8943510.480,-7388,-7792,-8154,-8371,-8658,-8898,-9032,-9191,-9301,-9346,-9371,-9346,-9301,-9191,-9032,-8898
8945179.824,-8658,-8371,-8154,-7792,-7388,-7096,-6627,-6121,-5766,-5206,-4619,-4214,-3586,-2940,-2500,-1829
8946849.168,-1148,-690,0,689,1147,1828,2499,2939,3585,4213,4618,5205,5765,6120,6626,7095
8948518.512,7387,7791,8153,8370,8657,8897,9031,9190,9300,9345,9370,9345,9300,9190,9031,8823
8950187.856,8687,8398,8064,7818,7412,6967,6648,6141,5601,5223,4634,4020,3598,2949,2284,1834
8951857.200,1150,461,0,-692,-1380,-1835,-2508,-3168,-3599,-4228,-4835,-5224,-5785,-6315,-6649,-7120
8953526.544,-7553,-7819,-8182,-8500,-8688,-8929,-9121,-9222,-9333,-9392,-9403,-9378,-9301,-9222,-9063,-8854
8955195.888,-8688,-8399,-8065,-7819,-7413,-6968,-6649,-6142,-5602,-5224,-4635,-4021,-3599,-2950,-2285,-1835
8956865.232,-1151,-462,0,691,1379,1834,2507,3167,3598,4227,4834,5414,5784,6314,6809,7119
8958534.576,7552,7943,8181,8499,8772,8928,9120,9264,9332,9391,9399,9377,9300,9174,9062,8853
8960203.920,8596,8398,8064,7687,7412,6967,6483,6141,5601,5030,4634,4020,3384,2949,2284,1607
8961873.264,1150,461,-231,-692,-1380,-2061,-2508,-3168,-3811,-4228,-4835,-5415,-5785,-6315,-6810,-7120
8963542.608,-7553,-7944,-8182,-8500,-8773,-8929,-9121,-9265,-9333,-9392,-9400,-9378,-9301,-9175,-9063,-8854
8965211.952,-8597,-8399,-8065,-7688,-7413,-6968,-6484,-6142,-5602,-5031,-4433,-4021,-3385,-2730,-2285,-1608
8966881.296,-922,-462,230,921,1379,2060,2729,3167,3810,4432,4834,5414,5964,6314,6809,7268
8968550.640,7552,7943,8292,8499,8772,8997,9120,9264,9357,9391,9399,9357,9300,9174,8997,8853
8970219.984,8626,8321,8093,7714,7293,6991,6506,5985,5620,5048,4447,4034,3395,2739,2292,1613
8971889.328,924,463,-232,-925,-1385,-2068,-2740,-3179,-3824,-4448,-4852,-5434,-5986,-6337,-6834,-7294
8973558.672,-7579,-7972,-8322,-8530,-8804,-9030,-9153,-9297,-9391,-9433,-9433,-9391,-9297,-9207,-9030,-8804
8975228.016,-8627,-8322,-7972,-7715,-7294,-6834,-6507,-5986,-5434,-5049,-4448,-3824,-3396,-2740,-2068,-1614
8976897.360,-925,-232,231,924,1613,2067,2739,3395,3823,4447,5048,5433,5985,6506,6833,7293
8978566.704,7714,7971,8321,8626,8803,9029,9206,9296,9390,9432,9432,9390,9296,9206,9029,8803
8980236.048,8626,8321,7971,7714,7293,6833,6506,5985,5433,5048,4447,3823,3395,2739,2067,1613
8981905.392,924,231,-232,-925,-1614,-2293,-2740,-3396,-4035,-4448,-5049,-5621,-5986,-6507,-6992,-7294
8983574.736,-7715,-8094,-8322,-8627,-8885,-9030,-9207,-9334,-9391,-9433,-9425,-9391,-9297,-9153,-9030,-8804
8985244.080,-8530,-8322,-7972,-7579,-7294,-6834,-6337,-5986,-5434,-4852,-4448,-3824,-3179,-2740,-2068,-1385
8986913.424,-925,-232,463,924,1613,2292,2739,3395,4034,4447,5048,5620,5985,6506,6991,7293
8988582.768,7714,8093,8321,8626,8884,9029,9206,9333,9390,9432,9424,9390,9296,9152,9029,8803
8990252.112,8589,8379,8027,7631,7194,6881,6380,5845,5471,4884,4271,3850,3201,2534,2081,1394
8991921.456,698,233,-467,-1164,-1625,-2309,-2981,-3420,-4063,-4684,-5084,-5661,-6207,-6552,-7041,-7491
8993590.800,-7769,-8150,-8488,-8687,-8947,-9158,-9271,-9399,-9476,-9499,-9491,-9431,-9362,-9217,-9023,-8865
8995260.144,-8590,-8268,-8028,-7632,-7195,-6882,-6381,-5846,-5472,-4885,-4272,-3851,-3202,-2535,-2082,-1395
8996929.488,-699,-234,466,1163,1624,2308,2980,3419,4062,4683,5083,5660,6206,6551,7040,7490
8998598.832,7768,8149,8487,8778,8946,9157,9319,9398,9475,9501,9490,9430,9319,9216,9022,8778
9000268.176,8589,8267,7900,7631,7194,6718,6380,5845,5278,4884,4271,3636,3201,2534,1853,1394
9001937.520,698,0,-467,-1164,-1854,-2309,-2981,-3637,-4063,-4684,-5279,-5661,-6207,-6719,-7041,-7491
9003606.864,-7901,-8150,-8488,-8779,-8947,-9158,-9320,-9399,-9476,-9502,-9491,-9431,-9320,-9217,-9023,-8779
9005276.208,-8590,-8268,-7901,-7632,-7195,-6719,-6381,-5846,-5279,-4885,-4272,-3637,-3202,-2535,-1854,-1164
9006945.552,-699,0,698,1163,1853,2534,2980,3636,4271,4683,5278,5845,6206,6718,7194,7490
9008614.896,7900,8267,8487,8778,9022,9157,9319,9430,9475,9501,9475,9430,9319,9157,9022,8778
9010284.240,8515,8295,7927,7515,7218,6741,6227,5865,5296,4699,4286,3648,2990,2542,1860,1167
9011953.584,701,0,-702,-1168,-1861,-2543,-2991,-3649,-4287,-4700,-5297,-5866,-6228,-6742,-7219,-7516
9013622.928,-7928,-8296,-8516,-8809,-9053,-9189,-9351,-9463,-9508,-9534,-9508,-9463,-9351,-9189,-8977,-8809
9015292.272,-8516,-8178,-7928,-7516,-7065,-6742,-6228,-5680,-5297,-4700,-4077,-3649,-2991,-2317,-1861,-1168
9016961.616,-468,0,701,1398,1860,2542,3211,3648,4286,4901,5296,5865,6402,6741,7218,7657
9018630.960,7927,8295,8618,8808,9052,9247,9350,9462,9522,9533,9507,9430,9350,9188,8976,8808
9020300.304,8515,8177,7927,7515,7064,6741,6227,5679,5296,4699,4076,3648,2990,2316,1860,1167
9021969.648,467,0,-702,-1399,-1861,-2543,-3212,-3649,-4287,-4902,-5297,-5866,-6403,-6905,-7219,-7658
9023638.992,-8055,-8296,-8619,-8895,-9053,-9248,-9394,-9463,-9523,-9531,-9508,-9431,-9303,-9189,-8977,-8716
9025308.336,-8516,-8178,-7795,-7516,-7065,-6574,-6228,-5680,-5101,-4700,-4077,-3432,-2991,-2317,-1630,-1168
9026977.680,-468,233,701,1398,2088,2542,3211,3863,4286,4901,5489,5865,6402,6904,7218,7657
9028647.024,8054,8295,8618,8894,9052,9247,9393,9462,9522,9530,9507,9430,9302,9188,8976,8715
9030316.368,8545,8205,7821,7541,7088,6596,6248,5698,5118,4509,4090,3443,2777,2324,1635,937
9031985.712,469,-235,-938,-1404,-2096,-2778,-3223,-3877,-4510,-4919,-5509,-6070,-6425,-6929,-7396,-7685
9033655.056,-8083,-8438,-8649,-8926,-9155,-9281,-9426,-9521,-9556,-9564,-9521,-9464,-9335,-9155,-9008,-8747
9035324.400,-8438,-8206,-7822,-7396,-7089,-6597,-6070,-5699,-5119,-4510,-4091,-3444,-2778,-2325,-1636,-938
9036993.744,-470,234,937,1403,2095,2777,3222,3876,4509,4918,5508,6069,6424,6928,7395,7684
9038663.088,8082,8437,8648,8925,9154,9280,9425,9520,9563,9563,9520,9425,9334,9154,8925,8746
9040332.432,8437,8082,7821,7395,6928,6596,6069,5508,5118,4509,3876,3443,2777,2095,1635,937
9042001.776,234,-235,-938,-1636,-2096,-2778,-3444,-3877,-4510,-5119,-5509,-6070,-6597,-6929,-7396,-7822
9043671.120,-8083,-8438,-8747,-8926,-9155,-9335,-9426,-9521,-9564,-9564,-9521,-9426,-9335,-9155,-8926,-8747
9045340.464,-8438,-8083,-7822,-7396,-6929,-6597,-6070,-5509,-5119,-4510,-3877,-3444,-2778,-2096,-1636,-938
9047009.808,-235,234,937,1635,2095,2777,3443,4090,4509,5118,5698,6069,6596,7088,7395,7821
9048679.152,8205,8437,8746,9007,9154,9334,9463,9520,9563,9555,9520,9425,9280,9154,8925,8648
9050348.496,8466,8110,7710,7420,6952,6446,6089,5527,4935,4525,3890,3234,2786,2103,1408,941
9052017.840,235,-472,-942,-1642,-2333,-2787,-3455,-4105,-4526,-5136,-5719,-6090,-6620,-7113,-7421,-7849
9053687.184,-8234,-8467,-8777,-9039,-9187,-9367,-9496,-9554,-9597,-9589,-9554,-9459,-9313,-9187,-8957,-8679
9055356.528,-8467,-8111,-7711,-7269,-6953,-6447,-5906,-5528,-4936,-4317,-3891,-3235,-2561,-2104,-1409,-707
9057025.872,-236,471,1175,1641,2332,3011,3454,4104,4731,5135,5718,6270,6619,7112,7567,7848
9058695.216,8233,8574,8776,9038,9251,9366,9495,9573,9596,9588,9527,9458,9312,9115,8956,8678
9060364.560,8352,8110,7710,7268,6952,6446,5905,5527,4935,4316,3890,3234,2560,2103,1408,706
9062033.904,235,-472,-1176,-1642,-2333,-3012,-3455,-4105,-4732,-5136,-5719,-6271,-6620,-7113,-7568,-7849
9063703.248,-8234,-8575,-8870,-9039,-9252,-9416,-9496,-9574,-9600,-9589,-9528,-9416,-9313,-9116,-8870,-8679
9065372.592,-8353,-7982,-7711,-7269,-6789,-6447,-5906,-5334,-4936,-4317,-3674,-3235,-2561,-1873,-1409,-707
9067041.936,0,471,1175,1872,2332,3011,3673,4104,4731,5333,5718,6270,6788,7112,7567,7981
9068711.280,8233,8574,8869,9038,9251,9415,9495,9573,9599,9588,9527,9415,9312,9115,8869,8678
9070380.624,8381,8009,7737,7293,6811,6468,5926,5351,4952,4330,3686,3245,2569,1879,1413,708
9072049.968,0,-709,-1180,-1880,-2570,-3022,-3687,-4331,-4749,-5352,-5927,-6292,-6812,-7294,-7594,-8010
9073719.312,-8382,-8605,-8900,-9147,-9284,-9448,-9561,-9607,-9633,-9607,-9561,-9448,-9284,-9147,-8900,-8605
9075388.656,-8382,-8010,-7594,-7294,-6812,-6292,-5927,-5352,-4749,-4331,-3687,-3022,-2570,-1880,-1180,-709
9077058.000,0,708,1179,1879,2569,3021,3686,4330,4748,5351,5926,6291,6811,7293,7593,8009
9078727.344,8381,8604,8899,9146,9283,9447,9560,9606,9632,9606,9560,9447,9283,9069,8899,8604
9080396.688,8262,8009,7593,7137,6811,6291,5738,5351,4748,4118,3686,3021,2340,1879,1179,472
9082066.032,0,-709,-1414,-1880,-2570,-3246,-3687,-4331,-4953,-5352,-5927,-6469,-6812,-7294,-7738,-8010
9083735.376,-8382,-8708,-8900,-9147,-9345,-9448,-9561,-9622,-9633,-9607,-9529,-9448,-9284,-9070,-8900,-8605
9085404.720,-8263,-8010,-7594,-7138,-6812,-6292,-5739,-5352,-4749,-4119,-3687,-3022,-2341,-1880,-1180,-473
9087074.064,0,708,1413,1879,2569,3245,3686,4330,4952,5351,5926,6468,6976,7293,7737,8138
9088743.408,8381,8707,8987,9146,9344,9491,9560,9621,9629,9606,9528,9398,9283,9069,8806,8604
9090412.752,8289,7901,7619,7161,6664,6312,5757,5170,4763,4132,3478,3031,2348,1652,1183,474
9092082.096,-238,-711,-1419,-2118,-2578,-3256,-3917,-4346,-4969,-5566,-5946,-6491,-7000,-7319,-7763,-8166
9093751.440,-8410,-8737,-9017,-9177,-9376,-9523,-9593,-9654,-9662,-9639,-9560,-9430,-9315,-9100,-8836,-8633
9095420.784,-8290,-7902,-7620,-7162,-6665,-6313,-5758,-5171,-4764,-4133,-3479,-2806,-2349,-1653,-948,-475
9097090.128,237,947,1418,2117,2805,3255,3916,4555,4968,5565,6131,6490,6999,7470,7762,8165
9098759.472,8523,8736,9016,9248,9375,9522,9618,9653,9661,9618,9559,9429,9248,9099,8835,8523
9100428.816,8289,7901,7470,7161,6664,6131,5757,5170,4555,4132,3478,2805,2348,1652,947,474
9102098.160,-238,-948,-1419,-2118,-2806,-3256,-3917,-4556,-4969,-5566,-6132,-6491,-7000,-7471,-7763,-8166
9103767.504,-8524,-8737,-9017,-9249,-9376,-9523,-9619,-9662,-9662,-9619,-9523,-9430,-9249,-9017,-8836,-8524
9105436.848,-8166,-7902,-7471,-7000,-6665,-6132,-5566,-5171,-4556,-3917,-3479,-2806,-2118,-1653,-948,-238
9107106.192,237,947,1652,2117,2805,3478,3916,4555,5170,5565,6131,6664,6999,7470,7901,8165
9108775.536,8523,8835,9016,9248,9429,9522,9618,9661,9661,9618,9522,9429,9248,9016,8835,8523
9110444.880,8193,7928,7496,7023,6686,6152,5584,5188,4571,3930,3490,2815,2124,1657,950,237
9112114.224,-238,-951,-1658,-2125,-2816,-3491,-4147,-4572,-5189,-5777,-6153,-6687,-7186,-7497,-7929,-8318
9113783.568,-8553,-8866,-9131,-9281,-9463,-9593,-9651,-9695,-9687,-9651,-9556,-9408,-9281,-9048,-8767,-8553
9115452.912,-8194,-7790,-7497,-7024,-6513,-6153,-5585,-4986,-4572,-3931,-3268,-2816,-2125,-1423,-951,-238
9117122.256,475,950,1657,2356,2815,3490,4146,4571,5188,5776,6152,6686,7185,7496,7928,8317
9118791.600,8552,8865,9130,9280,9462,9592,9650,9694,9686,9650,9555,9407,9280,9047,8766,8552
9120460.944,8193,7789,7496,7023,6512,5966,5584,4985,4360,3930,3267,2586,2124,1422,713,237
9122130.288,-476,-1188,-1658,-2357,-3042,-3491,-4147,-4781,-5189,-5777,-6335,-6687,-7186,-7646,-7929,-8318
9123799.632,-8663,-8866,-9131,-9347,-9463,-9593,-9672,-9695,-9687,-9625,-9556,-9408,-9209,-9048,-8767,-8438
9125468.976,-8194,-7790,-7344,-7024,-6513,-5967,-5585,-4986,-4361,-3931,-3268,-2587,-2125,-1423,-714,-238
9127138.320,475,1187,1657,2356,3041,3490,4146,4780,5188,5776,6334,6686,7185,7645,7928,8317
9128807.664,8662,8959,9130,9346,9511,9592,9671,9697,9686,9624,9511,9407,9208,8959,8766,8437
9130477.008,8090,7815,7368,6880,6534,5986,5405,5002,4374,3723,3278,2595,1898,1427,715,0
9132146.352,-478,-1192,-1899,-2365,-3053,-3724,-4161,-4797,-5406,-5797,-6356,-6881,-7211,-7672,-8091,-8347
9133815.696,-8692,-8991,-9163,-9379,-9544,-9626,-9705,-9731,-9720,-9658,-9544,-9440,-9240,-8991,-8797,-8467
9135485.040,-8091,-7816,-7369,-6881,-6535,-5987,-5406,-5003,-4375,-3724,-3279,-2596,-1899,-1428,-716,0
9137154.384,715,1191,1898,2595,3052,3723,4374,4796,5405,5986,6355,6880,7368,7671,8090,8466
9138823.728,8691,8990,9239,9378,9543,9657,9704,9730,9704,9657,9543,9378,9239,8990,8691,8466
9140493.072,8090,7671,7368,6880,6355,5986,5405,4796,4374,3723,3052,2595,1898,1191,715,0
9142162.416,-716,-1192,-1899,-2596,-3053,-3724,-4375,-4797,-5406,-5987,-6356,-6881,-7369,-7672,-8091,-8467
9143831.760,-8692,-8991,-9240,-9379,-9544,-9658,-9705,-9731,-9705,-9658,-9544,-9379,-9240,-8991,-8692,-8347
9145501.104,-8091,-7672,-7211,-6881,-6356,-5797,-5406,-4797,-4161,-3724,-3053,-2365,-1899,-1192,-478,0
9147170.448,715,1427,1898,2595,3278,3723,4374,5002,5405,5986,6534,6880,7368,7815,8090,8466
9148839.792,8796,8990,9239,9439,9543,9657,9719,9730,9704,9625,9543,9378,9162,8990,8691,8346
9150509.136,8118,7697,7234,6904,6377,5816,5424,4812,4174,3736,3062,2372,1904,1195,479,0
9152178.480,-719,-1433,-1905,-2604,-3290,-3737,-4390,-5020,-5425,-6007,-6557,-7072,-7394,-7843,-8249,-8496
9153847.824,-8827,-9110,-9271,-9472,-9621,-9691,-9753,-9761,-9738,-9658,-9527,-9411,-9194,-8927,-8722,-8375
9155517.168,-7983,-7698,-7235,-6733,-6378,-5817,-5224,-4813,-4175,-3515,-3063,-2373,-1670,-1196,-480,239
9157186.512,718,1432,2139,2603,3289,3956,4389,5019,5622,6006,6556,7071,7393,7842,8248,8495
9158855.856,8826,9109,9270,9471,9620,9690,9752,9760,9737,9657,9526,9410,9193,8926,8721,8374
9160525.200,7982,7697,7234,6732,6377,5816,5223,4812,4174,3514,2834,2372,1669,957,479,-240
9162194.544,-958,-1433,-2140,-2835,-3290,-3957,-4603,-5020,-5623,-6194,-6557,-7072,-7548,-7843,-8249,-8611
9163863.888,-8827,-9110,-9344,-9472,-9621,-9717,-9753,-9761,-9717,-9658,-9527,-9344,-9194,-8927,-8611,-8375
9165533.232,-7983,-7548,-7235,-6733,-6194,-5817,-5224,-4603,-4175,-3515,-2835,-2373,-1670,-958,-480,239
9167202.576,957,1432,2139,2834,3289,3956,4602,5019,5622,6193,6556,7071,7547,7842,8248,8610
9168871.920,8826,9109,9343,9471,9620,9716,9752,9760,9716,9620,9526,9343,9109,8926,8610,8248
9170541.264,8009,7572,7095,6755,6214,5641,5241,4618,3970,3525,2843,2146,1674,960,240,-241
9172210.608,-961,-1675,-2147,-2844,-3526,-3971,-4619,-5242,-5642,-6215,-6756,-7096,-7573,-8010,-8277,-8640
9173879.952,-8957,-9141,-9375,-9559,-9653,-9750,-9794,-9794,-9750,-9653,-9559,-9375,-9141,-8957,-8640,-8277
9175549.296,-8010,-7573,-7096,-6756,-6215,-5642,-5242,-4619,-3971,-3526,-2844,-2147,-1675,-961,-241,240
9177218.640,960,1674,2146,2843,3525,4188,4618,5241,5835,6214,6755,7258,7572,8009,8402,8639
9178887.984,8956,9224,9374,9558,9690,9749,9793,9785,9749,9652,9503,9374,9140,8856,8639,8276
9180557.328,7868,7572,7095,6579,6214,5641,5036,4618,3970,3300,2843,2146,1437,960,240,-481
9182226.672,-961,-1675,-2381,-2844,-3526,-4189,-4619,-5242,-5836,-6215,-6756,-7259,-7573,-8010,-8403,-8640
9183896.016,-8957,-9225,-9375,-9559,-9691,-9750,-9794,-9786,-9750,-9653,-9504,-9375,-9141,-8857,-8640,-8277
9185565.360,-7869,-7573,-7096,-6580,-6028,-5642,-5037,-4405,-3971,-3301,-2613,-2147,-1438,-721,-241,480
9187234.704,1199,1674,2380,3072,3525,4188,4828,5241,5835,6399,6755,7258,7723,8009,8402,8750
9188904.048,8956,9224,9441,9558,9690,9770,9793,9785,9723,9652,9503,9302,9140,8856,8523,8276
9190573.392,7894,7442,7118,6600,6046,5659,5053,4418,3983,3311,2621,2153,1442,722,241,-483
9192242.736,-1204,-1681,-2389,-3083,-3538,-4203,-4845,-5259,-5855,-6420,-6778,-7283,-7749,-8036,-8431,-8780
9193912.080,-8986,-9255,-9473,-9640,-9723,-9803,-9829,-9818,-9755,-9640,-9535,-9333,-9081,-8886,-8552,-8173
9195581.424,-7895,-7443,-6951,-6601,-6047,-5461,-5054,-4419,-3762,-3312,-2622,-1918,-1443,-723,0,482
9197250.768,1203,1917,2388,3082,3761,4202,4844,5460,5854,6419,6950,7282,7748,8172,8430,8779
9198920.112,9080,9254,9472,9639,9722,9802,9828,9817,9754,9639,9534,9332,9080,8885,8551,8172
9200589.456,7894,7442,6950,6600,6046,5460,5053,4418,3761,3311,2621,1917,1442,722,0,-723
9202258.800,-1204,-1918,-2622,-3083,-3762,-4419,-4845,-5461,-6047,-6420,-6951,-7443,-7749,-8173,-8552,-8780
9203928.144,-9081,-9333,-9473,-9640,-9755,-9803,-9829,-9803,-9755,-9640,-9473,-9333,-9081,-8780,-8552,-8173
9205597.488,-7749,-7443,-6951,-6420,-6047,-5461,-4845,-4419,-3762,-3083,-2622,-1918,-1204,-723,0,722
9207266.832,1203,1917,2621,3082,3761,4418,4844,5460,6046,6419,6950,7442,7748,8172,8551,8779
9208936.176,9080,9332,9472,9639,9754,9802,9828,9802,9754,9639,9472,9332,9080,8779,8430,8172
