time_ps,s0,s1,s2,s3,s4,s5,s6,s7,s8,s9,s10,s11,s12,s13,s14,s15
13657737.936,12,15,16,18,20,21,23,24,25,27,28,28,29,30,31,31
13659407.280,31,31,31,31,31,31,30,30,29,28,27,26,24,23,22,20
13661076.624,19,17,15,13,11,9,7,5,3,0,-1,-4,-6,-8,-10,-12
13662745.968,-13,-16,-18,-19,-21,-23,-24,-25,-27,-28,-29,-30,-30,-31,-32,-32
13664415.312,-32,-32,-32,-32,-32,-32,-31,-30,-30,-29,-28,-27,-25,-24,-23,-21
13666084.656,-19,-18,-16,-13,-12,-10,-8,-6,-4,-1,0,3,5,7,9,11
13667754.000,12,15,17,18,20,22,23,24,26,27,28,29,29,30,31,31
13669423.344,31,31,31,31,31,31,30,29,28,28,27,25,24,23,21,20
13671092.688,18,16,15,12,10,9,7,4,3,0,-2,-4,-6,-8,-10,-12
13672762.032,-14,-16,-18,-20,-21,-23,-24,-25,-27,-28,-29,-30,-31,-31,-32,-32
13674431.376,-32,-32,-32,-32,-32,-32,-31,-30,-29,-29,-28,-26,-25,-24,-22,-21
13676100.720,-19,-17,-16,-13,-11,-10,-8,-5,-4,-1,1,3,5,7,9,11
13706148.912,-37,-33,-28,-25,-21,-16,-13,-8,-4,0,4,9,12,17,21,24
13707818.256,29,33,36,39,43,45,49,52,54,56,58,60,61,63,63,64
13709487.600,64,64,64,64,63,62,61,60,58,55,54,51,48,44,42,38
13711156.944,34,32,27,23,20,15,11,7,3,-2,-5,-10,-15,-18,-22,-27
13712826.288,-30,-34,-38,-40,-44,-48,-50,-53,-55,-57,-59,-61,-62,-64,-65,-65
13714495.632,-65,-65,-65,-65,-64,-63,-62,-60,-59,-56,-54,-52,-49,-45,-43,-39
13716164.976,-35,-33,-28,-24,-21,-16,-12,-8,-4,1,4,9,14,17,21,26
13717834.320,29,33,37,39,43,47,49,52,54,57,58,60,62,63,64,64
13719503.664,64,64,64,64,63,62,61,59,57,55,53,50,48,44,41,38
13721173.008,34,30,27,23,18,15,11,6,3,-2,-7,-10,-15,-19,-22,-27
13722842.352,-31,-34,-38,-42,-44,-48,-51,-53,-55,-58,-59,-61,-63,-64,-65,-65
13724511.696,-65,-65,-65,-65,-64,-63,-62,-60,-58,-56,-54,-51,-49,-45,-42,-39
13757898.576,48,54,58,64,69,72,77,81,84,87,90,92,94,96,96,97
13759567.920,97,97,97,96,94,93,90,87,85,81,77,74,69,64,60,54
13761237.264,48,44,37,30,26,19,11,7,0,-8,-12,-20,-27,-31,-38,-45
13762906.608,-49,-55,-61,-65,-70,-75,-78,-82,-86,-88,-91,-94,-95,-97,-98,-98
13764575.952,-98,-98,-98,-97,-95,-94,-91,-88,-86,-82,-78,-75,-70,-65,-61,-55
13766245.296,-49,-45,-38,-31,-27,-20,-12,-8,0,7,11,19,26,33,37,44
13767914.640,50,54,60,65,69,74,78,81,85,88,90,93,95,96,97,97
13769583.984,97,97,96,96,94,92,90,87,84,81,77,72,69,64,58,54
13771253.328,48,41,37,30,23,19,11,4,0,-8,-15,-20,-27,-34,-38,-45
13772922.672,-51,-55,-61,-66,-70,-75,-79,-82,-86,-89,-91,-94,-96,-97,-98,-98
13774592.016,-98,-98,-97,-97,-95,-93,-91,-88,-85,-82,-78,-73,-68,-65,-59,-53
13776261.360,-49,-42,-36,-31,-24,-17,-12,-5,2,7,14,21,26,33,39,44
13806309.552,-62,-54,-45,-39,-29,-20,-13,-4,6,12,22,31,38,47,56,61
13807978.896,70,78,83,90,97,103,107,112,117,119,123,126,127,129,130,130
13809648.240,130,130,129,127,124,122,118,113,110,105,99,94,87,80,75,67
13811317.584,58,53,44,34,28,19,9,3,-7,-17,-23,-32,-42,-48,-57,-65
13812986.928,-71,-79,-86,-91,-98,-104,-108,-113,-118,-120,-124,-127,-128,-130,-131,-131
13814656.272,-131,-131,-130,-128,-125,-123,-119,-114,-111,-106,-100,-95,-88,-81,-76,-68
13816325.616,-59,-51,-45,-35,-26,-20,-10,0,6,16,25,31,41,50,56,64
13817994.960,72,78,85,92,97,103,108,112,117,121,123,126,128,129,130,130
13819664.304,130,130,128,127,124,121,118,113,108,105,99,92,87,80,72,67
13821333.648,58,50,44,34,25,19,9,0,-7,-17,-26,-32,-42,-51,-57,-65
13823002.992,-73,-79,-86,-93,-98,-104,-109,-113,-118,-122,-124,-127,-129,-130,-131,-131
13824672.336,-131,-131,-129,-127,-125,-122,-118,-114,-109,-104,-100,-93,-86,-81,-73,-65
13858059.216,93,103,112,118,125,133,137,143,149,152,155,159,160,162,162,162
13859728.560,162,160,159,155,152,149,143,137,133,125,118,112,103,93,87,76
13861397.904,66,58,47,35,27,15,3,-4,-16,-28,-36,-48,-59,-67,-77,-88
13863067.248,-94,-104,-113,-119,-126,-134,-138,-144,-150,-153,-156,-160,-161,-163,-163,-163
13864736.592,-163,-161,-160,-156,-153,-148,-144,-138,-131,-126,-119,-110,-104,-94,-84,-77
13866405.936,-67,-55,-48,-36,-24,-16,-4,7,15,27,39,47,58,69,76,87
13868075.280,97,103,112,120,125,133,139,143,149,153,155,159,161,162,162,162
13869744.624,162,160,158,155,152,147,143,137,130,125,118,109,103,93,83,76
13871413.968,66,54,47,35,23,15,3,-8,-16,-28,-40,-48,-59,-70,-77,-88
13873083.312,-98,-104,-113,-121,-129,-134,-140,-146,-150,-154,-158,-160,-162,-163,-163,-163
13874752.656,-162,-161,-159,-155,-153,-148,-142,-138,-131,-124,-119,-110,-101,-94,-84,-74
13876422.000,-67,-55,-44,-36,-24,-12,-4,7,19,27,39,51,58,69,80,87
13906470.192,-71,-62,-48,-34,-24,-10,4,14,28,42,52,66,79,88,100,112
13908139.536,120,131,141,148,157,165,170,177,182,186,190,193,194,195,195,195
13909808.880,193,191,188,184,179,175,168,160,154,145,135,128,116,104,96,83
13911478.224,70,61,47,33,23,9,-5,-15,-29,-43,-53,-67,-80,-89,-101,-113
13913147.568,-121,-132,-142,-149,-158,-166,-171,-178,-183,-188,-191,-194,-196,-196,-196,-196
13914816.912,-194,-192,-188,-185,-180,-173,-169,-161,-152,-146,-136,-125,-117,-105,-93,-84
13916486.256,-71,-57,-48,-34,-20,-10,4,19,28,42,56,66,79,92,100,112
13918155.600,124,131,141,151,157,165,172,177,182,187,190,193,195,195,195,195
13919824.944,193,191,187,184,179,172,168,160,151,145,135,124,116,104,92,83
13921494.288,70,56,47,33,19,9,-5,-20,-34,-43,-57,-71,-80,-93,-105,-113
13923163.632,-125,-136,-142,-152,-161,-166,-173,-180,-183,-188,-192,-194,-196,-196,-196,-196
13924832.976,-194,-192,-188,-183,-180,-173,-166,-161,-152,-142,-136,-125,-113,-105,-93,-80
13958219.856,149,161,173,180,190,199,204,211,217,220,224,227,228,228,228,227
13959889.200,224,220,217,211,204,199,190,180,173,161,149,140,127,112,102,87
13961558.544,71,61,44,28,16,0,-17,-29,-45,-62,-72,-88,-103,-118,-128,-141
13963227.888,-154,-162,-174,-184,-191,-200,-208,-212,-218,-223,-225,-228,-229,-229,-229,-227
13964897.232,-225,-221,-216,-212,-205,-197,-191,-181,-170,-162,-150,-137,-128,-113,-98,-88
13966566.576,-72,-56,-45,-29,-12,0,16,33,44,61,77,87,102,117,127,140
13968235.920,153,161,173,183,190,199,207,211,217,222,224,227,228,228,228,226
13969905.264,224,220,215,211,204,196,190,180,169,161,149,136,122,112,97,82
13971574.608,71,55,39,28,11,-6,-17,-34,-51,-62,-78,-93,-103,-118,-132,-141
13973243.952,-154,-166,-174,-184,-194,-200,-208,-214,-218,-223,-226,-228,-229,-229,-229,-227
13974913.296,-224,-221,-216,-210,-205,-197,-188,-181,-170,-158,-150,-137,-123,-113,-98,-83
13976582.640,-72,-56,-40,-29,-12,5,16,33,50,61,77,92,102,117,131,140
14006630.832,-70,-58,-39,-20,-7,12,32,44,63,82,94,112,129,140,156,171
14008300.176,180,194,206,214,224,234,239,246,252,255,259,261,261,261,260,258
14009969.520,254,248,244,236,227,221,210,198,189,175,161,150,134,117,106,88
14011638.864,69,51,38,19,0,-13,-33,-52,-64,-83,-101,-113,-130,-146,-157,-172
14013308.208,-186,-195,-207,-218,-225,-235,-243,-247,-253,-257,-260,-262,-262,-262,-261,-257
14014977.552,-255,-249,-243,-237,-228,-218,-211,-199,-186,-176,-162,-146,-135,-118,-101,-89
14016646.896,-70,-52,-39,-20,0,12,32,51,63,82,100,112,129,145,156,171
14018316.240,185,194,206,217,224,234,242,246,252,256,259,261,261,261,260,256
14019985.584,252,248,242,234,227,217,206,198,185,171,161,145,129,117,100,82
14021654.928,69,51,32,19,0,-20,-33,-52,-70,-83,-101,-118,-130,-146,-162,-172
14023324.272,-186,-199,-207,-218,-228,-235,-243,-249,-253,-257,-261,-262,-262,-262,-261,-257
14024993.616,-253,-249,-243,-235,-228,-218,-207,-199,-186,-172,-162,-146,-130,-118,-101,-83
14058380.496,212,227,240,248,259,268,274,281,286,289,292,293,293,292,289,286
14060049.840,281,274,268,259,248,236,227,212,197,186,169,151,138,119,99,85
14061719.184,64,43,28,7,-15,-29,-51,-72,-86,-106,-126,-139,-158,-176,-187,-203
14063388.528,-218,-228,-241,-253,-260,-269,-277,-282,-287,-291,-293,-294,-294,-293,-290,-286
14065057.872,-282,-275,-266,-260,-249,-237,-228,-213,-198,-187,-170,-152,-139,-120,-100,-86
14066727.216,-65,-44,-29,-8,14,28,50,71,85,105,125,138,157,175,186,202
14068396.560,217,227,240,252,262,268,276,283,286,290,293,293,293,291,289,285
14070065.904,279,274,265,255,248,236,222,212,197,180,169,151,132,119,99,78
14071735.248,64,43,21,7,-15,-36,-51,-72,-93,-106,-126,-145,-158,-176,-193,-203
14073404.592,-218,-232,-241,-253,-263,-269,-277,-284,-287,-291,-294,-294,-294,-292,-290,-286
14075073.936,-280,-275,-266,-256,-249,-237,-223,-213,-198,-181,-170,-152,-133,-120,-100,-79
14076743.280,-65,-44,-22,0,14,35,57,71,92,112,125,144,163,175,192,207
14106791.472,-56,-41,-17,8,24,47,71,87,110,132,147,168,188,201,219,236
14108460.816,247,262,276,284,295,305,310,317,322,325,326,326,325,323,319,312
14110130.160,307,298,288,280,267,252,242,225,207,194,174,154,139,117,94,79
14111799.504,55,32,16,-9,-33,-48,-72,-95,-111,-133,-155,-169,-189,-208,-220,-237
14113468.848,-253,-263,-277,-289,-296,-306,-313,-318,-323,-326,-327,-327,-326,-324,-320,-313
14115138.192,-308,-299,-289,-281,-268,-253,-243,-226,-208,-195,-175,-155,-140,-118,-95,-80
14116807.536,-56,-33,-17,8,32,47,71,94,117,132,154,174,188,207,225,236
14118476.880,252,267,276,288,298,305,312,319,322,325,326,326,325,322,319,312
14120146.224,305,298,288,276,267,252,236,225,207,188,174,154,132,117,94,71
14121815.568,55,32,8,-9,-33,-56,-72,-95,-118,-133,-155,-175,-189,-208,-226,-237
14123484.912,-253,-268,-277,-289,-299,-306,-313,-320,-323,-326,-327,-327,-326,-323,-320,-313
14125154.256,-306,-299,-289,-277,-268,-253,-237,-220,-208,-189,-169,-155,-133,-111,-95,-72
14156871.792,-45,-27,0,26,44,70,96,112,137,161,177,199,221,241,254,272
14158541.136,289,299,313,325,332,341,349,353,357,359,359,359,356,353,346,338
14160210.480,332,321,308,299,283,266,254,235,214,199,177,153,137,112,87,70
14161879.824,44,17,0,-27,-53,-71,-97,-122,-138,-162,-186,-200,-222,-242,-255,-273
14163549.168,-290,-300,-314,-326,-333,-342,-350,-354,-358,-360,-360,-360,-357,-354,-347,-339
14165218.512,-333,-322,-309,-300,-284,-267,-255,-236,-215,-200,-178,-154,-130,-113,-88,-62
14166887.856,-45,-18,8,26,52,78,96,121,145,161,185,207,221,241,260,272
14168557.200,289,304,313,325,335,341,349,354,357,359,359,359,356,351,346,338
14170226.544,329,321,308,294,283,266,248,235,214,192,177,153,129,112,87,61
14171895.888,44,17,-9,-27,-53,-79,-97,-122,-146,-162,-186,-208,-222,-242,-261,-273
14173565.232,-290,-305,-314,-326,-336,-342,-350,-355,-358,-360,-360,-359,-357,-352,-345,-339
14175234.576,-330,-318,-309,-295,-279,-267,-249,-229,-215,-193,-170,-154,-130,-105,-88,-62
14206952.112,-29,0,19,48,76,95,123,150,168,193,218,234,256,277,291,309
14208621.456,326,337,351,363,370,378,385,388,391,392,392,390,385,381,373,363
14210290.800,355,341,326,315,297,277,263,241,218,202,176,150,132,104,76,57
14211960.144,28,0,-20,-49,-77,-96,-124,-151,-169,-194,-219,-235,-257,-278,-292,-310
14213629.488,-327,-338,-352,-364,-371,-379,-386,-389,-392,-393,-393,-391,-386,-382,-374,-364
14215298.832,-352,-342,-327,-310,-298,-278,-257,-242,-219,-194,-177,-151,-124,-105,-77,-49
14216968.176,-29,0,28,48,76,104,123,150,176,193,218,241,256,277,297,309
14218637.520,326,341,351,363,373,378,385,390,391,392,391,390,385,378,373,363
14220306.864,351,341,326,309,297,277,256,241,218,193,176,150,123,104,76,48
14221976.208,28,0,-29,-49,-77,-105,-124,-151,-177,-194,-219,-242,-257,-278,-298,-316
14223645.552,-327,-342,-356,-364,-374,-382,-386,-391,-393,-393,-392,-389,-386,-379,-371,-364
14225314.896,-352,-338,-327,-310,-292,-278,-257,-235,-219,-194,-169,-151,-124,-96,-77,-49
14257032.432,-11,20,41,72,103,123,152,181,200,227,253,269,293,314,328,347
14258701.776,364,374,388,400,406,414,420,422,424,424,422,418,412,406,396,384
14260371.120,374,359,341,328,307,285,269,244,218,200,172,143,123,93,62,41
14262040.464,10,-21,-42,-73,-104,-124,-153,-182,-201,-228,-254,-270,-294,-315,-329,-348
14263709.808,-365,-375,-389,-401,-410,-415,-421,-424,-425,-425,-422,-419,-413,-404,-397,-385
14265379.152,-370,-360,-342,-322,-308,-286,-262,-245,-219,-192,-173,-144,-114,-94,-63,-32
14267048.496,-11,20,52,72,103,133,152,181,209,227,253,277,293,314,335,347
14268717.840,364,379,388,400,409,414,420,423,424,424,421,418,412,403,396,384
14270387.184,369,359,341,321,307,285,261,244,218,191,172,143,113,93,62,31
14272056.528,10,-21,-53,-83,-104,-134,-163,-182,-210,-237,-254,-278,-301,-315,-336,-354
14273725.872,-365,-380,-393,-401,-410,-417,-421,-424,-425,-425,-422,-417,-413,-404,-393,-385
14275395.216,-370,-354,-342,-322,-301,-286,-262,-237,-219,-192,-163,-144,-114,-83,-63,-32
14307112.752,11,44,67,100,132,154,185,215,235,263,290,307,331,354,367,386
14308782.096,403,414,427,438,444,451,455,457,457,455,453,446,438,431,418,403
14310451.440,392,374,354,339,315,290,272,245,215,195,164,132,111,78,44,22
14312120.784,-12,-45,-68,-101,-133,-155,-186,-216,-246,-264,-291,-316,-332,-355,-375,-387
14313790.128,-404,-419,-428,-439,-447,-452,-456,-458,-458,-456,-452,-447,-439,-428,-419,-404
14315459.472,-387,-375,-355,-332,-316,-291,-264,-246,-216,-186,-165,-133,-101,-79,-45,-12
14317128.816,11,44,78,100,132,164,185,215,245,263,290,315,331,354,374,386
14318798.160,403,418,427,438,446,451,455,457,457,455,451,446,438,427,418,403
14320467.504,386,374,354,331,315,290,263,235,215,185,154,132,100,67,44,11
14322136.848,-23,-45,-79,-112,-133,-165,-196,-216,-246,-273,-291,-316,-340,-355,-375,-393
14323806.192,-404,-419,-432,-439,-447,-454,-456,-458,-458,-456,-452,-445,-439,-428,-415,-404
14325475.536,-387,-368,-355,-332,-308,-291,-264,-236,-216,-186,-155,-133,-101,-68,-45,-12
14357193.072,36,72,95,130,165,187,220,252,272,302,329,347,371,394,408,427
14358862.416,443,453,466,476,481,487,490,490,489,485,481,473,462,453,438,421
14360531.760,408,387,363,347,320,292,272,242,209,187,154,119,83,60,24,-13
14362201.104,-37,-73,-108,-131,-166,-199,-221,-253,-283,-303,-330,-356,-372,-395,-415,-428
14363870.448,-444,-459,-467,-477,-484,-488,-491,-491,-490,-486,-480,-474,-463,-449,-439,-422
14365539.792,-402,-388,-364,-339,-321,-293,-263,-243,-210,-177,-155,-120,-84,-61,-25,12
14367209.136,36,72,107,130,165,198,220,252,282,302,329,355,371,394,414,427
14368878.480,443,458,466,476,483,487,490,490,489,485,479,469,462,448,433,421
14370547.824,401,379,363,338,311,292,262,231,209,176,142,119,83,48,24,-13
14372217.168,-49,-73,-108,-143,-166,-199,-232,-253,-283,-312,-330,-356,-380,-395,-415,-434
14373886.512,-444,-459,-470,-477,-484,-489,-491,-491,-489,-486,-480,-470,-463,-449,-434,-422
14375555.856,-402,-380,-364,-339,-312,-293,-263,-232,-210,-177,-143,-120,-84,-49,-25,12
14405604.048,-421,-397,-371,-352,-323,-292,-270,-236,-201,-177,-140,-103,-77,-39,0,25
14407273.392,64,102,127,164,200,224,258,291,312,342,370,388,413,435,449,468
14408942.736,484,493,505,513,518,522,523,523,520,513,508,497,484,473,455,435
14410612.080,413,396,370,342,322,291,258,235,200,164,139,102,64,38,0,-39
14412281.424,-65,-103,-140,-165,-201,-236,-259,-292,-323,-343,-371,-397,-414,-436,-456,-469
14413950.768,-485,-498,-506,-514,-521,-523,-524,-523,-521,-514,-506,-498,-485,-469,-456,-436
14415620.112,-414,-397,-371,-343,-323,-292,-259,-236,-201,-165,-140,-103,-65,-39,0,38
14417289.456,64,102,139,164,200,235,258,291,322,342,370,396,413,435,455,473
14418958.800,484,497,508,513,520,523,523,522,518,513,505,493,484,468,449,435
14420628.144,413,388,370,342,312,291,258,224,200,164,127,102,64,25,0,-39
14422297.488,-77,-103,-140,-177,-201,-236,-270,-292,-323,-352,-371,-397,-421,-436,-456,-474
14423966.832,-485,-498,-509,-514,-521,-524,-524,-523,-519,-514,-506,-494,-485,-469,-450,-436
14457353.712,95,135,161,200,238,262,297,331,353,384,412,430,455,477,491,509
14459023.056,524,532,543,550,555,556,556,552,548,540,528,519,503,484,470,447
14460692.400,421,403,374,342,320,286,250,225,187,148,122,81,40,13,-28,-69
14462361.744,-96,-136,-175,-201,-239,-275,-298,-332,-364,-385,-413,-440,-456,-478,-498,-510
14464031.088,-525,-537,-544,-551,-556,-557,-557,-553,-549,-541,-529,-520,-504,-485,-471,-448
14465700.432,-422,-404,-375,-343,-321,-287,-251,-226,-188,-149,-123,-82,-41,-14,27,68
14467369.776,95,135,174,213,238,274,309,331,363,393,412,439,463,477,497,514
14469039.120,524,536,546,550,555,556,556,552,546,540,528,514,503,484,463,447
14470708.464,421,393,374,342,309,286,250,213,187,148,108,81,40,0,-28,-69
14472377.808,-109,-136,-175,-214,-239,-275,-310,-332,-364,-394,-413,-440,-464,-478,-498,-515
14474047.152,-525,-537,-547,-551,-556,-557,-557,-553,-547,-541,-529,-515,-504,-485,-464,-440
14475716.496,-422,-394,-364,-343,-310,-275,-251,-214,-175,-149,-109,-69,-41,0,40,68
14505764.688,-437,-407,-374,-351,-316,-278,-252,-212,-171,-144,-101,-58,-29,14,57,86
14507434.032,129,170,198,238,277,302,339,373,406,426,455,481,497,519,538,549
14509103.376,563,574,580,586,588,588,586,580,574,563,549,538,519,497,481,455
14510772.720,426,406,373,339,315,277,238,211,170,129,100,57,14,-15,-58,-101
14512442.064,-130,-171,-212,-239,-278,-316,-340,-374,-407,-427,-456,-482,-498,-520,-539,-550
14514111.408,-564,-575,-581,-587,-589,-589,-587,-581,-575,-564,-550,-539,-520,-498,-482,-456
14515780.752,-427,-407,-374,-340,-316,-278,-239,-199,-171,-130,-87,-58,-15,28,57,100
14517450.096,143,170,211,251,277,315,350,373,406,436,455,481,505,519,538,554
14519119.440,563,574,582,586,588,588,586,580,571,563,549,532,519,497,473,455
14520788.784,426,395,373,339,302,277,238,198,170,129,86,57,14,-29,-58,-101
14522458.128,-144,-171,-212,-252,-278,-316,-351,-374,-407,-437,-456,-482,-506,-520,-539,-555
14524127.472,-564,-575,-583,-588,-589,-589,-585,-581,-572,-560,-550,-533,-513,-498,-474,-446
14557514.352,165,209,252,279,319,358,382,417,450,470,499,525,541,562,580,590
14559183.696,603,612,617,621,621,620,615,606,599,585,568,555,533,508,490,460
14560853.040,428,406,370,332,306,265,223,195,151,106,76,30,-16,-46,-92,-137
14562522.384,-166,-210,-253,-280,-320,-359,-383,-418,-451,-471,-500,-526,-542,-563,-581,-591
14564191.728,-604,-613,-618,-622,-622,-621,-616,-607,-600,-586,-569,-549,-534,-509,-481,-461
14565861.072,-429,-395,-371,-333,-294,-266,-224,-181,-152,-107,-61,-31,15,60,91,136
14567530.416,180,209,252,293,319,358,394,417,450,480,499,525,548,562,580,595
14569199.760,603,612,618,621,621,618,615,606,595,585,568,548,533,508,480,460
14570869.104,428,394,370,332,293,265,223,180,151,106,60,30,-16,-61,-92,-137
14572538.448,-181,-210,-253,-294,-320,-359,-395,-429,-451,-481,-509,-526,-549,-569,-581,-596
14574207.792,-607,-613,-619,-622,-622,-619,-613,-607,-596,-581,-569,-549,-526,-509,-481,-451
14575877.136,-429,-395,-359,-333,-294,-253,-224,-181,-137,-107,-61,-16,15,60,106,136
14605925.328,-428,-403,-364,-323,-295,-251,-206,-175,-128,-81,-49,0,48,80,127,174
14607594.672,205,250,294,322,363,402,427,463,495,516,544,569,585,605,621,631
14609264.016,642,650,653,654,653,650,642,631,621,605,585,569,544,516,495,463
14610933.360,427,402,363,322,294,250,205,174,127,80,48,0,-49,-81,-128,-175
14612602.704,-206,-251,-295,-323,-364,-403,-428,-464,-496,-517,-545,-570,-586,-606,-622,-636
14614272.048,-643,-651,-655,-655,-654,-648,-643,-632,-617,-606,-586,-562,-545,-517,-486,-464
14615941.392,-428,-391,-364,-323,-281,-251,-206,-160,-128,-81,-33,0,48,96,127,174
14617610.736,220,250,294,336,363,402,439,463,495,526,544,569,592,605,621,635
14619280.080,642,650,654,654,653,647,642,631,616,605,585,561,544,516,485,463
14620949.424,427,390,363,322,280,250,205,159,127,80,32,-17,-49,-97,-144,-175
14622618.768,-221,-266,-295,-337,-378,-403,-440,-475,-496,-527,-554,-570,-593,-612,-622,-636
14624288.112,-646,-651,-655,-655,-654,-648,-640,-632,-617,-599,-586,-562,-536,-517,-486,-452
14657674.992,247,294,339,368,409,449,474,509,542,562,590,614,628,647,663,671
14659344.336,680,686,687,687,682,677,667,653,641,621,598,581,552,520,498,462
14661013.680,423,396,353,309,278,231,183,150,100,50,16,-34,-85,-118,-168,-216
14662683.024,-248,-295,-340,-383,-410,-450,-487,-510,-543,-573,-591,-615,-636,-648,-664,-675
14664352.368,-681,-687,-688,-688,-683,-675,-668,-654,-636,-622,-599,-573,-553,-521,-487,-463
14666021.712,-424,-383,-354,-310,-264,-232,-184,-135,-101,-51,0,33,84,134,167,215
14667691.056,263,294,339,382,409,449,486,509,542,572,590,614,635,647,663,674
14669360.400,680,686,687,687,682,674,667,653,635,621,598,572,552,520,486,449
14671029.744,423,382,339,309,263,215,183,134,84,50,0,-51,-85,-135,-184,-216
14672699.088,-264,-310,-340,-383,-424,-450,-487,-521,-543,-573,-599,-615,-636,-654,-664,-675
14674368.432,-683,-687,-688,-687,-683,-675,-664,-654,-636,-615,-599,-573,-543,-521,-487,-450
14676037.776,-424,-383,-340,-310,-264,-216,-184,-135,-85,-51,0,50,84,134,183,215
14706085.968,-415,-386,-340,-292,-260,-210,-158,-124,-71,-18,17,70,123,157,209,259
14707755.312,291,339,385,414,456,496,521,556,588,608,634,658,671,688,702,709
14709424.656,716,719,719,716,709,702,688,671,658,634,608,588,556,521,496,456
14711094.000,414,385,339,291,259,209,157,105,70,17,-36,-71,-124,-175,-210,-260
14712763.344,-308,-340,-386,-429,-457,-497,-534,-557,-589,-618,-635,-659,-678,-689,-703,-713
14714432.688,-717,-720,-720,-717,-710,-699,-689,-672,-651,-635,-609,-579,-557,-522,-484,-457
14716102.032,-415,-371,-340,-292,-243,-210,-158,-106,-71,-18,35,70,123,174,209,259
14717771.376,307,339,385,428,456,496,533,556,588,617,634,658,677,688,702,712
14719440.720,716,719,719,714,709,698,683,671,650,626,608,578,545,521,483,442
14721110.064,414,370,323,291,242,192,157,105,52,17,-36,-89,-124,-175,-226,-260
14722779.408,-308,-355,-386,-429,-471,-497,-534,-568,-589,-618,-644,-659,-678,-694,-703,-713
14724448.752,-719,-720,-720,-715,-710,-699,-684,-672,-651,-627,-609,-579,-546,-522,-484,-443
14757835.632,338,387,433,463,505,545,570,604,636,655,680,702,714,730,741,747
14759504.976,752,752,750,744,734,725,708,688,672,645,615,582,557,519,477,448
14761174.320,402,354,321,271,218,182,128,73,36,-19,-74,-111,-165,-219,-254,-306
14762843.664,-355,-388,-434,-478,-506,-546,-583,-605,-637,-665,-681,-703,-721,-731,-742,-750
14764513.008,-753,-753,-750,-745,-735,-721,-709,-689,-665,-646,-616,-583,-558,-520,-478,-449
14766182.352,-403,-355,-322,-272,-219,-183,-129,-74,-37,18,73,110,164,218,253,305
14767851.696,354,387,433,477,505,545,582,615,636,664,688,702,720,734,741,749
14769521.040,752,752,749,741,734,720,702,688,664,636,615,582,545,519,477,433
14771190.384,402,354,305,271,218,164,128,73,18,-19,-74,-129,-165,-219,-272,-306
14772859.728,-355,-403,-434,-478,-520,-546,-583,-616,-637,-665,-689,-703,-721,-735,-742,-750
14774529.072,-753,-753,-750,-742,-735,-721,-703,-689,-665,-637,-616,-583,-546,-520,-478,-434
14776198.416,-403,-355,-306,-272,-219,-165,-111,-74,-19,36,73,128,182,218,271,321
14806246.608,-388,-354,-301,-247,-210,-154,-97,-58,0,57,96,153,209,246,300,353
14807915.952,387,436,483,513,555,595,619,653,683,702,726,746,757,770,780,785
14809585.296,785,783,777,770,757,740,726,702,674,653,619,582,555,513,468,436
14811254.640,387,336,300,246,190,153,96,38,0,-58,-116,-154,-210,-265,-301,-354
14812923.984,-405,-437,-484,-528,-556,-596,-632,-654,-684,-711,-727,-747,-763,-771,-781,-786
14814593.328,-786,-784,-778,-771,-758,-741,-727,-703,-675,-654,-620,-583,-556,-514,-469,-437
14816262.672,-388,-337,-301,-247,-191,-154,-97,-39,0,57,115,172,209,264,318,353
14817932.016,404,452,483,527,569,595,631,664,683,710,733,746,762,774,780,785
14819601.360,785,783,777,766,757,740,718,702,674,642,619,582,541,513,468,420
14821270.704,387,336,282,246,190,134,96,38,-20,-58,-116,-173,-210,-265,-319,-354
14822940.048,-405,-453,-484,-528,-570,-596,-632,-665,-684,-711,-734,-747,-763,-775,-781,-786
14824609.392,-786,-784,-778,-767,-758,-741,-719,-703,-675,-643,-608,-583,-542,-499,-469,-421
14856326.928,-369,-332,-276,-219,-180,-121,-61,-21,40,100,140,199,256,294,350,403
14857996.272,438,487,534,579,606,645,680,702,731,756,771,789,803,810,816,818
14859665.616,818,812,803,794,777,756,740,712,680,657,620,579,549,503,454,421
14861334.960,368,313,275,218,159,120,60,0,-41,-101,-160,-200,-257,-314,-351,-404
14863004.304,-455,-488,-535,-580,-607,-646,-681,-703,-732,-757,-772,-790,-804,-811,-817,-819
14864673.648,-819,-813,-804,-795,-778,-757,-741,-713,-681,-658,-621,-580,-550,-504,-455,-404
14866342.992,-369,-314,-257,-219,-160,-101,-61,0,60,100,159,218,256,313,368,403
14868012.336,454,503,534,579,620,645,680,712,731,756,777,789,803,812,816,818
14869681.680,816,812,803,789,777,756,731,712,680,645,620,579,534,503,454,403
14871351.024,368,313,256,218,159,100,60,0,-61,-101,-160,-219,-257,-314,-369,-404
14873020.368,-455,-504,-535,-580,-621,-646,-681,-713,-732,-757,-778,-790,-804,-813,-819,-819
14874689.712,-817,-811,-804,-790,-772,-757,-732,-703,-681,-646,-607,-580,-535,-488,-455,-404
14906407.248,-345,-307,-248,-187,-146,-84,-21,41,83,145,206,247,306,363,401,455
14908076.592,506,539,586,630,657,695,729,750,777,801,814,830,841,846,850,849
14909745.936,846,838,825,814,793,769,750,718,683,657,616,571,539,490,437,401
14911415.280,344,286,247,186,124,83,20,-42,-84,-146,-207,-248,-307,-364,-402,-456
14913084.624,-507,-540,-587,-631,-658,-696,-730,-751,-778,-802,-815,-831,-842,-847,-851,-850
14914753.968,-847,-839,-826,-809,-794,-770,-741,-719,-684,-645,-617,-572,-524,-491,-438,-383
14916423.312,-345,-287,-227,-187,-125,-63,-21,41,104,145,206,266,306,363,419,455
14918092.656,506,555,586,630,670,695,729,760,777,801,820,830,841,848,850,849
14919762.000,844,838,825,808,793,769,740,718,683,644,616,571,523,490,437,382
14921431.344,344,286,226,186,124,62,20,-42,-105,-146,-207,-267,-307,-364,-420,-456
14923100.688,-507,-556,-602,-631,-671,-708,-730,-761,-787,-802,-821,-835,-842,-849,-851,-850
14924770.032,-845,-835,-826,-809,-787,-770,-741,-708,-684,-645,-602,-572,-524,-473,-438,-383
14956487.568,-319,-257,-215,-152,-87,-44,21,86,129,193,256,297,358,416,454,509
14958156.912,560,593,640,683,710,746,779,799,824,845,857,870,879,882,883,879
14959826.256,874,862,845,832,808,779,758,722,683,654,609,560,526,472,416,377
14961495.600,318,256,214,151,86,43,-22,-87,-130,-194,-257,-298,-359,-417,-455,-510
14963164.944,-561,-594,-641,-684,-711,-747,-780,-809,-825,-846,-863,-871,-880,-884,-884,-880
14964834.288,-871,-863,-846,-825,-809,-780,-747,-723,-684,-641,-610,-561,-510,-473,-417,-359
14966503.632,-319,-257,-194,-152,-87,-22,21,86,151,193,256,318,358,416,472,509
14968172.976,560,609,640,683,722,746,779,808,824,845,862,870,879,883,883,879
14969842.320,870,862,845,824,808,779,746,722,683,640,609,560,509,472,416,358
14971511.664,318,256,193,151,86,21,-44,-87,-152,-215,-257,-319,-378,-417,-473,-527
14973181.008,-561,-610,-655,-684,-723,-759,-780,-809,-833,-846,-863,-875,-880,-884,-883,-880
14974850.352,-871,-858,-846,-825,-800,-780,-747,-711,-684,-641,-594,-561,-510,-455,-417,-359
15006567.888,-288,-223,-179,-113,-45,0,67,134,178,244,308,350,412,471,509,564
15008237.232,615,648,694,736,762,797,828,847,870,889,899,910,915,916,914,907
15009906.576,899,883,863,847,819,786,762,722,679,648,598,546,509,451,392,350
15011575.920,287,222,178,112,44,0,-68,-135,-179,-245,-309,-372,-413,-472,-529,-565
15013245.264,-616,-665,-695,-737,-775,-798,-829,-856,-871,-890,-904,-911,-916,-917,-915,-908
15014914.608,-895,-884,-864,-839,-820,-787,-750,-723,-680,-633,-599,-547,-491,-452,-393,-331
15016583.952,-288,-223,-157,-113,-45,22,67,134,200,244,308,371,412,471,528,564
15018253.296,615,664,694,736,774,797,828,855,870,889,903,910,915,916,914,907
15019922.640,894,883,863,838,819,786,749,722,679,632,581,546,490,432,392,330
15021591.984,266,222,156,89,44,-23,-90,-135,-201,-267,-309,-372,-433,-472,-529,-582
15023261.328,-616,-665,-709,-737,-775,-809,-829,-856,-878,-890,-904,-913,-916,-917,-913,-908
15024930.672,-895,-878,-864,-839,-809,-787,-750,-709,-680,-633,-582,-547,-491,-433,-393,-331
15056648.208,-254,-186,-140,-70,0,46,116,185,230,297,363,406,468,527,565,620
15058317.552,671,703,748,789,814,848,877,894,915,931,939,947,949,948,942,931
15059986.896,921,902,877,858,826,789,763,719,671,637,584,527,488,427,363,297
15061656.240,253,185,116,69,0,-70,-117,-186,-254,-298,-364,-428,-469,-528,-585,-621
15063325.584,-672,-720,-749,-790,-827,-849,-878,-903,-916,-932,-943,-948,-950,-948,-943,-932
15064994.928,-916,-903,-878,-849,-827,-790,-749,-720,-672,-621,-585,-528,-469,-428,-364,-298
15066664.272,-254,-186,-117,-70,0,69,116,185,253,297,363,427,468,527,584,620
15068333.616,671,719,748,789,826,848,877,902,915,931,942,947,949,947,939,931
15070002.960,915,894,877,848,814,789,748,703,671,620,565,527,468,406,363,297
15071672.304,230,185,116,46,0,-70,-140,-186,-254,-321,-364,-428,-489,-528,-585,-638
15073341.648,-672,-720,-764,-790,-827,-859,-878,-903,-922,-932,-943,-949,-950,-948,-940,-932
15075010.992,-916,-895,-878,-849,-815,-790,-749,-704,-672,-621,-566,-528,-469,-407,-364,-298
15105059.184,-940,-917,-888,-867,-830,-789,-760,-712,-660,-623,-566,-505,-463,-398,-331,-286
15106728.528,-216,-145,-97,-25,48,96,167,238,285,353,419,462,525,584,622,677
15108397.872,727,759,802,842,866,897,924,939,958,971,977,981,980,977,967,952
15110067.216,939,916,887,854,829,788,743,711,659,604,565,504,441,397,330,261
15111736.560,215,144,72,24,-49,-121,-168,-239,-309,-354,-420,-485,-526,-585,-642,-678
15113405.904,-728,-775,-803,-843,-878,-898,-925,-947,-959,-972,-980,-982,-981,-975,-968,-953
15115075.248,-933,-917,-888,-855,-830,-789,-744,-712,-660,-605,-566,-505,-442,-398,-331,-262
15116744.592,-216,-145,-73,-25,48,120,167,238,308,353,419,484,525,584,641,677
15118413.936,727,774,816,842,877,907,924,946,963,971,979,981,980,974,963,952
15120083.280,932,907,887,854,816,788,743,694,659,604,545,504,441,375,330,261
15121752.624,191,144,72,0,-49,-121,-192,-239,-309,-376,-420,-485,-546,-585,-642,-695
15123421.968,-728,-775,-817,-843,-878,-908,-925,-947,-964,-972,-980,-982,-981,-975,-964,-953
15156808.848,-174,-100,-50,24,99,148,222,294,341,411,478,521,584,643,681,735
15158478.192,784,815,857,895,917,946,971,990,1000,1010,1014,1014,1010,1000,990,971
15160147.536,946,927,895,857,829,784,735,699,643,584,542,478,411,365,294,222
15161816.880,173,99,24,-25,-100,-174,-223,-295,-366,-412,-479,-543,-585,-644,-700,-736
15163486.224,-785,-830,-858,-896,-928,-947,-972,-991,-1001,-1011,-1015,-1015,-1011,-1001,-991,-972
15165155.568,-947,-928,-896,-858,-830,-785,-736,-700,-644,-585,-543,-479,-412,-366,-295,-223
15166824.912,-174,-100,-25,24,99,173,246,294,365,433,478,542,604,643,699,752
15168494.256,784,829,870,895,927,955,971,990,1003,1010,1014,1013,1010,1000,984,971
15170163.600,946,917,895,857,815,784,735,681,643,584,521,478,411,341,294,222
15171832.944,148,99,24,-50,-100,-174,-247,-295,-366,-434,-479,-543,-605,-644,-700,-753
15173502.288,-785,-830,-871,-896,-928,-956,-972,-991,-1004,-1011,-1015,-1014,-1011,-1001,-985,-972
15175171.632,-947,-918,-896,-858,-816,-769,-736,-682,-625,-585,-522,-457,-412,-342,-271,-223
15205219.824,-969,-937,-899,-872,-827,-777,-742,-685,-625,-583,-517,-449,-402,-329,-255,-205
15206889.168,-129,-52,0,77,153,204,279,353,401,471,538,603,644,703,758,793
15208558.512,841,885,911,947,977,995,1016,1032,1040,1046,1047,1045,1036,1022,1010,986
15210227.856,958,936,898,856,826,776,722,684,624,560,516,448,377,328,254,179
15211897.200,128,51,-26,-78,-154,-230,-280,-354,-425,-472,-539,-604,-645,-704,-759,-794
15213566.544,-842,-886,-912,-948,-978,-996,-1017,-1033,-1041,-1047,-1048,-1046,-1037,-1023,-1011,-987
15215235.888,-959,-937,-899,-857,-827,-777,-723,-685,-625,-561,-495,-449,-378,-305,-255,-180
15216905.232,-103,-52,25,102,153,229,304,353,424,494,538,603,664,703,758,810
15218574.576,841,885,924,947,977,1002,1016,1032,1042,1046,1047,1042,1036,1022,1002,986
15220243.920,958,924,898,856,810,776,722,664,624,560,494,448,377,304,254,179
15221913.264,102,51,-26,-103,-154,-230,-305,-354,-425,-495,-539,-604,-665,-704,-759,-811
15223582.608,-842,-886,-925,-948,-978,-1003,-1017,-1033,-1043,-1048,-1048,-1043,-1033,-1023,-1003,-978
15256969.488,-80,0,79,132,210,288,339,413,486,532,600,665,706,764,818,852
15258638.832,898,940,965,998,1026,1041,1060,1072,1078,1080,1078,1072,1060,1041,1026,998
15260308.176,965,940,898,852,818,764,706,665,600,532,486,413,339,288,210,132
15261977.520,79,0,-80,-133,-211,-289,-340,-414,-487,-533,-601,-666,-707,-765,-819,-853
15263646.864,-899,-941,-966,-999,-1027,-1042,-1061,-1073,-1079,-1081,-1079,-1073,-1061,-1042,-1018,-999
15265316.208,-966,-928,-899,-853,-801,-765,-707,-644,-601,-533,-463,-414,-340,-263,-211,-133
15266985.552,-54,0,79,158,210,288,364,413,486,555,600,665,725,764,818,868
15268654.896,898,940,977,998,1026,1048,1060,1072,1079,1080,1078,1069,1060,1041,1017,998
15270324.240,965,927,898,852,800,764,706,643,600,532,462,413,339,262,210,132
15271993.584,53,0,-80,-159,-211,-289,-365,-414,-487,-556,-601,-666,-726,-783,-819,-869
15273662.928,-914,-941,-978,-1009,-1027,-1049,-1066,-1073,-1080,-1081,-1079,-1070,-1055,-1042,-1018,-989
15275332.272,-966,-928,-884,-853,-801,-746,-707,-644,-579,-533,-463,-390,-340,-263,-185,-133
15305380.464,-983,-942,-895,-844,-807,-749,-686,-642,-573,-501,-452,-376,-298,-245,-164,-82
15307049.808,-28,54,136,190,270,349,400,476,549,595,663,727,768,825,878,910
15308719.152,955,995,1018,1048,1073,1086,1101,1110,1113,1112,1105,1097,1080,1057,1039,1007
15310388.496,969,941,894,843,806,748,685,641,572,500,451,375,297,244,163,81
15312057.840,27,-55,-137,-191,-271,-350,-401,-477,-550,-596,-664,-728,-769,-826,-879,-911
15313727.184,-956,-996,-1030,-1049,-1074,-1093,-1102,-1111,-1114,-1113,-1106,-1093,-1081,-1058,-1030,-1008
15315396.528,-970,-927,-895,-844,-788,-749,-686,-619,-573,-501,-427,-376,-298,-218,-164,-82
15317065.872,0,54,136,217,270,349,426,476,549,618,663,727,787,825,878,926
15318735.216,955,995,1029,1048,1073,1092,1101,1110,1113,1112,1105,1092,1080,1057,1029,1007
15320404.560,969,926,894,843,787,748,685,618,572,500,426,375,297,217,163,81
15322073.904,0,-82,-137,-218,-298,-350,-427,-501,-550,-619,-686,-728,-788,-844,-879,-927
15323743.248,-970,-996,-1030,-1058,-1074,-1093,-1106,-1111,-1114,-1111,-1106,-1093,-1074,-1058,-1030,-996
15357130.128,28,112,195,251,332,412,464,540,613,659,726,790,829,885,936,968
15358799.472,1010,1047,1069,1096,1118,1129,1140,1145,1145,1140,1129,1118,1096,1069,1047,1010
15360468.816,968,936,885,829,790,726,659,613,540,464,412,332,251,195,112,28
15362138.160,-29,-113,-196,-252,-333,-413,-490,-541,-614,-683,-727,-791,-850,-886,-937,-983
15363807.504,-1011,-1048,-1079,-1097,-1119,-1134,-1141,-1146,-1145,-1141,-1130,-1112,-1097,-1070,-1036,-1011
15365476.848,-969,-921,-886,-830,-770,-727,-660,-590,-541,-465,-387,-333,-252,-169,-113,-29
15367146.192,56,112,195,278,332,412,489,540,613,682,726,790,849,885,936,982
15368815.536,1010,1047,1078,1096,1118,1133,1140,1145,1144,1140,1129,1111,1096,1069,1035,1010
15370484.880,968,920,885,829,769,705,659,589,515,464,386,305,251,168,84,28
15372154.224,-57,-141,-196,-279,-360,-413,-490,-565,-614,-683,-749,-791,-850,-904,-937,-983
15373823.568,-1024,-1048,-1079,-1105,-1119,-1134,-1143,-1146,-1145,-1138,-1130,-1112,-1089,-1070,-1036,-998
15375492.912,-969,-921,-868,-830,-770,-706,-660,-590,-516,-465,-387,-306,-252,-169,-85,-29
15405541.104,-964,-930,-874,-813,-771,-703,-631,-582,-505,-425,-370,-287,-202,-145,-58,28
15407210.448,86,172,258,314,397,477,530,606,678,725,791,853,892,946,996,1025
15408879.792,1065,1099,1119,1143,1161,1170,1177,1178,1175,1166,1150,1136,1110,1077,1053,1011
15410549.136,963,929,873,812,770,702,630,581,504,424,342,286,201,115,57,-29
15412218.480,-116,-173,-259,-343,-398,-478,-556,-607,-679,-748,-792,-854,-912,-947,-997,-1040
15413887.824,-1066,-1100,-1129,-1144,-1162,-1174,-1178,-1179,-1174,-1167,-1151,-1129,-1111,-1078,-1040,-1012
15415557.168,-964,-912,-874,-813,-748,-703,-631,-556,-505,-425,-343,-287,-202,-116,-58,28
15417226.512,115,172,258,342,397,477,555,606,678,747,791,853,911,946,996,1039
15418895.856,1065,1099,1128,1143,1161,1173,1177,1178,1173,1161,1150,1128,1099,1077,1039,996
15420565.200,963,911,853,812,747,678,630,555,477,424,342,258,201,115,28,-29
15422234.544,-116,-202,-259,-343,-425,-478,-556,-631,-679,-748,-813,-854,-912,-964,-997,-1040
15423903.888,-1078,-1100,-1129,-1151,-1162,-1174,-1179,-1179,-1174,-1162,-1151,-1129,-1100,-1078,-1040,-997
15457290.768,148,236,323,380,463,544,597,673,745,791,856,917,955,1007,1054,1082
15458960.112,1119,1150,1168,1188,1202,1208,1211,1208,1202,1188,1168,1150,1119,1082,1039,1007
15460629.456,955,898,856,791,721,673,597,518,463,380,294,236,148,59,0,-90
15462298.800,-178,-237,-324,-409,-464,-545,-624,-674,-746,-814,-857,-918,-974,-1008,-1055,-1096
15463968.144,-1120,-1151,-1176,-1189,-1203,-1211,-1212,-1209,-1199,-1189,-1169,-1142,-1120,-1083,-1040,-1008
15465637.488,-956,-899,-857,-792,-722,-674,-598,-519,-464,-381,-295,-237,-149,-60,0,89
15467306.832,177,236,323,408,463,544,623,673,745,813,856,917,973,1023,1054,1095
15468976.176,1130,1150,1175,1194,1202,1210,1211,1208,1198,1182,1168,1141,1107,1082,1039,990
15470645.520,955,898,835,791,721,648,597,518,436,380,294,207,148,59,-30,-90
15472314.864,-178,-266,-324,-409,-492,-545,-624,-698,-746,-814,-878,-918,-974,-1024,-1055,-1096
15473984.208,-1131,-1151,-1176,-1195,-1203,-1211,-1212,-1209,-1199,-1183,-1169,-1142,-1108,-1083,-1040,-991
15475653.552,-956,-899,-836,-792,-722,-649,-598,-519,-437,-352,-295,-208,-119,-60,29,118
15505701.744,-943,-902,-837,-766,-717,-641,-560,-505,-420,-333,-273,-183,-92,-31,61,152
15507371.088,212,302,390,448,532,613,666,741,813,858,922,981,1017,1067,1112,1138
15509040.432,1172,1199,1221,1231,1241,1244,1243,1235,1221,1207,1182,1150,1125,1083,1035,999
15510709.776,942,880,836,765,691,640,559,476,419,332,242,182,91,0,-62,-153
15512379.120,-243,-303,-391,-477,-533,-614,-692,-742,-814,-881,-923,-982,-1036,-1068,-1113,-1151
15514048.464,-1173,-1200,-1222,-1232,-1242,-1245,-1244,-1236,-1222,-1208,-1183,-1151,-1126,-1084,-1036,-1000
15515717.808,-943,-881,-837,-766,-692,-641,-560,-477,-420,-333,-243,-183,-92,0,61,152
15517387.152,242,332,390,476,559,613,691,765,813,880,942,981,1035,1083,1112,1150
15519056.496,1182,1199,1221,1235,1241,1244,1241,1235,1221,1199,1182,1150,1112,1083,1035,981
15520725.840,942,880,813,765,691,613,559,476,390,332,242,152,91,0,-92,-153
15522395.184,-243,-333,-391,-477,-560,-614,-692,-766,-814,-881,-943,-982,-1036,-1084,-1113,-1151
15524064.528,-1183,-1200,-1222,-1236,-1242,-1245,-1242,-1236,-1222,-1200,-1183,-1151,-1113,-1068,-1036,-982
15557451.408,279,370,459,517,601,683,760,810,880,946,987,1044,1095,1126,1167,1202
15559120.752,1221,1245,1263,1270,1276,1275,1270,1258,1238,1221,1191,1154,1126,1078,1025,987
15560790.096,924,857,810,735,656,601,517,430,370,279,187,125,31,-63,-126,-219
15562459.440,-311,-371,-460,-546,-602,-684,-761,-811,-881,-947,-988,-1045,-1096,-1127,-1168,-1203
15564128.784,-1222,-1246,-1264,-1271,-1277,-1276,-1271,-1259,-1239,-1222,-1192,-1155,-1127,-1079,-1026,-988
15565798.128,-925,-858,-811,-736,-657,-575,-518,-431,-341,-280,-188,-94,-32,62,156,218
15567467.472,310,400,459,545,629,683,760,834,880,946,1006,1044,1095,1140,1167,1202
15569136.816,1230,1245,1263,1273,1276,1275,1267,1258,1238,1212,1191,1154,1111,1078,1025,966
15570806.160,924,857,785,735,656,574,517,430,340,279,187,93,31,-63,-157,-219
15572475.504,-311,-401,-460,-546,-630,-684,-761,-835,-881,-947,-1007,-1045,-1096,-1141,-1168,-1203
15574144.848,-1231,-1253,-1264,-1274,-1277,-1276,-1268,-1253,-1239,-1213,-1180,-1155,-1112,-1062,-1026,-967
15575814.192,-903,-858,-786,-710,-657,-575,-489,-431,-341,-250,-188,-94,0,62,156,249
15605862.384,-904,-856,-781,-701,-646,-561,-472,-411,-319,-224,-129,-65,32,128,192,287
15607531.728,380,441,530,617,673,754,831,879,948,1012,1052,1106,1155,1184,1222,1253
15609201.072,1270,1290,1303,1308,1309,1303,1295,1278,1253,1233,1197,1155,1123,1071,1012,970
15610870.416,903,831,780,700,617,560,471,380,318,223,128,64,-33,-129,-193,-288
15612539.760,-381,-442,-531,-618,-674,-755,-832,-880,-949,-1013,-1053,-1107,-1156,-1185,-1223,-1254
15614209.104,-1271,-1291,-1304,-1309,-1310,-1304,-1296,-1279,-1254,-1223,-1198,-1156,-1107,-1072,-1013,-949
15615878.448,-904,-832,-755,-701,-618,-531,-472,-381,-288,-224,-129,-33,32,128,223,287
15617547.792,380,471,530,617,700,754,831,903,948,1012,1071,1106,1155,1197,1222,1253
15619217.136,1278,1290,1303,1309,1309,1303,1290,1278,1253,1222,1197,1155,1106,1071,1012,948
15620886.480,903,831,754,700,617,530,471,380,287,223,128,32,-33,-129,-224,-288
15622555.824,-381,-472,-531,-618,-701,-781,-832,-904,-971,-1013,-1072,-1124,-1156,-1198,-1234,-1254
15624225.168,-1279,-1296,-1304,-1310,-1309,-1304,-1291,-1271,-1254,-1223,-1185,-1156,-1107,-1053,-1013,-949
15655942.704,-878,-800,-747,-662,-575,-514,-422,-327,-263,-165,-66,0,98,197,262,358
15657612.048,452,513,603,690,746,826,901,949,1016,1078,1116,1168,1214,1240,1275,1302
15659281.392,1317,1332,1341,1342,1339,1328,1317,1294,1264,1240,1199,1151,1116,1058,995,949
15660950.736,877,799,746,661,574,513,421,326,262,164,65,0,-99,-198,-263,-359
15662620.080,-453,-514,-604,-691,-747,-827,-902,-950,-1017,-1079,-1117,-1169,-1215,-1253,-1276,-1303
15664289.424,-1324,-1333,-1342,-1343,-1340,-1329,-1311,-1295,-1265,-1228,-1200,-1152,-1098,-1059,-996,-927
15665958.768,-878,-800,-719,-662,-575,-484,-422,-327,-230,-165,-66,32,98,197,294,358
15667628.112,452,544,603,690,773,826,901,972,1016,1078,1134,1168,1214,1252,1275,1302
15669297.456,1323,1332,1341,1342,1339,1328,1310,1294,1264,1227,1199,1151,1097,1058,995,926
15670966.800,877,799,718,661,574,483,421,326,229,131,65,-33,-132,-198,-295,-390
15672636.144,-453,-545,-634,-691,-774,-852,-902,-973,-1039,-1079,-1135,-1185,-1215,-1253,-1286,-1303
15674305.488,-1324,-1337,-1342,-1343,-1337,-1329,-1311,-1286,-1265,-1228,-1185,-1152,-1098,-1039,-996,-927
15706023.024,-847,-765,-708,-619,-527,-464,-367,-269,-202,-102,0,67,168,268,334,431
15707692.368,526,588,678,764,819,898,972,1019,1084,1144,1180,1229,1271,1295,1326,1349
15709361.712,1361,1372,1375,1374,1365,1349,1334,1306,1271,1243,1197,1144,1105,1041,972,924
15711031.056,846,764,707,618,526,463,366,268,201,101,0,-68,-169,-269,-335,-432
15712700.400,-527,-619,-679,-765,-847,-899,-973,-1042,-1085,-1145,-1198,-1230,-1272,-1307,-1327,-1350
15714369.744,-1366,-1373,-1376,-1373,-1366,-1350,-1327,-1307,-1272,-1230,-1198,-1145,-1085,-1042,-973,-899
15716039.088,-847,-765,-679,-619,-527,-432,-367,-269,-169,-102,0,101,168,268,366,431
15717708.432,526,618,678,764,846,898,972,1041,1084,1144,1197,1229,1271,1306,1326,1349
15719377.776,1365,1372,1375,1372,1365,1349,1326,1306,1271,1229,1197,1144,1084,1019,972,898
15721047.120,819,764,678,588,526,431,334,268,168,67,0,-102,-202,-269,-367,-464
15722716.464,-527,-619,-708,-765,-847,-925,-973,-1042,-1106,-1145,-1198,-1244,-1272,-1307,-1335,-1350
15724385.808,-1366,-1375,-1376,-1373,-1362,-1350,-1327,-1296,-1272,-1230,-1181,-1145,-1085,-1020,-973,-899
15756103.344,-811,-724,-664,-571,-475,-409,-309,-207,-139,-35,69,138,240,342,408,506
15757772.688,601,663,753,838,893,970,1043,1088,1151,1207,1241,1287,1325,1347,1373,1392
15759442.032,1401,1407,1406,1401,1387,1365,1347,1313,1272,1241,1189,1130,1088,1019,945,893
15761111.376,810,723,663,570,474,375,308,206,103,34,-70,-173,-241,-343,-442,-507
15762780.720,-602,-694,-754,-839,-920,-971,-1044,-1110,-1152,-1208,-1258,-1288,-1326,-1357,-1374,-1393
15764450.064,-1405,-1408,-1407,-1398,-1388,-1366,-1337,-1314,-1273,-1226,-1190,-1131,-1067,-1020,-946,-867
15766119.408,-811,-724,-634,-571,-475,-376,-309,-207,-104,-35,69,172,240,342,441,506
15767788.752,601,693,753,838,919,970,1043,1109,1151,1207,1257,1287,1325,1356,1373,1392
15769458.096,1404,1407,1406,1397,1380,1365,1336,1300,1272,1225,1170,1130,1066,995,945,866
15771127.440,782,723,633,538,474,375,274,206,103,0,-70,-173,-275,-343,-442,-539
15772796.784,-602,-694,-783,-839,-920,-996,-1044,-1110,-1171,-1208,-1258,-1301,-1326,-1357,-1381,-1393
15774466.128,-1405,-1408,-1407,-1398,-1381,-1366,-1337,-1301,-1273,-1226,-1171,-1131,-1067,-996,-946,-867
15804514.320,-1440,-1441,-1435,-1426,-1406,-1379,-1357,-1318,-1271,-1236,-1179,-1114,-1068,-994,-915,-859
15806183.664,-771,-680,-617,-519,-419,-351,-247,-142,-71,35,141,211,315,418,485,583
15807853.008,679,740,829,914,967,1043,1113,1157,1217,1270,1302,1344,1378,1397,1419,1434
15809522.352,1439,1440,1434,1425,1405,1378,1356,1317,1270,1217,1178,1113,1043,993,914,829
15811191.696,770,679,583,518,418,315,246,141,35,-36,-142,-247,-316,-419,-519,-584
15812861.040,-680,-771,-830,-915,-994,-1044,-1114,-1179,-1218,-1271,-1318,-1345,-1379,-1406,-1420,-1435
15814530.384,-1441,-1441,-1435,-1420,-1406,-1379,-1345,-1318,-1271,-1218,-1179,-1114,-1044,-994,-915,-830
15816199.728,-771,-680,-584,-519,-419,-316,-247,-142,-36,35,141,246,315,418,518,583
15817869.072,679,770,829,914,993,1067,1113,1178,1235,1270,1317,1356,1378,1405,1425,1434
15819538.416,1440,1439,1434,1419,1397,1378,1344,1302,1270,1217,1157,1113,1043,967,914,829
15821207.760,740,679,583,485,418,315,211,141,35,-71,-142,-247,-351,-419,-519,-617
15822877.104,-680,-771,-859,-915,-994,-1068,-1114,-1179,-1236,-1271,-1318,-1357,-1379,-1406,-1426,-1435
15856263.984,-727,-631,-565,-463,-359,-288,-181,-73,0,108,216,287,393,496,564,662
15857933.328,757,818,906,989,1042,1116,1183,1225,1282,1332,1361,1399,1429,1452,1462,1472
15859602.672,1473,1469,1457,1438,1420,1387,1347,1316,1264,1205,1161,1092,1016,962,878,788
15861272.016,726,630,530,462,358,251,180,72,-37,-109,-217,-323,-394,-497,-598,-663
15862941.360,-758,-849,-907,-990,-1068,-1117,-1184,-1246,-1283,-1333,-1376,-1400,-1430,-1453,-1463,-1473
15864610.704,-1474,-1470,-1458,-1439,-1421,-1388,-1348,-1317,-1265,-1206,-1162,-1093,-1017,-963,-879,-789
15866280.048,-727,-631,-531,-463,-359,-252,-181,-73,36,144,216,322,427,496,597,694
15867949.392,757,848,935,989,1067,1139,1183,1245,1299,1332,1375,1410,1429,1452,1466,1472
15869618.736,1473,1466,1457,1438,1410,1387,1347,1299,1264,1205,1139,1092,1016,935,878,788
15871288.080,694,630,530,427,358,251,144,72,-37,-145,-217,-323,-428,-497,-598,-695
15872957.424,-758,-849,-936,-990,-1068,-1140,-1184,-1246,-1300,-1333,-1376,-1411,-1430,-1453,-1467,-1473
15874626.768,-1474,-1467,-1458,-1439,-1411,-1388,-1348,-1300,-1246,-1206,-1140,-1068,-1017,-936,-849,-789
15904674.960,-1506,-1496,-1478,-1462,-1431,-1393,-1363,-1312,-1253,-1211,-1142,-1066,-1013,-928,-838,-775
15906344.304,-678,-577,-508,-402,-295,-222,-111,0,73,184,294,366,472,576,644,742
15908013.648,837,927,984,1065,1141,1188,1252,1311,1346,1392,1430,1452,1477,1495,1502,1506
15909682.992,1502,1495,1477,1452,1430,1392,1346,1311,1252,1188,1141,1065,984,927,837,742
15911352.336,677,576,472,401,294,184,110,0,-111,-185,-295,-402,-473,-577,-678,-743
15913021.680,-838,-928,-985,-1066,-1142,-1189,-1253,-1312,-1347,-1393,-1431,-1453,-1478,-1496,-1503,-1507
15914691.024,-1503,-1496,-1478,-1453,-1431,-1393,-1347,-1312,-1253,-1189,-1142,-1066,-985,-898,-838,-743
15916360.368,-645,-577,-473,-367,-295,-185,-74,0,110,221,294,401,507,576,677,774
15918029.712,837,927,1012,1065,1141,1210,1252,1311,1362,1392,1430,1461,1477,1495,1505,1506
15919699.056,1502,1490,1477,1452,1418,1392,1346,1292,1252,1188,1116,1065,984,897,837,742
15921368.400,644,576,472,366,294,184,73,0,-111,-222,-295,-402,-508,-577,-678,-775
15923037.744,-838,-928,-1013,-1066,-1142,-1211,-1253,-1312,-1363,-1393,-1431,-1462,-1485,-1496,-1506,-1507
15956424.624,-625,-519,-448,-338,-226,-114,-38,75,188,263,374,483,554,658,759,823
15958093.968,917,1005,1061,1141,1214,1259,1320,1375,1407,1449,1484,1502,1523,1535,1539,1538
15959763.312,1528,1517,1493,1462,1436,1392,1339,1301,1236,1166,1115,1034,947,886,791,692
15961432.656,624,518,410,337,225,113,37,-76,-189,-264,-375,-484,-555,-659,-760,-824
15963102.000,-918,-1006,-1062,-1142,-1215,-1260,-1321,-1376,-1408,-1450,-1485,-1503,-1524,-1536,-1540,-1539
15964771.344,-1529,-1511,-1494,-1463,-1423,-1393,-1340,-1281,-1237,-1167,-1089,-1035,-948,-856,-792,-693
15966440.688,-590,-519,-411,-301,-226,-114,0,75,188,300,374,483,589,658,759,855
15968110.032,917,1005,1088,1141,1214,1280,1320,1375,1422,1449,1484,1510,1523,1535,1539,1538
15969779.376,1528,1510,1493,1462,1422,1392,1339,1280,1236,1166,1088,1034,947,855,791,692
15971448.720,589,518,410,300,225,113,0,-76,-189,-301,-375,-484,-590,-659,-760,-856
15973118.064,-948,-1006,-1089,-1167,-1215,-1281,-1340,-1376,-1423,-1463,-1485,-1511,-1529,-1536,-1540,-1536
15974787.408,-1529,-1511,-1485,-1463,-1423,-1376,-1340,-1281,-1215,-1167,-1089,-1006,-948,-856,-760,-693
16004835.600,-1555,-1534,-1505,-1481,-1438,-1387,-1349,-1286,-1216,-1139,-1084,-998,-906,-841,-742,-638
16006504.944,-566,-457,-345,-269,-155,-39,38,154,268,344,456,565,637,741,840,905
16008174.288,997,1083,1138,1215,1285,1328,1386,1437,1466,1504,1533,1548,1564,1571,1571,1564
16009843.632,1548,1533,1504,1466,1437,1386,1328,1285,1215,1138,1083,997,905,840,741,637
16011512.976,565,456,344,268,154,38,-39,-155,-269,-345,-457,-566,-638,-742,-841,-906
16013182.320,-998,-1084,-1139,-1216,-1286,-1349,-1387,-1438,-1481,-1505,-1534,-1555,-1565,-1572,-1571,-1565
16014851.664,-1549,-1525,-1505,-1467,-1422,-1387,-1329,-1263,-1216,-1139,-1056,-998,-906,-809,-742,-638
16016521.008,-530,-457,-345,-231,-155,-39,77,154,268,381,456,565,672,741,840,936
16018190.352,997,1083,1164,1215,1285,1348,1386,1437,1480,1504,1533,1554,1564,1571,1570,1564
16019859.696,1548,1524,1504,1466,1421,1386,1328,1262,1215,1138,1055,997,905,808,741,637
16021529.040,529,456,344,230,115,38,-78,-193,-269,-382,-494,-566,-673,-775,-841,-937
16023198.384,-1027,-1084,-1165,-1240,-1286,-1349,-1405,-1438,-1481,-1516,-1534,-1555,-1568,-1572,-1571,-1561
16056585.264,-504,-390,-275,-197,-79,39,118,235,351,428,540,650,721,825,924,987
16058254.608,1077,1162,1215,1289,1355,1396,1450,1497,1523,1556,1581,1592,1603,1604,1600,1587
16059923.952,1565,1546,1511,1467,1433,1376,1312,1265,1189,1106,1048,956,858,791,686,577
16061593.296,503,389,274,196,78,-40,-119,-236,-352,-466,-541,-651,-757,-826,-925,-1019
16063262.640,-1078,-1163,-1241,-1290,-1356,-1416,-1451,-1498,-1536,-1557,-1582,-1598,-1604,-1605,-1598,-1588
16064931.984,-1566,-1536,-1512,-1468,-1416,-1377,-1313,-1241,-1190,-1107,-1019,-957,-859,-757,-687,-578
16066601.328,-466,-390,-275,-158,-79,39,157,235,351,465,540,650,756,825,924,1018
16068270.672,1077,1162,1240,1289,1355,1415,1450,1497,1535,1556,1581,1597,1603,1604,1597,1587
16069940.016,1565,1535,1511,1467,1415,1376,1312,1240,1162,1106,1018,924,858,756,650,577
16071609.360,465,351,274,157,39,-40,-158,-275,-352,-466,-578,-651,-757,-859,-925,-1019
16073278.704,-1107,-1163,-1241,-1313,-1356,-1416,-1468,-1498,-1536,-1566,-1582,-1598,-1605,-1605,-1598,-1582
16074948.048,-1566,-1536,-1498,-1468,-1416,-1356,-1313,-1241,-1163,-1107,-1019,-925,-859,-757,-651,-578
16104996.240,-1579,-1556,-1514,-1464,-1426,-1362,-1292,-1241,-1159,-1070,-1008,-910,-808,-737,-627,-514
16106665.584,-437,-320,-201,-121,0,120,200,319,436,513,626,736,807,909,1007,1069
16108334.928,1158,1240,1291,1361,1425,1463,1513,1555,1578,1606,1625,1633,1637,1633,1625,1606
16110004.272,1578,1555,1513,1463,1425,1361,1291,1240,1158,1069,1007,909,807,700,626,513
16111673.616,398,319,200,80,0,-121,-241,-320,-437,-552,-627,-737,-843,-910,-1008,-1100
16113342.960,-1159,-1241,-1316,-1362,-1426,-1481,-1514,-1556,-1589,-1607,-1626,-1637,-1638,-1634,-1621,-1607
16115012.304,-1579,-1543,-1514,-1464,-1405,-1362,-1292,-1214,-1159,-1070,-976,-910,-808,-701,-627,-514
16116681.648,-399,-320,-201,-81,0,120,240,319,436,551,626,736,842,909,1007,1099
16118350.992,1158,1240,1315,1361,1425,1480,1513,1555,1588,1606,1625,1636,1637,1633,1620,1598
16120020.336,1578,1542,1497,1463,1404,1339,1291,1213,1129,1069,975,876,807,700,589,513
16121689.680,398,280,200,80,-41,-121,-241,-359,-437,-552,-664,-737,-843,-944,-1008,-1100
16123359.024,-1187,-1241,-1316,-1384,-1426,-1481,-1529,-1556,-1589,-1614,-1626,-1637,-1638,-1634,-1621,-1599
16156745.904,-367,-246,-123,-41,81,204,285,406,524,601,714,823,893,995,1091,1152
16158415.248,1238,1317,1366,1433,1492,1527,1573,1610,1630,1652,1666,1670,1668,1658,1646,1620
16160084.592,1586,1543,1510,1453,1389,1342,1265,1181,1122,1028,928,859,751,639,562,445
16161753.936,326,245,122,0,-82,-205,-327,-407,-525,-640,-715,-824,-929,-996,-1092,-1182
16163423.280,-1239,-1318,-1390,-1434,-1493,-1544,-1574,-1611,-1639,-1653,-1667,-1671,-1669,-1659,-1639,-1621
16165092.624,-1587,-1544,-1511,-1454,-1390,-1343,-1266,-1182,-1123,-1029,-929,-860,-752,-640,-563,-446
16166761.968,-327,-246,-123,0,81,204,326,406,524,639,714,823,928,995,1091,1181
16168431.312,1265,1317,1389,1453,1492,1543,1586,1610,1638,1658,1666,1670,1666,1658,1638,1610
16170100.656,1586,1543,1492,1453,1389,1317,1265,1181,1091,1028,928,823,751,639,524,445
16171770.000,326,204,122,0,-123,-205,-327,-446,-525,-640,-752,-824,-929,-1029,-1092,-1182
16173439.344,-1266,-1318,-1390,-1454,-1493,-1544,-1587,-1611,-1639,-1659,-1667,-1671,-1667,-1659,-1639,-1611
16175108.688,-1587,-1544,-1493,-1454,-1390,-1318,-1266,-1182,-1092,-1029,-929,-824,-752,-640,-525,-407
16206826.224,-292,-167,-42,41,166,291,373,494,612,690,802,911,980,1080,1174,1233
16208495.568,1316,1392,1438,1501,1556,1603,1629,1661,1684,1694,1702,1700,1694,1677,1651,1629
16210164.912,1588,1539,1501,1438,1367,1316,1233,1143,1080,980,875,802,690,573,494,373
16211834.256,249,166,41,-84,-167,-292,-414,-495,-613,-729,-803,-912,-1015,-1081,-1175,-1262
16213503.600,-1317,-1393,-1461,-1502,-1557,-1604,-1630,-1662,-1685,-1695,-1703,-1701,-1695,-1678,-1652,-1630
16215172.944,-1589,-1540,-1502,-1439,-1368,-1317,-1234,-1144,-1081,-981,-876,-803,-691,-574,-495,-374
16216842.288,-250,-167,-42,83,208,291,413,534,612,728,839,911,1014,1112,1174,1261
16218511.632,1342,1392,1460,1521,1556,1603,1641,1661,1684,1698,1702,1700,1690,1677,1651,1616
16220180.976,1588,1539,1481,1438,1367,1289,1233,1143,1047,980,875,765,690,573,454,373
16221850.320,249,125,41,-84,-209,-292,-414,-535,-613,-729,-840,-912,-1015,-1113,-1175,-1262
16223519.664,-1343,-1393,-1461,-1522,-1557,-1604,-1642,-1662,-1685,-1699,-1703,-1701,-1691,-1678,-1652,-1617
16225189.008,-1589,-1540,-1482,-1416,-1368,-1290,-1205,-1144,-1048,-947,-876,-766,-652,-574,-455,-333
16256906.544,-213,-86,42,127,254,380,462,584,703,818,892,999,1101,1165,1257,1341
16258575.888,1394,1466,1530,1569,1619,1661,1683,1710,1727,1733,1735,1727,1717,1693,1661,1634
16260245.232,1587,1530,1488,1419,1341,1286,1196,1101,1034,928,818,742,624,503,421,296
16261914.576,170,85,-43,-171,-255,-381,-504,-585,-704,-819,-893,-1000,-1102,-1166,-1258,-1342
16263583.920,-1395,-1467,-1531,-1570,-1620,-1662,-1684,-1711,-1728,-1734,-1736,-1728,-1718,-1694,-1662,-1635
16265253.264,-1588,-1531,-1489,-1420,-1342,-1287,-1197,-1102,-1000,-929,-819,-704,-625,-504,-381,-297
16266922.608,-171,-43,42,170,296,380,503,624,703,818,928,999,1101,1196,1257,1341
16268591.952,1419,1466,1530,1587,1619,1661,1693,1710,1727,1735,1735,1727,1710,1693,1661,1619
16270261.296,1587,1530,1466,1419,1341,1257,1196,1101,999,928,818,703,624,503,380,296
16271930.640,170,42,-43,-171,-297,-381,-504,-625,-704,-819,-929,-1000,-1102,-1197,-1258,-1342
16273599.984,-1420,-1467,-1531,-1588,-1620,-1662,-1694,-1718,-1728,-1736,-1734,-1728,-1711,-1684,-1662,-1620
16275269.328,-1570,-1531,-1467,-1395,-1342,-1258,-1166,-1102,-1000,-893,-819,-704,-585,-504,-381,-255
16306986.864,-87,0,130,259,345,471,595,676,795,909,982,1088,1187,1250,1339,1420
16308656.208,1470,1539,1599,1634,1679,1715,1734,1755,1766,1768,1764,1749,1734,1704,1665,1634
16310325.552,1580,1517,1470,1394,1310,1250,1155,1053,982,871,756,676,554,429,345,216
16311994.896,86,0,-131,-260,-346,-472,-596,-677,-796,-910,-983,-1089,-1188,-1251,-1340,-1421
16313664.240,-1471,-1540,-1600,-1635,-1680,-1716,-1735,-1756,-1767,-1769,-1765,-1750,-1726,-1705,-1666,-1618
16315333.584,-1581,-1518,-1447,-1395,-1311,-1220,-1156,-1054,-947,-872,-757,-637,-555,-430,-303,-217
16317002.928,-87,43,130,259,387,471,595,716,795,909,1018,1088,1187,1281,1339,1420
16318672.272,1494,1539,1599,1650,1679,1715,1742,1755,1766,1768,1764,1749,1725,1704,1665,1617
16320341.616,1580,1517,1446,1394,1310,1219,1155,1053,946,871,756,636,554,429,302,216
16322010.960,86,-44,-131,-260,-388,-472,-596,-717,-796,-910,-1019,-1123,-1188,-1282,-1368,-1421
16323680.304,-1495,-1561,-1600,-1651,-1693,-1716,-1743,-1761,-1767,-1769,-1761,-1750,-1726,-1693,-1666,-1618
16325349.648,-1561,-1518,-1447,-1368,-1311,-1220,-1123,-1054,-947,-834,-757,-637,-514,-430,-303,-174
16355397.840,-1568,-1499,-1448,-1365,-1275,-1211,-1109,-1002,-927,-811,-690,-608,-481,-352,-265,-133
16357067.184,0,88,220,351,437,565,689,770,888,1001,1073,1177,1274,1335,1420,1498
16358736.528,1545,1609,1664,1696,1736,1767,1782,1797,1801,1799,1788,1767,1747,1710,1664,1628
16360405.872,1567,1498,1447,1364,1274,1210,1108,1001,926,810,689,607,480,351,264,132
16362075.216,0,-89,-221,-352,-438,-566,-690,-771,-889,-1002,-1074,-1178,-1275,-1336,-1421,-1499
16363744.560,-1568,-1610,-1665,-1711,-1737,-1768,-1789,-1798,-1802,-1798,-1789,-1768,-1737,-1711,-1665,-1610
16365413.904,-1568,-1499,-1421,-1365,-1275,-1178,-1109,-1002,-889,-811,-690,-566,-481,-352,-221,-133
16367083.248,0,132,220,351,480,565,689,810,888,1001,1108,1177,1274,1364,1420,1498
16368752.592,1567,1609,1664,1710,1736,1767,1788,1797,1801,1797,1788,1767,1736,1710,1664,1609
16370421.936,1567,1498,1420,1364,1274,1177,1108,1001,888,810,689,565,480,351,220,88
16372091.280,0,-133,-265,-352,-481,-608,-690,-811,-927,-1002,-1109,-1211,-1275,-1365,-1448,-1499
16373760.624,-1568,-1629,-1665,-1711,-1748,-1768,-1789,-1800,-1802,-1798,-1783,-1768,-1737,-1697,-1665,-1610
16407147.504,89,179,313,445,532,660,784,864,981,1092,1163,1264,1358,1417,1499,1573
16408816.848,1617,1676,1726,1754,1789,1814,1825,1833,1831,1825,1806,1778,1754,1711,1657,1617
16410486.192,1549,1473,1417,1328,1231,1163,1056,942,864,743,617,532,401,269,179,44
16412155.536,-90,-180,-314,-446,-576,-661,-785,-904,-982,-1093,-1198,-1265,-1359,-1446,-1500,-1574
16413824.880,-1639,-1677,-1727,-1768,-1790,-1815,-1829,-1834,-1832,-1821,-1807,-1779,-1742,-1712,-1658,-1596
16415494.224,-1550,-1474,-1389,-1329,-1232,-1129,-1057,-943,-825,-744,-618,-490,-402,-270,-135,-45
16417163.568,89,224,313,445,575,660,784,903,981,1092,1197,1264,1358,1445,1499,1573
16418832.912,1638,1676,1726,1767,1789,1814,1828,1833,1831,1820,1806,1778,1741,1711,1657,1595
16420502.256,1549,1473,1388,1296,1231,1128,1018,942,824,701,617,489,357,269,134,0
16422171.600,-90,-225,-358,-446,-576,-702,-785,-904,-1019,-1093,-1198,-1297,-1359,-1446,-1525,-1574
16423840.944,-1639,-1695,-1727,-1768,-1799,-1815,-1829,-1834,-1832,-1821,-1799,-1779,-1742,-1695,-1658,-1596
16425510.288,-1525,-1474,-1389,-1297,-1232,-1129,-1019,-943,-825,-702,-618,-490,-358,-270,-135,0
16455558.480,-1527,-1444,-1384,-1288,-1185,-1113,-999,-881,-799,-672,-542,-454,-320,-184,-92,45
16457227.824,183,273,409,541,628,756,880,959,1075,1184,1253,1352,1443,1499,1577,1646
16458897.168,1687,1741,1786,1810,1839,1857,1864,1866,1857,1846,1821,1786,1757,1706,1646,1601
16460566.512,1526,1443,1383,1287,1184,1112,998,880,756,671,541,409,319,183,45,-46
16462235.856,-184,-320,-410,-542,-672,-757,-881,-999,-1076,-1185,-1288,-1353,-1444,-1527,-1578,-1647
16463905.200,-1707,-1742,-1787,-1822,-1840,-1858,-1867,-1867,-1858,-1840,-1822,-1787,-1742,-1707,-1647,-1578
16465574.544,-1527,-1444,-1353,-1288,-1185,-1076,-999,-881,-757,-672,-542,-410,-320,-184,-46,45
16467243.888,183,319,409,541,671,756,880,998,1075,1184,1287,1352,1443,1526,1577,1646
16468913.232,1706,1741,1786,1821,1839,1857,1866,1864,1857,1839,1810,1786,1741,1687,1646,1577
16470582.576,1499,1443,1352,1253,1184,1075,959,880,756,628,541,409,273,183,45,-92
16472251.920,-184,-320,-454,-542,-672,-799,-881,-999,-1113,-1185,-1288,-1384,-1444,-1527,-1602,-1647
16473921.264,-1707,-1758,-1787,-1822,-1847,-1858,-1867,-1865,-1858,-1840,-1811,-1787,-1742,-1688,-1647,-1578
16507308.144,278,370,506,640,727,854,976,1055,1168,1275,1343,1438,1526,1579,1653,1717
16508977.488,1755,1804,1843,1863,1885,1897,1899,1894,1879,1863,1831,1788,1736,1697,1629,1553
16510646.832,1497,1407,1310,1241,1131,1016,936,812,683,595,461,324,232,93,-47,-140
16512316.176,-279,-417,-507,-641,-770,-855,-977,-1095,-1169,-1276,-1377,-1439,-1527,-1606,-1654,-1718
16513985.520,-1773,-1805,-1844,-1872,-1886,-1898,-1900,-1895,-1880,-1854,-1832,-1789,-1737,-1698,-1630,-1554
16515654.864,-1498,-1408,-1311,-1242,-1132,-1017,-937,-813,-684,-596,-462,-325,-233,-94,46,139
16517324.208,278,416,506,640,769,854,976,1094,1168,1275,1376,1468,1526,1605,1675,1717
16518993.552,1772,1818,1843,1871,1890,1897,1899,1890,1879,1853,1818,1788,1736,1675,1629,1553
16520662.896,1468,1407,1310,1205,1131,1016,895,812,683,551,461,324,186,93,-47,-187
16522332.240,-279,-417,-552,-641,-770,-896,-977,-1095,-1206,-1276,-1377,-1469,-1527,-1606,-1676,-1718
16524001.584,-1773,-1819,-1844,-1872,-1891,-1898,-1900,-1891,-1880,-1854,-1819,-1789,-1737,-1676,-1630,-1554
16525670.928,-1469,-1408,-1311,-1206,-1132,-1017,-896,-770,-684,-552,-417,-325,-187,-47,46,186
16555719.120,-1464,-1367,-1299,-1190,-1074,-994,-870,-740,-652,-516,-378,-284,-143,0,94,236
16557388.464,377,469,606,739,826,952,1073,1151,1262,1366,1432,1523,1607,1657,1726,1785
16559057.808,1835,1862,1895,1918,1927,1932,1927,1918,1895,1862,1835,1785,1726,1681,1607,1523
16560727.152,1463,1366,1262,1189,1073,952,869,739,606,515,377,236,142,0,-143,-237
16562396.496,-378,-516,-607,-740,-870,-953,-1074,-1190,-1263,-1367,-1464,-1524,-1608,-1682,-1727,-1786
16564065.840,-1836,-1863,-1896,-1919,-1928,-1933,-1928,-1919,-1896,-1863,-1836,-1786,-1727,-1682,-1608,-1524
16565735.184,-1464,-1367,-1263,-1190,-1074,-953,-870,-740,-607,-516,-378,-237,-143,0,142,283
16567404.528,377,515,651,739,869,993,1073,1189,1298,1366,1463,1552,1607,1681,1747,1785
16569073.872,1835,1875,1895,1918,1930,1932,1927,1911,1895,1862,1819,1785,1726,1657,1607,1523
16570743.216,1432,1366,1262,1151,1073,952,826,739,606,469,377,236,94,0,-143,-284
16572412.560,-378,-516,-652,-740,-870,-994,-1074,-1190,-1299,-1367,-1464,-1553,-1608,-1682,-1748,-1786
16574081.904,-1836,-1876,-1896,-1919,-1931,-1933,-1928,-1912,-1896,-1863,-1820,-1768,-1727,-1658,-1581,-1524
16607468.784,477,570,707,840,968,1051,1170,1283,1354,1455,1549,1606,1685,1755,1796,1850
16609138.128,1893,1917,1943,1959,1964,1962,1950,1936,1906,1865,1833,1776,1709,1660,1578,1487
16610807.472,1423,1319,1208,1131,1010,883,796,661,524,430,288,144,48,-97,-241,-336
16612476.816,-478,-617,-708,-841,-969,-1052,-1171,-1284,-1355,-1456,-1550,-1607,-1686,-1756,-1797,-1851
16614146.160,-1894,-1918,-1944,-1960,-1965,-1963,-1951,-1937,-1907,-1866,-1834,-1777,-1710,-1661,-1579,-1488
16615815.504,-1424,-1320,-1209,-1092,-1011,-884,-752,-662,-525,-384,-289,-145,0,96,240,383
16617484.848,477,616,751,840,968,1091,1170,1283,1389,1455,1549,1633,1685,1755,1815,1850
16619154.192,1893,1927,1943,1959,1964,1962,1950,1927,1906,1865,1815,1776,1709,1633,1578,1487
16620823.536,1389,1319,1208,1091,1010,883,751,661,524,383,288,144,0,-97,-241,-384
16622492.880,-478,-617,-752,-841,-969,-1092,-1171,-1284,-1390,-1456,-1550,-1634,-1686,-1756,-1816,-1866
16624162.224,-1894,-1928,-1951,-1960,-1965,-1960,-1951,-1928,-1894,-1866,-1816,-1756,-1710,-1634,-1550,-1488
16625831.568,-1390,-1284,-1209,-1092,-969,-884,-752,-617,-525,-384,-241,-145,0,144,240,383
16655879.760,-1378,-1268,-1191,-1069,-942,-855,-720,-580,-438,-342,-196,-50,49,195,341,437
16657549.104,579,719,809,941,1068,1150,1267,1377,1446,1544,1633,1687,1762,1826,1864,1911
16659218.448,1949,1968,1988,1997,1997,1988,1968,1949,1911,1864,1826,1762,1687,1633,1544,1446
16660887.792,1377,1267,1150,1068,941,809,719,579,437,341,195,49,-50,-196,-342,-438
16662557.136,-580,-720,-810,-942,-1069,-1151,-1268,-1378,-1447,-1545,-1634,-1688,-1763,-1827,-1865,-1912
16664226.480,-1950,-1969,-1989,-1998,-1998,-1989,-1969,-1939,-1912,-1865,-1807,-1763,-1688,-1605,-1545,-1447
16665895.824,-1342,-1268,-1151,-1028,-942,-810,-674,-580,-438,-294,-196,-50,98,195,341,485
16667565.168,579,719,854,941,1068,1190,1267,1377,1480,1544,1633,1713,1762,1826,1881,1911
16669234.512,1949,1976,1988,1997,1995,1988,1968,1938,1911,1864,1806,1762,1687,1604,1544,1446
16670903.856,1341,1267,1150,1027,941,809,673,579,437,293,195,49,-99,-196,-342,-486
16672573.200,-580,-720,-855,-985,-1069,-1191,-1306,-1378,-1481,-1576,-1634,-1714,-1785,-1827,-1882,-1926
16674242.544,-1950,-1977,-1993,-1998,-1996,-1983,-1969,-1939,-1898,-1865,-1807,-1739,-1688,-1605,-1513,-1447
16707629.424,684,823,913,1044,1169,1249,1363,1470,1537,1631,1715,1767,1835,1894,1928,1970
16709298.768,2001,2015,2028,2030,2025,2008,1981,1957,1912,1856,1814,1741,1660,1601,1504,1400
16710968.112,1326,1209,1086,1001,868,730,637,493,347,248,99,-50,-150,-299,-445,-542
16712637.456,-685,-824,-914,-1045,-1170,-1250,-1364,-1471,-1538,-1632,-1716,-1792,-1836,-1895,-1944,-1971
16714306.800,-2002,-2022,-2029,-2031,-2022,-2009,-1982,-1944,-1913,-1857,-1792,-1742,-1661,-1570,-1505,-1401
16715976.144,-1289,-1210,-1087,-958,-869,-731,-590,-494,-348,-200,-100,49,199,298,444,589
16717645.488,684,823,957,1044,1169,1288,1363,1470,1569,1631,1715,1791,1835,1894,1943,1970
16719314.832,2001,2021,2028,2030,2021,2008,1981,1943,1912,1856,1791,1741,1660,1569,1504,1400
16720984.176,1288,1209,1086,957,868,730,589,444,347,199,49,-50,-200,-348,-445,-590
16722653.520,-731,-824,-958,-1087,-1170,-1289,-1401,-1471,-1570,-1661,-1716,-1792,-1857,-1895,-1944,-1982
16724322.864,-2002,-2022,-2031,-2031,-2022,-2002,-1982,-1944,-1895,-1857,-1792,-1716,-1661,-1570,-1471,-1401
16725992.208,-1289,-1170,-1087,-958,-824,-731,-590,-445,-348,-200,-50,49,199,347,444,589
16756040.400,-1270,-1147,-1018,-928,-790,-648,-551,-403,-253,-152,0,151,252,402,550,647
16757709.744,789,927,1017,1146,1269,1348,1459,1562,1627,1716,1795,1843,1906,1959,1989,2024
16759379.088,2048,2058,2063,2058,2048,2024,1989,1959,1906,1843,1795,1716,1627,1562,1459,1348
16761048.432,1269,1146,1017,927,789,647,550,402,252,151,0,-152,-253,-403,-551,-696
16762717.776,-790,-928,-1062,-1147,-1270,-1387,-1460,-1563,-1658,-1717,-1796,-1866,-1907,-1960,-2003,-2025
16764387.120,-2049,-2062,-2064,-2059,-2042,-2025,-1990,-1944,-1907,-1844,-1771,-1717,-1628,-1530,-1460,-1349
16766056.464,-1230,-1147,-1018,-883,-790,-648,-502,-403,-253,-102,0,151,302,402,550,695
16767725.808,789,927,1061,1146,1269,1386,1459,1562,1657,1716,1795,1865,1906,1959,2002,2024
16769395.152,2048,2061,2063,2058,2041,2024,1989,1943,1906,1843,1770,1687,1627,1529,1423,1348
16771064.496,1229,1104,1017,882,742,647,501,352,252,101,-51,-152,-303,-453,-551,-696
16772733.840,-837,-928,-1062,-1189,-1270,-1387,-1495,-1563,-1658,-1744,-1796,-1866,-1926,-1960,-2003,-2034
16774403.184,-2049,-2062,-2064,-2059,-2042,-2014,-1990,-1944,-1887,-1844,-1771,-1688,-1628,-1530,-1424,-1349
16806120.720,-1208,-1079,-943,-850,-707,-560,-460,-308,-155,-52,102,256,358,509,657,754
16807790.064,896,1033,1121,1249,1369,1445,1553,1653,1714,1798,1873,1917,1974,2020,2045,2074
16809459.408,2091,2096,2094,2081,2066,2034,1991,1956,1895,1824,1771,1684,1587,1518,1408,1290
16811128.752,1207,1078,942,802,706,559,409,307,154,0,-103,-257,-410,-510,-658,-803
16812798.096,-897,-1034,-1165,-1250,-1370,-1483,-1554,-1654,-1744,-1799,-1874,-1938,-1975,-2021,-2057,-2075
16814467.440,-2092,-2097,-2095,-2082,-2057,-2035,-1992,-1938,-1896,-1825,-1744,-1685,-1588,-1483,-1409,-1291
16816136.784,-1165,-1079,-943,-803,-707,-560,-410,-308,-155,0,102,256,409,509,657,802
16817806.128,896,1033,1164,1249,1369,1482,1553,1653,1743,1798,1873,1937,1974,2020,2056,2081
16819475.472,2091,2096,2091,2081,2056,2020,1991,1937,1873,1824,1743,1653,1587,1482,1369,1290
16821144.816,1164,1033,942,802,657,559,409,256,154,0,-155,-257,-410,-560,-658,-803
16822814.160,-943,-1034,-1165,-1291,-1370,-1483,-1588,-1654,-1744,-1825,-1874,-1938,-1992,-2021,-2057,-2082
16824483.504,-2092,-2097,-2092,-2082,-2057,-2021,-1992,-1938,-1874,-1825,-1744,-1654,-1588,-1483,-1370,-1291
16856201.040,-1139,-1004,-863,-767,-619,-467,-364,-209,-53,52,208,363,466,618,766,862
16857870.384,1003,1138,1225,1350,1467,1541,1645,1740,1798,1877,1946,1986,2037,2077,2097,2118
16859539.728,2128,2128,2118,2097,2077,2037,1986,1924,1877,1798,1709,1645,1541,1429,1350,1225
16861209.072,1094,1003,862,717,618,466,312,208,52,-105,-209,-364,-518,-619,-767,-911
16862878.416,-1004,-1139,-1269,-1351,-1468,-1578,-1646,-1741,-1827,-1878,-1947,-2005,-2038,-2078,-2106,-2119
16864547.760,-2129,-2127,-2119,-2098,-2066,-2038,-1987,-1925,-1878,-1799,-1710,-1646,-1542,-1430,-1351,-1226
16866217.104,-1095,-1004,-863,-718,-619,-467,-313,-209,-53,104,208,363,517,618,766,910
16867886.448,1003,1138,1268,1390,1467,1577,1678,1740,1826,1901,1946,2004,2051,2077,2105,2123
16869555.792,2128,2126,2112,2097,2065,2021,1986,1924,1852,1798,1709,1612,1541,1429,1309,1225
16871225.136,1094,957,862,717,567,466,312,156,52,-105,-261,-364,-518,-668,-767,-911
16872894.480,-1050,-1139,-1269,-1391,-1468,-1578,-1679,-1741,-1827,-1902,-1947,-2005,-2052,-2078,-2106,-2124
16874563.824,-2129,-2127,-2113,-2098,-2066,-2022,-1987,-1925,-1853,-1799,-1710,-1613,-1542,-1430,-1310,-1226
16906281.360,-1066,-925,-779,-679,-526,-370,-265,-107,53,159,317,473,576,728,876,972
16907950.704,1111,1244,1330,1451,1565,1637,1736,1826,1881,1954,2017,2068,2097,2130,2151,2159
16909620.048,2161,2151,2138,2109,2068,2035,1976,1906,1854,1767,1671,1601,1490,1371,1287,1156
16911289.392,1019,924,778,627,525,369,211,106,-54,-212,-318,-474,-628,-729,-877,-1020
16912958.736,-1112,-1245,-1372,-1452,-1566,-1672,-1737,-1827,-1907,-1955,-2018,-2069,-2098,-2131,-2152,-2160
16914628.080,-2162,-2152,-2139,-2110,-2069,-2036,-1977,-1907,-1855,-1768,-1672,-1602,-1491,-1372,-1288,-1157
16916297.424,-1020,-925,-779,-628,-526,-370,-212,-54,53,211,369,473,627,778,876,1019
16917966.768,1156,1244,1371,1490,1565,1671,1767,1826,1906,1976,2017,2068,2109,2130,2151,2161
16919636.112,2161,2151,2130,2109,2068,2017,1976,1906,1826,1767,1671,1565,1490,1371,1244,1156
16921305.456,1019,876,778,627,473,369,211,53,-54,-212,-370,-474,-628,-779,-877,-1020
16922974.800,-1157,-1245,-1372,-1491,-1566,-1672,-1768,-1827,-1907,-1977,-2018,-2069,-2110,-2131,-2152,-2162
16924644.144,-2162,-2152,-2131,-2110,-2069,-2018,-1955,-1907,-1827,-1737,-1672,-1566,-1452,-1372,-1245,-1112
16956361.680,-987,-840,-689,-586,-429,-269,-162,0,161,268,428,585,688,839,986,1128
16958031.024,1219,1350,1474,1552,1661,1763,1825,1909,1984,2027,2084,2129,2152,2178,2192,2194
16959700.368,2188,2171,2152,2115,2066,2027,1960,1882,1825,1730,1626,1552,1433,1307,1219,1081
16961369.712,938,839,688,533,428,268,107,0,-162,-323,-429,-586,-740,-840,-987,-1129
16963039.056,-1220,-1351,-1475,-1553,-1662,-1764,-1826,-1910,-1985,-2028,-2085,-2130,-2153,-2179,-2193,-2195
16964708.400,-2189,-2172,-2153,-2116,-2067,-2028,-1961,-1883,-1826,-1731,-1627,-1514,-1434,-1308,-1175,-1082
16966377.744,-939,-790,-689,-534,-376,-269,-108,53,161,322,480,585,739,889,986,1128
16968047.088,1263,1350,1474,1589,1661,1763,1854,1909,1984,2047,2084,2129,2162,2178,2192,2194
16969716.432,2188,2171,2141,2115,2066,2006,1960,1882,1794,1730,1626,1513,1433,1307,1174,1081
16971385.776,938,789,688,533,375,268,107,-54,-162,-323,-481,-586,-740,-890,-987,-1129
16973055.120,-1264,-1351,-1475,-1590,-1662,-1764,-1855,-1910,-1985,-2048,-2101,-2130,-2163,-2185,-2193,-2195
16974724.464,-2185,-2172,-2142,-2101,-2067,-2007,-1936,-1883,-1795,-1697,-1627,-1514,-1393,-1308,-1175,-1035
17006442.000,-903,-751,-595,-435,-327,-164,0,109,272,434,541,698,852,952,1098,1237
17008111.344,1327,1455,1575,1650,1756,1852,1910,1990,2058,2097,2147,2185,2203,2221,2227,2225
17009780.688,2211,2185,2161,2115,2058,2014,1938,1852,1789,1686,1575,1496,1370,1237,1145,1001
17011450.032,852,750,594,434,326,163,0,-110,-273,-435,-542,-699,-853,-953,-1099,-1238
17013119.376,-1328,-1456,-1576,-1651,-1757,-1853,-1911,-1991,-2059,-2098,-2148,-2186,-2204,-2222,-2228,-2222
17014788.720,-2212,-2186,-2148,-2116,-2059,-1991,-1939,-1853,-1757,-1687,-1576,-1456,-1371,-1238,-1099,-1002
17016458.064,-853,-699,-595,-435,-273,-164,0,163,272,434,594,698,852,1001,1098,1237
17018127.408,1370,1455,1575,1686,1756,1852,1938,1990,2058,2115,2147,2185,2211,2221,2227,2221
17019796.752,2211,2185,2147,2115,2058,1990,1938,1852,1756,1686,1575,1455,1370,1237,1098,1001
17021466.096,852,698,594,434,272,163,0,-164,-273,-435,-595,-699,-853,-1002,-1146,-1238
17023135.440,-1371,-1497,-1576,-1687,-1790,-1853,-1939,-2015,-2059,-2116,-2162,-2186,-2212,-2226,-2228,-2222
17024804.784,-2204,-2186,-2148,-2098,-2059,-1991,-1911,-1853,-1757,-1651,-1576,-1456,-1328,-1238,-1099,-953
17054852.976,-2227,-2206,-2163,-2109,-2067,-1994,-1910,-1816,-1747,-1637,-1518,-1434,-1302,-1162,-1066,-916
17056522.320,-762,-657,-496,-332,-222,-56,110,221,386,549,656,813,966,1065,1209,1346
17058191.664,1433,1558,1674,1746,1847,1938,1993,2066,2127,2162,2205,2235,2249,2259,2257,2249
17059861.008,2226,2192,2162,2108,2042,1993,1909,1815,1746,1636,1517,1433,1301,1161,1065,915
17061530.352,761,656,495,331,221,55,-111,-222,-387,-550,-657,-814,-967,-1066,-1210,-1347
17063199.696,-1434,-1559,-1675,-1782,-1848,-1939,-2019,-2067,-2128,-2179,-2206,-2236,-2254,-2260,-2258,-2243
17064869.040,-2227,-2193,-2146,-2109,-2043,-1967,-1910,-1816,-1712,-1637,-1518,-1391,-1302,-1162,-1017,-916
17066538.384,-762,-603,-496,-332,-167,-56,110,276,386,549,708,813,966,1113,1209,1346
17068207.728,1476,1558,1674,1781,1847,1938,2018,2066,2127,2178,2205,2235,2253,2259,2257,2242
17069877.072,2226,2192,2145,2108,2042,1966,1909,1815,1711,1636,1517,1390,1301,1161,1016,915
17071546.416,761,602,440,331,166,0,-111,-277,-441,-550,-709,-865,-967,-1114,-1256,-1347
17073215.760,-1477,-1599,-1675,-1782,-1880,-1939,-2019,-2088,-2128,-2179,-2217,-2236,-2254,-2260,-2258,-2243
17106602.640,-666,-558,-393,-225,-113,56,224,336,502,665,772,929,1080,1178,1320,1454
17108271.984,1539,1660,1772,1841,1937,2022,2072,2139,2194,2224,2259,2281,2290,2292,2281,2268
17109941.328,2237,2194,2158,2096,2022,1966,1874,1772,1698,1581,1454,1365,1226,1080,980,825
17111610.672,665,557,392,224,112,-57,-225,-393,-503,-666,-826,-930,-1081,-1227,-1321,-1455
17113280.016,-1582,-1661,-1773,-1875,-1938,-2023,-2097,-2140,-2195,-2238,-2260,-2282,-2293,-2293,-2282,-2260
17114949.360,-2238,-2195,-2140,-2097,-2023,-1938,-1875,-1773,-1661,-1582,-1455,-1321,-1227,-1081,-930,-826
17116618.704,-666,-503,-393,-225,-57,56,224,392,502,665,825,929,1080,1226,1320,1454
17118288.048,1581,1660,1772,1874,1937,2022,2096,2139,2194,2237,2259,2281,2292,2292,2281,2259
17119957.392,2237,2194,2139,2096,2022,1937,1841,1772,1660,1539,1454,1320,1178,1080,929,772
17121626.736,665,502,336,224,56,-113,-225,-393,-558,-666,-826,-981,-1081,-1227,-1366,-1455
17123296.080,-1582,-1699,-1773,-1875,-1967,-2023,-2097,-2159,-2195,-2238,-2269,-2282,-2293,-2291,-2282,-2260
17124965.424,-2225,-2195,-2140,-2073,-2023,-1938,-1842,-1773,-1661,-1540,-1455,-1321,-1179,-1081,-930,-773
17155013.616,-2242,-2190,-2149,-2078,-1996,-1934,-1834,-1724,-1645,-1520,-1386,-1293,-1147,-995,-891,-730
17156682.960,-566,-454,-285,-115,0,171,341,453,620,783,890,1045,1195,1292,1430,1562
17158352.304,1644,1761,1868,1933,2023,2102,2148,2208,2256,2281,2308,2323,2325,2319,2300,2281
17160021.648,2241,2189,2148,2077,1995,1933,1833,1723,1644,1519,1385,1244,1146,994,837,729
17161690.992,565,397,284,114,-58,-172,-342,-510,-621,-784,-943,-1046,-1196,-1340,-1431,-1563
17163360.336,-1685,-1762,-1869,-1966,-2024,-2103,-2171,-2209,-2257,-2292,-2309,-2324,-2326,-2320,-2301,-2270
17165029.680,-2242,-2190,-2127,-2078,-1996,-1902,-1834,-1724,-1604,-1520,-1386,-1245,-1147,-995,-838,-730
17166699.024,-566,-398,-285,-115,57,171,341,509,620,783,942,1045,1195,1339,1430,1562
17168368.368,1684,1761,1868,1965,2023,2102,2170,2208,2256,2291,2314,2323,2325,2314,2300,2269
17170037.712,2225,2189,2126,2051,1995,1901,1797,1723,1603,1475,1385,1244,1096,994,837,675
17171707.056,565,397,228,114,-58,-229,-342,-510,-676,-784,-943,-1097,-1196,-1340,-1476,-1563
17173376.400,-1685,-1798,-1869,-1966,-2052,-2103,-2171,-2226,-2257,-2292,-2315,-2324,-2326,-2315,-2301,-2270
17206763.280,-461,-347,-174,0,115,288,460,573,739,902,1008,1162,1310,1405,1540,1668
17208432.624,1747,1859,1961,2023,2107,2179,2221,2273,2313,2333,2352,2358,2356,2341,2313,2273
17210101.968,2239,2179,2107,2052,1961,1859,1786,1668,1540,1451,1310,1162,1060,902,739,629
17211771.312,460,288,173,0,-174,-289,-461,-630,-740,-903,-1061,-1163,-1311,-1452,-1541,-1669
17213440.656,-1787,-1860,-1962,-2053,-2108,-2180,-2240,-2274,-2314,-2342,-2353,-2359,-2353,-2342,-2314,-2274
17215110.000,-2240,-2180,-2108,-2053,-1962,-1860,-1787,-1669,-1541,-1452,-1311,-1163,-1061,-903,-740,-630
17216779.344,-461,-289,-174,0,173,288,460,629,739,902,1060,1162,1310,1451,1584,1668
17218448.688,1786,1894,1961,2052,2132,2179,2239,2288,2313,2341,2356,2358,2352,2333,2313,2273
17220118.032,2221,2179,2107,2023,1961,1859,1747,1668,1540,1405,1310,1162,1008,902,739,573
17221787.376,460,288,115,0,-174,-347,-461,-630,-795,-903,-1061,-1213,-1311,-1452,-1585,-1669
17223456.720,-1787,-1895,-1962,-2053,-2133,-2180,-2240,-2289,-2314,-2342,-2357,-2359,-2353,-2334,-2314,-2274
17225126.064,-2222,-2180,-2108,-2024,-1962,-1860,-1748,-1669,-1541,-1406,-1311,-1163,-1009,-849,-740,-574
17255174.256,-2231,-2162,-2109,-2020,-1921,-1849,-1732,-1606,-1517,-1377,-1230,-1128,-969,-806,-695,-524
17256843.600,-351,-235,-59,117,234,408,580,694,860,1022,1127,1279,1424,1516,1648,1771
17258512.944,1848,1954,2050,2135,2185,2251,2304,2332,2365,2384,2390,2388,2372,2355,2319,2270
17260182.288,2230,2161,2080,2019,1920,1810,1731,1605,1470,1376,1229,1074,968,805,637,523
17261851.632,350,175,58,-118,-293,-409,-581,-750,-861,-1023,-1179,-1280,-1425,-1562,-1649,-1772
17263520.976,-1885,-1955,-2051,-2136,-2186,-2252,-2305,-2333,-2366,-2385,-2391,-2389,-2373,-2356,-2320,-2271
17265190.320,-2231,-2162,-2081,-2020,-1921,-1811,-1732,-1606,-1471,-1377,-1230,-1075,-969,-806,-638,-524
17266859.664,-351,-176,0,117,292,466,580,749,914,1022,1178,1328,1424,1561,1690,1771
17268529.008,1884,1988,2050,2135,2208,2251,2304,2344,2365,2384,2390,2388,2372,2344,2319,2270
17270198.352,2208,2161,2080,1988,1920,1810,1690,1605,1470,1328,1229,1074,914,805,637,466
17271867.696,350,175,0,-118,-293,-467,-581,-750,-915,-1023,-1179,-1329,-1425,-1562,-1691,-1772
17273537.040,-1885,-1989,-2051,-2136,-2209,-2252,-2305,-2345,-2366,-2385,-2391,-2389,-2373,-2345,-2320,-2271
17306923.920,-238,-119,59,237,355,531,703,872,982,1142,1296,1395,1537,1671,1755,1873
17308593.264,1981,2047,2137,2215,2261,2319,2365,2388,2412,2423,2423,2412,2388,2365,2319,2261
17310262.608,2215,2137,2047,1981,1873,1755,1671,1537,1395,1296,1142,982,872,703,531,414
17311931.952,237,59,-60,-238,-415,-532,-704,-873,-983,-1143,-1297,-1396,-1538,-1672,-1756,-1874
17313601.296,-1982,-2048,-2138,-2216,-2262,-2320,-2366,-2389,-2413,-2424,-2424,-2413,-2389,-2366,-2320,-2262
17315270.640,-2216,-2138,-2048,-1982,-1874,-1756,-1628,-1538,-1396,-1247,-1143,-983,-817,-704,-532,-356
17316939.984,-238,-60,118,237,414,588,703,872,1036,1142,1296,1443,1537,1671,1796,1873
17318609.328,1981,2079,2137,2215,2282,2319,2365,2397,2412,2423,2421,2412,2388,2351,2319,2261
17320278.672,2191,2137,2047,1946,1873,1755,1627,1537,1395,1246,1142,982,816,703,531,355
17321948.016,237,59,-119,-238,-415,-589,-704,-873,-1037,-1143,-1297,-1444,-1538,-1672,-1797,-1874
17323617.360,-1982,-2080,-2138,-2216,-2283,-2337,-2366,-2398,-2418,-2424,-2422,-2406,-2389,-2352,-2302,-2262
17325286.704,-2192,-2110,-2048,-1947,-1836,-1756,-1628,-1492,-1396,-1247,-1090,-983,-817,-647,-532,-356
17355334.896,-2195,-2108,-2043,-1937,-1821,-1738,-1605,-1464,-1365,-1212,-1051,-885,-771,-598,-421,-301
17357004.240,-121,60,180,360,538,655,827,995,1104,1263,1414,1511,1649,1779,1860,1973
17358673.584,2075,2137,2221,2292,2332,2383,2420,2438,2454,2456,2450,2430,2397,2367,2313,2246
17360342.928,2194,2107,2008,1936,1820,1694,1604,1463,1314,1211,1050,884,770,597,420,300
17362012.272,120,-61,-181,-361,-539,-656,-828,-996,-1105,-1264,-1415,-1512,-1650,-1780,-1861,-1974
17363681.616,-2076,-2138,-2222,-2293,-2333,-2384,-2421,-2439,-2455,-2457,-2446,-2431,-2398,-2352,-2314,-2247
17365350.960,-2167,-2108,-2009,-1900,-1821,-1695,-1559,-1464,-1315,-1159,-1051,-885,-714,-598,-421,-241
17367020.304,-121,60,240,360,538,713,827,995,1158,1263,1414,1558,1649,1779,1899,1973
17368689.648,2075,2166,2221,2292,2351,2383,2420,2445,2454,2456,2445,2430,2397,2351,2313,2246
17370358.992,2166,2107,2008,1899,1820,1694,1558,1463,1314,1158,1050,884,713,597,420,240
17372028.336,120,-61,-241,-361,-539,-714,-828,-996,-1159,-1315,-1415,-1559,-1695,-1780,-1900,-2009
17373697.680,-2076,-2167,-2247,-2293,-2352,-2398,-2421,-2446,-2457,-2457,-2446,-2421,-2398,-2352,-2293,-2247
17407084.560,0,183,304,485,664,781,952,1119,1227,1383,1531,1626,1760,1885,1962,2070
17408753.904,2166,2224,2300,2364,2399,2442,2471,2483,2489,2483,2471,2442,2399,2364,2300,2224
17410423.248,2166,2070,1962,1885,1760,1626,1531,1383,1227,1119,952,781,664,485,304,183
17412092.592,0,-184,-305,-486,-665,-782,-953,-1120,-1228,-1384,-1532,-1627,-1761,-1886,-2000,-2071
17413761.936,-2167,-2251,-2301,-2365,-2416,-2443,-2472,-2487,-2490,-2484,-2463,-2443,-2400,-2345,-2301,-2225
17415431.280,-2136,-2071,-1963,-1845,-1761,-1627,-1484,-1384,-1228,-1065,-953,-782,-606,-486,-305,-123
17417100.624,0,183,365,485,664,838,952,1119,1280,1383,1531,1672,1760,1885,1999,2070
17418769.968,2166,2250,2300,2364,2415,2442,2471,2486,2489,2483,2462,2442,2399,2344,2300,2224
17420439.312,2135,2070,1962,1844,1760,1626,1483,1383,1227,1064,952,781,605,425,304,122
17422108.656,-62,-184,-366,-546,-665,-839,-1010,-1120,-1281,-1434,-1532,-1673,-1804,-1886,-2000,-2104
17423778.000,-2167,-2251,-2324,-2365,-2416,-2454,-2472,-2487,-2490,-2484,-2463,-2430,-2400,-2345,-2277,-2225
17425447.344,-2136,-2036,-1963,-1845,-1717,-1627,-1484,-1333,-1228,-1065,-897,-782,-606,-426,-305,-123
17455495.536,-2131,-2026,-1910,-1827,-1694,-1552,-1453,-1297,-1134,-1023,-850,-673,-553,-371,-186,-62
17457164.880,123,308,431,612,791,907,1078,1243,1349,1502,1647,1738,1868,1988,2061,2163
17458834.224,2252,2305,2374,2430,2460,2494,2515,2521,2518,2502,2484,2446,2394,2352,2279,2194
17460503.568,2130,2025,1909,1826,1693,1551,1452,1296,1133,1022,849,672,552,370,185,61
17462172.912,-124,-309,-493,-613,-792,-966,-1079,-1244,-1402,-1503,-1648,-1784,-1869,-1989,-2097,-2164
17463842.256,-2253,-2330,-2375,-2431,-2474,-2495,-2516,-2522,-2519,-2503,-2474,-2447,-2395,-2330,-2280,-2195
17465511.600,-2097,-2026,-1910,-1784,-1694,-1552,-1402,-1297,-1134,-966,-850,-673,-493,-371,-186,0
17467180.944,123,308,492,612,791,965,1078,1243,1401,1502,1647,1783,1868,1988,2096,2163
17468850.288,2252,2329,2374,2430,2473,2494,2515,2521,2518,2502,2473,2446,2394,2329,2279,2194
17470519.632,2096,1988,1909,1783,1647,1551,1401,1243,1133,965,791,672,492,308,185,0
17472188.976,-186,-309,-493,-673,-792,-966,-1134,-1244,-1402,-1552,-1648,-1784,-1910,-1989,-2097,-2195
17473858.320,-2253,-2330,-2395,-2431,-2474,-2503,-2516,-2522,-2516,-2503,-2474,-2431,-2395,-2330,-2253,-2195
17507245.200,250,436,559,741,919,1035,1204,1366,1471,1620,1761,1850,1974,2088,2158,2253
17508914.544,2335,2383,2444,2492,2517,2542,2554,2554,2542,2517,2492,2444,2383,2335,2253,2158
17510583.888,2088,1974,1850,1761,1620,1471,1313,1204,1035,860,741,559,374,250,62,-126
17512253.232,-251,-437,-621,-742,-920,-1093,-1205,-1367,-1522,-1621,-1762,-1894,-1975,-2089,-2192,-2254
17513922.576,-2336,-2406,-2445,-2493,-2528,-2543,-2555,-2552,-2543,-2518,-2479,-2445,-2384,-2310,-2254,-2159
17515591.920,-2053,-1975,-1851,-1716,-1621,-1472,-1314,-1205,-1036,-861,-742,-560,-375,-251,-63,125
17517261.264,250,436,620,741,919,1092,1204,1366,1521,1620,1761,1893,1974,2088,2191,2253
17518930.608,2335,2405,2444,2492,2527,2547,2554,2551,2535,2517,2478,2425,2383,2309,2222,2158
17520599.952,2052,1934,1850,1715,1571,1471,1313,1148,1035,860,681,559,374,187,62,-126
17522269.296,-313,-437,-621,-802,-920,-1093,-1260,-1367,-1522,-1669,-1762,-1894,-2015,-2089,-2192,-2283
17523938.640,-2336,-2406,-2463,-2493,-2528,-2548,-2555,-2552,-2536,-2518,-2479,-2426,-2384,-2310,-2223,-2159
17525607.984,-2053,-1935,-1851,-1716,-1572,-1472,-1314,-1149,-1036,-861,-682,-560,-375,-188,-63,125
17555656.176,-2041,-1918,-1785,-1691,-1542,-1385,-1276,-1107,-932,-812,-629,-443,-317,-127,63,190
17557325.520,379,566,690,871,1048,1163,1330,1490,1592,1737,1874,1959,2078,2186,2251,2339
17558994.864,2414,2457,2510,2549,2568,2584,2587,2580,2559,2525,2476,2436,2365,2282,2219,2115
17560664.208,2000,1917,1784,1641,1541,1384,1219,1106,931,751,628,442,253,126,-64,-254
17562333.552,-380,-567,-752,-872,-1049,-1220,-1331,-1491,-1642,-1738,-1875,-2001,-2079,-2187,-2283,-2340
17564002.896,-2415,-2477,-2511,-2550,-2576,-2585,-2588,-2576,-2560,-2526,-2477,-2437,-2366,-2283,-2220,-2116
17565672.240,-2001,-1918,-1785,-1642,-1542,-1385,-1220,-1107,-932,-752,-629,-443,-254,-127,63,253
17567341.584,379,566,751,871,1048,1219,1330,1490,1641,1784,1874,2000,2115,2186,2282,2365
17569010.928,2414,2476,2525,2549,2575,2587,2587,2575,2549,2525,2476,2414,2365,2282,2186,2115
17570680.272,2000,1874,1784,1641,1490,1384,1219,1048,931,751,566,442,253,63,-64,-254
17572349.616,-443,-567,-752,-932,-1049,-1220,-1385,-1491,-1642,-1785,-1875,-2001,-2116,-2187,-2283,-2366
17574018.960,-2415,-2477,-2526,-2550,-2576,-2588,-2588,-2576,-2550,-2526,-2477,-2415,-2366,-2283,-2187,-2116
17605736.496,-1985,-1854,-1712,-1613,-1457,-1292,-1179,-1003,-823,-700,-512,-321,-193,0,192,320
17607405.840,511,699,822,1002,1178,1291,1456,1612,1711,1853,1984,2066,2179,2280,2369,2421
17609075.184,2488,2542,2570,2601,2617,2620,2613,2592,2570,2525,2467,2421,2341,2248,2179,2066
17610744.528,1941,1853,1711,1561,1456,1291,1120,1002,822,636,511,320,128,0,-193,-385
17612413.872,-512,-700,-883,-1003,-1179,-1348,-1457,-1613,-1761,-1854,-1985,-2106,-2180,-2281,-2370,-2422
17614083.216,-2489,-2543,-2571,-2602,-2618,-2621,-2614,-2593,-2571,-2526,-2468,-2422,-2342,-2249,-2180,-2067
17615752.560,-1942,-1854,-1712,-1562,-1457,-1292,-1121,-1003,-823,-637,-512,-321,-129,64,192,384
17617421.904,574,699,882,1062,1178,1347,1509,1612,1760,1898,1984,2105,2214,2280,2369,2445
17619091.248,2488,2542,2582,2601,2617,2620,2613,2592,2557,2525,2467,2396,2341,2248,2142,2066
17620760.592,1941,1807,1711,1561,1402,1291,1120,943,822,636,448,320,128,-65,-193,-385
17622429.936,-575,-700,-883,-1063,-1179,-1348,-1510,-1613,-1761,-1899,-1985,-2106,-2215,-2281,-2370,-2446
17624099.280,-2489,-2543,-2583,-2602,-2618,-2621,-2614,-2593,-2558,-2509,-2468,-2397,-2312,-2249,-2143,-2026
17655816.816,-1923,-1783,-1633,-1529,-1365,-1194,-1076,-895,-708,-582,-390,-196,-66,130,324,453
17657486.160,644,832,1015,1134,1308,1474,1580,1733,1876,1966,2092,2206,2276,2370,2451,2498
17659155.504,2557,2602,2625,2646,2653,2650,2633,2602,2574,2519,2451,2399,2309,2206,2131,2009
17660824.848,1876,1782,1632,1474,1364,1193,1015,894,707,517,389,195,0,-131,-325,-518
17662494.192,-645,-833,-1016,-1135,-1309,-1475,-1581,-1734,-1877,-1967,-2093,-2207,-2277,-2371,-2452,-2499
17664163.536,-2558,-2603,-2626,-2647,-2654,-2651,-2634,-2603,-2575,-2520,-2452,-2400,-2310,-2207,-2132,-2010
17665832.880,-1877,-1734,-1633,-1475,-1309,-1194,-1016,-833,-708,-518,-325,-196,0,195,324,517
17667502.224,707,832,1015,1193,1308,1474,1632,1733,1876,2009,2092,2206,2309,2370,2451,2519
17669171.568,2557,2602,2633,2646,2653,2646,2633,2602,2557,2519,2451,2370,2309,2206,2092,2009
17670840.912,1876,1733,1632,1474,1308,1193,1015,832,707,517,324,195,0,-196,-325,-518
17672510.256,-708,-833,-1016,-1194,-1309,-1475,-1633,-1734,-1877,-2010,-2093,-2207,-2310,-2400,-2452,-2520
17674179.600,-2575,-2603,-2634,-2651,-2654,-2647,-2626,-2603,-2558,-2499,-2452,-2371,-2277,-2207,-2093,-1967
17705897.136,-1853,-1704,-1547,-1437,-1267,-1089,-905,-780,-589,-395,-264,-66,131,263,459,652
17707566.480,779,966,1148,1266,1436,1599,1703,1852,1990,2076,2195,2303,2368,2455,2528,2570
17709235.824,2620,2656,2672,2685,2682,2672,2646,2605,2570,2505,2428,2368,2269,2157,2076,1945
17710905.168,1803,1703,1546,1380,1266,1088,904,779,588,394,263,65,-132,-264,-460,-653
17712574.512,-780,-967,-1149,-1267,-1437,-1600,-1704,-1853,-1991,-2077,-2196,-2304,-2369,-2456,-2529,-2571
17714243.856,-2621,-2657,-2673,-2686,-2683,-2666,-2647,-2606,-2551,-2506,-2429,-2337,-2270,-2158,-2034,-1946
17715913.200,-1804,-1653,-1547,-1381,-1208,-1089,-905,-717,-589,-395,-198,-66,131,328,459,652
17717582.544,842,966,1148,1323,1436,1599,1754,1852,1990,2117,2195,2303,2399,2455,2528,2588
17719251.888,2620,2656,2678,2685,2682,2665,2646,2605,2550,2505,2428,2336,2269,2157,2033,1945
17720921.232,1803,1652,1546,1380,1207,1088,904,716,588,394,197,65,-132,-329,-460,-653
17722590.576,-843,-1028,-1149,-1324,-1493,-1600,-1755,-1900,-1991,-2118,-2234,-2304,-2400,-2482,-2529,-2589
17724259.920,-2635,-2657,-2679,-2686,-2683,-2666,-2635,-2606,-2551,-2482,-2429,-2337,-2234,-2158,-2034,-1900
17754308.112,-2679,-2699,-2716,-2719,-2712,-2690,-2653,-2621,-2561,-2486,-2398,-2333,-2223,-2102,-2015,-1875
17755977.456,-1725,-1620,-1455,-1282,-1163,-979,-790,-661,-465,-267,-134,66,266,398,595,789
17757646.800,915,1101,1281,1397,1565,1724,1825,1969,2101,2183,2297,2397,2457,2536,2601,2637
17759316.144,2678,2705,2715,2718,2705,2689,2652,2601,2560,2485,2397,2332,2222,2101,2014,1874
17760985.488,1724,1619,1454,1281,1162,978,789,660,464,266,133,-67,-267,-399,-596,-790
17762654.832,-916,-1102,-1282,-1398,-1566,-1725,-1826,-1970,-2102,-2223,-2298,-2398,-2486,-2537,-2602,-2653
17764324.176,-2679,-2706,-2719,-2719,-2706,-2679,-2653,-2602,-2537,-2486,-2398,-2298,-2223,-2102,-1970,-1875
17765993.520,-1725,-1566,-1455,-1282,-1102,-979,-790,-596,-465,-267,-67,66,266,464,595,789
17767662.864,978,1101,1281,1454,1565,1724,1874,1969,2101,2222,2297,2397,2485,2536,2601,2652
17769332.208,2678,2705,2718,2718,2705,2678,2652,2601,2536,2485,2397,2297,2222,2101,1969,1874
17771001.552,1724,1565,1454,1281,1101,915,789,595,398,266,66,-134,-267,-465,-661,-790
17772670.896,-979,-1163,-1282,-1455,-1620,-1725,-1875,-2015,-2102,-2223,-2333,-2398,-2486,-2561,-2602,-2653
17806057.776,-1640,-1529,-1357,-1177,-1054,-864,-669,-537,-337,-136,0,202,403,536,733,927
17807727.120,1053,1237,1414,1528,1693,1848,1945,2083,2210,2288,2394,2487,2542,2613,2669,2699
17809396.464,2731,2748,2751,2744,2722,2699,2652,2591,2542,2458,2360,2288,2169,2039,1945,1797
17811065.808,1639,1528,1356,1176,1053,863,668,536,336,135,0,-203,-404,-603,-734,-928
17812735.152,-1116,-1238,-1415,-1585,-1694,-1849,-1994,-2084,-2211,-2325,-2395,-2488,-2568,-2614,-2670,-2712
17814404.496,-2732,-2749,-2752,-2745,-2723,-2686,-2653,-2592,-2516,-2459,-2361,-2250,-2170,-2040,-1898,-1798
17816073.840,-1640,-1473,-1357,-1177,-991,-864,-669,-471,-337,-136,67,202,403,602,733,927
17817743.184,1115,1237,1414,1584,1693,1848,1993,2083,2210,2324,2394,2487,2567,2613,2669,2711
17819412.528,2731,2748,2751,2744,2722,2685,2652,2591,2515,2426,2360,2249,2127,2039,1897,1745
17821081.872,1639,1472,1297,1176,990,798,668,470,269,135,-68,-270,-404,-603,-799,-928
17822751.216,-1116,-1298,-1415,-1585,-1746,-1849,-1994,-2128,-2211,-2325,-2427,-2488,-2568,-2634,-2670,-2712
17824420.560,-2739,-2749,-2752,-2739,-2723,-2686,-2634,-2592,-2516,-2427,-2361,-2250,-2128,-2040,-1898,-1746
17854468.752,-2778,-2785,-2782,-2765,-2732,-2702,-2645,-2573,-2518,-2424,-2316,-2237,-2109,-1970,-1871,-1714
17856138.096,-1548,-1432,-1253,-1066,-939,-743,-544,-409,-205,0,136,340,543,676,873,1065
17857807.440,1190,1372,1547,1658,1819,1969,2063,2195,2315,2388,2487,2572,2622,2684,2731,2754
17859476.784,2777,2784,2781,2764,2731,2701,2644,2572,2517,2423,2315,2236,2108,1969,1870,1713
17861146.128,1547,1372,1252,1065,873,742,543,340,204,0,-205,-341,-544,-743,-874,-1066
17862815.472,-1253,-1373,-1548,-1714,-1820,-1970,-2109,-2196,-2316,-2424,-2488,-2573,-2645,-2685,-2732,-2765
17864484.816,-2778,-2785,-2778,-2765,-2732,-2685,-2645,-2573,-2488,-2424,-2316,-2196,-2109,-1970,-1820,-1714
17866154.160,-1548,-1373,-1253,-1066,-874,-743,-544,-341,-205,0,204,340,543,742,873,1065
17867823.504,1252,1372,1547,1713,1819,1969,2108,2195,2315,2423,2487,2572,2644,2701,2731,2764
17869492.848,2781,2784,2777,2754,2731,2684,2622,2572,2487,2388,2315,2195,2063,1969,1819,1658
17871162.192,1547,1372,1190,1065,873,676,543,340,136,0,-205,-409,-544,-743,-939,-1066
17872831.536,-1253,-1432,-1548,-1714,-1871,-1970,-2109,-2237,-2316,-2424,-2518,-2573,-2645,-2702,-2732,-2765
17906218.416,-1449,-1328,-1142,-950,-818,-618,-414,-277,-70,138,276,481,684,817,1013,1204
17907887.760,1327,1507,1678,1787,1942,2087,2177,2303,2416,2484,2575,2652,2695,2748,2786,2803
17909557.104,2816,2813,2803,2775,2732,2674,2628,2546,2450,2379,2262,2132,2040,1891,1733,1622
17911226.448,1448,1266,1141,949,751,617,413,207,69,-139,-345,-482,-685,-884,-1014,-1205
17912895.792,-1389,-1508,-1679,-1840,-1943,-2088,-2221,-2304,-2417,-2517,-2576,-2653,-2715,-2749,-2787,-2810
17914565.136,-2817,-2814,-2796,-2776,-2733,-2675,-2629,-2547,-2451,-2380,-2263,-2133,-2041,-1892,-1734,-1623
17916234.480,-1449,-1267,-1142,-950,-752,-618,-414,-208,-70,138,344,481,684,883,1013,1204
17917903.824,1388,1564,1678,1839,1991,2087,2220,2342,2416,2516,2602,2652,2714,2762,2786,2809
17919573.168,2816,2813,2795,2762,2732,2674,2602,2546,2450,2342,2262,2132,1991,1891,1733,1564
17921242.512,1448,1266,1077,949,751,549,413,207,0,-139,-345,-550,-685,-884,-1078,-1205
17922911.856,-1389,-1565,-1679,-1840,-1992,-2088,-2221,-2343,-2417,-2517,-2603,-2653,-2715,-2763,-2787,-2810
17924581.200,-2817,-2814,-2796,-2763,-2733,-2675,-2603,-2547,-2451,-2343,-2263,-2133,-1992,-1892,-1734,-1565
17954629.392,-2850,-2837,-2820,-2781,-2728,-2684,-2606,-2514,-2445,-2331,-2203,-2112,-1966,-1808,-1698,-1525
17956298.736,-1344,-1219,-1026,-828,-693,-488,-280,-140,69,279,418,624,827,960,1154,1343
17957968.080,1465,1641,1807,1913,2064,2202,2289,2407,2513,2605,2658,2727,2780,2807,2836,2849
17959637.424,2849,2836,2807,2780,2727,2658,2605,2513,2407,2330,2202,2064,1965,1807,1641,1524
17961306.768,1343,1154,1025,827,624,487,279,69,-70,-280,-488,-625,-828,-1026,-1155,-1344
17962976.112,-1525,-1642,-1808,-1966,-2065,-2203,-2331,-2408,-2514,-2606,-2659,-2728,-2781,-2808,-2837,-2850
17964645.456,-2850,-2837,-2808,-2781,-2728,-2659,-2606,-2514,-2408,-2331,-2203,-2065,-1966,-1808,-1642,-1525
17966314.800,-1344,-1155,-1026,-828,-625,-419,-280,-70,139,279,487,692,827,1025,1218,1343
17967984.144,1524,1697,1807,1965,2111,2202,2330,2444,2513,2605,2683,2727,2780,2819,2836,2849
17969653.488,2846,2836,2807,2764,2727,2658,2576,2513,2407,2289,2202,2064,1913,1807,1641,1465
17971322.832,1343,1154,960,827,624,418,279,69,-140,-280,-488,-693,-828,-1026,-1219,-1344
17972992.176,-1525,-1698,-1808,-1966,-2112,-2203,-2331,-2445,-2514,-2606,-2684,-2728,-2781,-2820,-2837,-2850
18006379.056,-1233,-1104,-905,-701,-563,-353,-142,0,212,423,562,768,971,1168,1296,1482
18008048.400,1660,1773,1936,2087,2182,2315,2435,2508,2606,2689,2737,2796,2840,2861,2879,2882
18009717.744,2875,2851,2812,2778,2714,2635,2575,2472,2357,2272,2136,1987,1883,1717,1542,1421
18011387.088,1232,1037,904,700,492,352,141,-71,-213,-424,-632,-769,-972,-1169,-1297,-1483
18013056.432,-1661,-1774,-1937,-2088,-2183,-2316,-2436,-2509,-2607,-2690,-2738,-2797,-2841,-2862,-2880,-2883
18014725.776,-2876,-2852,-2813,-2779,-2715,-2636,-2576,-2473,-2358,-2229,-2137,-1988,-1829,-1718,-1543,-1359
18016395.120,-1233,-1038,-837,-701,-493,-283,-142,70,282,423,631,836,971,1168,1358,1482
18018064.464,1660,1828,1936,2087,2228,2315,2435,2542,2606,2689,2758,2796,2840,2869,2879,2882
18019733.808,2869,2851,2812,2758,2714,2635,2542,2472,2357,2228,2136,1987,1828,1717,1542,1358
18021403.152,1232,1037,836,700,492,282,141,-71,-283,-424,-632,-837,-972,-1169,-1359,-1483
18023072.496,-1661,-1829,-1937,-2088,-2229,-2316,-2436,-2543,-2636,-2690,-2759,-2813,-2841,-2870,-2883,-2883
18024741.840,-2870,-2841,-2813,-2759,-2690,-2636,-2543,-2436,-2358,-2229,-2088,-1988,-1829,-1661,-1543,-1359
18054790.032,-2895,-2860,-2829,-2769,-2694,-2636,-2538,-2425,-2343,-2208,-2062,-1959,-1794,-1620,-1500,-1311
18056459.376,-1116,-915,-778,-569,-357,-215,0,214,356,568,777,914,1115,1310,1437,1619
18058128.720,1793,1904,2061,2207,2298,2424,2537,2604,2693,2768,2810,2859,2894,2907,2915,2907
18059798.064,2894,2859,2810,2768,2693,2604,2537,2424,2298,2207,2061,1904,1793,1619,1437,1310
18061467.408,1115,914,777,568,356,214,0,-215,-357,-569,-778,-915,-1116,-1311,-1438,-1620
18063136.752,-1794,-1905,-2062,-2208,-2299,-2425,-2538,-2605,-2694,-2769,-2811,-2860,-2895,-2913,-2916,-2908
18064806.096,-2885,-2860,-2811,-2746,-2694,-2605,-2502,-2425,-2299,-2161,-2062,-1905,-1737,-1620,-1438,-1247
18066475.440,-1116,-915,-709,-569,-357,-144,0,214,427,568,777,982,1115,1310,1499,1619
18068144.784,1793,1958,2061,2207,2342,2424,2537,2635,2693,2768,2828,2859,2894,2912,2915,2907
18069814.128,2884,2859,2810,2745,2693,2604,2501,2424,2298,2160,2061,1904,1736,1619,1437,1246
18071483.472,1115,914,708,568,356,143,0,-215,-428,-569,-778,-983,-1182,-1311,-1500,-1680
18073152.816,-1794,-1959,-2112,-2208,-2343,-2464,-2538,-2636,-2721,-2769,-2829,-2874,-2895,-2913,-2916,-2908
18106539.696,-994,-787,-646,-433,-217,-73,144,360,503,716,924,1060,1260,1453,1577,1756
18108209.040,1925,2032,2184,2323,2410,2528,2633,2695,2775,2841,2876,2915,2939,2947,2944,2925
18109878.384,2904,2859,2799,2750,2664,2564,2490,2367,2232,2134,1979,1813,1697,1515,1325,1194
18111547.728,993,786,645,432,216,72,-145,-361,-504,-717,-925,-1061,-1261,-1454,-1578,-1757
18113217.072,-1926,-2085,-2185,-2324,-2452,-2529,-2634,-2724,-2776,-2842,-2892,-2916,-2940,-2948,-2945,-2926
18114886.416,-2892,-2860,-2800,-2724,-2665,-2565,-2452,-2368,-2233,-2085,-1980,-1814,-1638,-1516,-1326,-1129
18116555.760,-994,-787,-576,-433,-217,0,144,360,575,716,924,1128,1260,1453,1637,1756
18118225.104,1925,2084,2184,2323,2451,2528,2633,2723,2775,2841,2891,2915,2939,2947,2944,2925
18119894.448,2891,2859,2799,2723,2664,2564,2451,2367,2232,2084,1979,1813,1637,1515,1325,1128
18121563.792,924,786,575,360,216,0,-217,-361,-576,-787,-925,-1129,-1326,-1454,-1638,-1814
18123233.136,-1926,-2085,-2233,-2324,-2452,-2565,-2634,-2724,-2800,-2842,-2892,-2926,-2940,-2948,-2940,-2926
18124902.480,-2892,-2842,-2800,-2724,-2634,-2565,-2452,-2324,-2233,-2085,-1926,-1814,-1638,-1454,-1326,-1129
18154950.672,-2909,-2853,-2782,-2726,-2629,-2519,-2438,-2305,-2159,-2056,-1892,-1717,-1595,-1406,-1209,-1073
18156620.016,-866,-654,-510,-293,-74,73,292,509,653,865,1072,1208,1405,1594,1716,1891
18158289.360,2055,2158,2304,2437,2518,2628,2725,2781,2852,2908,2937,2966,2979,2979,2966,2937
18159958.704,2908,2852,2781,2725,2628,2518,2437,2304,2158,2055,1891,1716,1594,1405,1208,1072
18161628.048,865,653,509,292,73,-147,-293,-510,-725,-866,-1073,-1275,-1406,-1595,-1776,-1892
18163297.392,-2056,-2209,-2305,-2438,-2557,-2629,-2726,-2807,-2853,-2909,-2949,-2967,-2980,-2978,-2967,-2938
18164966.736,-2892,-2853,-2782,-2695,-2629,-2519,-2395,-2305,-2159,-2002,-1892,-1717,-1533,-1406,-1209,-1005
18166636.080,-866,-654,-438,-293,-74,146,292,509,724,865,1072,1274,1405,1594,1775,1891
18168305.424,2055,2208,2304,2437,2556,2628,2725,2806,2852,2908,2948,2966,2979,2977,2966,2937
18169974.768,2891,2852,2781,2694,2593,2518,2394,2257,2158,2001,1833,1716,1532,1340,1208,1004
18171644.112,795,653,437,219,73,-147,-365,-510,-725,-936,-1073,-1275,-1470,-1595,-1776,-1948
18173313.456,-2056,-2209,-2351,-2438,-2557,-2663,-2726,-2807,-2873,-2909,-2949,-2973,-2980,-2978,-2959,-2938
18206700.336,-733,-516,-369,-148,73,221,442,660,803,1015,1221,1355,1549,1735,1854,2024
18208369.680,2182,2282,2420,2546,2622,2724,2811,2861,2923,2969,2991,3010,3012,3005,2981,2940
18210039.024,2904,2837,2755,2692,2585,2464,2376,2233,2078,1911,1795,1612,1420,1288,1084,874
18211708.368,732,515,295,147,-74,-296,-443,-661,-875,-1016,-1222,-1421,-1550,-1736,-1912,-2025
18213377.712,-2183,-2330,-2421,-2547,-2659,-2725,-2812,-2885,-2924,-2970,-3000,-3011,-3013,-3000,-2982,-2941
18215047.056,-2885,-2838,-2756,-2659,-2586,-2465,-2330,-2234,-2079,-1912,-1796,-1613,-1421,-1289,-1085,-875
18216716.400,-733,-516,-296,-148,73,295,442,660,874,1015,1221,1420,1549,1735,1911,2024
18218385.744,2182,2329,2420,2546,2658,2724,2811,2884,2940,2969,2999,3012,3012,2999,2969,2940
18220055.088,2884,2811,2755,2658,2546,2464,2329,2182,2078,1911,1735,1612,1420,1221,1084,874
18221724.432,660,515,295,73,-74,-296,-516,-661,-875,-1085,-1222,-1421,-1613,-1736,-1912,-2079
18223393.776,-2183,-2330,-2465,-2547,-2659,-2756,-2812,-2885,-2941,-2970,-3000,-3013,-3013,-3000,-2970,-2941
18225063.120,-2885,-2812,-2756,-2659,-2547,-2465,-2330,-2183,-2079,-1912,-1736,-1613,-1421,-1222,-1085,-875
18255111.312,-2894,-2815,-2722,-2652,-2534,-2403,-2308,-2155,-1991,-1875,-1693,-1502,-1370,-1166,-956,-813
18256780.656,-595,-373,-225,0,224,372,594,812,955,1165,1369,1501,1692,1874,1990,2154
18258450.000,2307,2402,2533,2651,2721,2814,2893,2936,2988,3024,3038,3046,3038,3013,2988,2936
18260119.344,2868,2814,2721,2613,2533,2402,2257,2154,1990,1815,1692,1501,1302,1165,955,740
18261788.688,594,372,149,0,-225,-448,-595,-813,-1027,-1166,-1370,-1567,-1693,-1875,-2047,-2155
18263458.032,-2308,-2448,-2534,-2652,-2755,-2815,-2894,-2956,-2989,-3025,-3044,-3047,-3039,-3014,-2989,-2937
18265127.376,-2869,-2815,-2722,-2614,-2534,-2403,-2258,-2155,-1991,-1816,-1693,-1502,-1303,-1166,-956,-741
18266796.720,-595,-373,-150,0,224,447,594,812,1026,1165,1369,1566,1754,1874,2046,2206
18268466.064,2307,2447,2574,2651,2754,2842,2893,2955,3002,3024,3043,3045,3038,3013,2972,2936
18270135.408,2868,2785,2721,2613,2491,2402,2257,2100,1990,1815,1630,1501,1302,1096,955,740
18271804.752,520,372,149,-75,-225,-448,-668,-813,-1027,-1235,-1370,-1567,-1755,-1875,-2047,-2207
18273474.096,-2308,-2448,-2575,-2652,-2755,-2843,-2894,-2956,-3003,-3025,-3044,-3046,-3039,-3014,-2973,-2937
18305191.632,-2874,-2785,-2680,-2603,-2474,-2333,-2231,-2069,-1895,-1774,-1584,-1385,-1249,-1038,-822,-675
18306860.976,-452,-227,-76,151,377,526,748,966,1108,1316,1518,1647,1834,2011,2123,2282
18308530.320,2428,2560,2641,2751,2845,2899,2968,3020,3046,3071,3079,3076,3056,3020,2987,2924
18310199.664,2845,2784,2679,2560,2473,2332,2177,2068,1894,1711,1583,1384,1178,1037,821,600
18311869.008,451,226,0,-152,-378,-601,-749,-967,-1179,-1317,-1519,-1712,-1835,-2012,-2178,-2283
18313538.352,-2429,-2561,-2642,-2752,-2846,-2900,-2969,-3021,-3047,-3072,-3080,-3077,-3057,-3021,-2988,-2925
18315207.696,-2846,-2785,-2680,-2561,-2474,-2333,-2178,-2069,-1895,-1712,-1584,-1385,-1179,-1038,-822,-601
18316877.040,-378,-227,0,226,377,600,821,966,1178,1384,1518,1711,1894,2011,2177,2332
18318546.384,2428,2560,2679,2751,2845,2924,2968,3020,3056,3071,3079,3071,3056,3020,2968,2924
18320215.728,2845,2751,2679,2560,2428,2332,2177,2011,1894,1711,1518,1384,1178,966,821,600
18321885.072,377,226,0,-227,-378,-601,-822,-967,-1179,-1385,-1519,-1712,-1895,-2012,-2178,-2333
18323554.416,-2429,-2561,-2680,-2752,-2846,-2925,-2969,-3021,-3057,-3072,-3080,-3072,-3057,-3021,-2969,-2900
18355271.952,-2845,-2745,-2630,-2545,-2406,-2254,-2146,-1975,-1792,-1665,-1467,-1262,-1120,-904,-682,-533
18356941.296,-306,-77,76,305,532,756,903,1119,1330,1466,1664,1853,1974,2145,2305,2405
18358610.640,2544,2669,2744,2844,2930,2977,3036,3078,3096,3110,3108,3096,3066,3018,2977,2903
18360279.984,2813,2744,2629,2499,2405,2253,2089,1974,1791,1599,1466,1261,1048,903,681,456
18361949.328,305,76,-153,-306,-533,-757,-904,-1120,-1331,-1467,-1665,-1854,-1975,-2146,-2306,-2406
18363618.672,-2545,-2670,-2745,-2845,-2931,-2978,-3037,-3079,-3097,-3111,-3109,-3097,-3067,-3019,-2978,-2904
18365288.016,-2814,-2745,-2630,-2500,-2357,-2254,-2090,-1915,-1792,-1600,-1400,-1262,-1049,-830,-682,-457
18366957.360,-229,-77,152,380,532,756,976,1119,1330,1533,1664,1853,2032,2145,2305,2453
18368626.704,2544,2669,2779,2844,2930,2999,3036,3078,3103,3110,3108,3088,3066,3018,2954,2903
18370296.048,2813,2707,2629,2499,2356,2253,2089,1914,1791,1599,1399,1261,1048,829,681,456
18371965.392,228,76,-153,-381,-533,-757,-977,-1120,-1331,-1534,-1665,-1854,-2033,-2146,-2306,-2454
18373634.736,-2545,-2670,-2780,-2876,-2931,-3000,-3053,-3079,-3104,-3112,-3109,-3089,-3053,-3019,-2955,-2876
18405352.272,-2810,-2698,-2572,-2480,-2331,-2169,-2055,-1874,-1683,-1483,-1345,-1132,-913,-765,-538,-309
18407021.616,-155,77,308,461,689,912,1059,1274,1482,1616,1810,1995,2111,2277,2431,2526
18408690.960,2656,2773,2842,2934,3009,3050,3098,3129,3141,3143,3129,3110,3068,3009,2961,2875
18410360.304,2773,2697,2571,2431,2330,2168,1995,1873,1682,1482,1344,1131,912,764,537,308
18412029.648,154,-78,-309,-462,-690,-913,-1060,-1275,-1483,-1617,-1811,-1996,-2112,-2278,-2432,-2527
18413698.992,-2657,-2774,-2843,-2935,-3010,-3051,-3099,-3130,-3144,-3144,-3130,-3099,-3069,-3010,-2935,-2876
18415368.336,-2774,-2657,-2572,-2432,-2278,-2169,-1996,-1811,-1683,-1483,-1275,-1132,-913,-690,-538,-309
18417037.680,-78,77,308,537,689,912,1131,1274,1482,1682,1810,1995,2168,2277,2431,2571
18418707.024,2656,2773,2875,2934,3009,3068,3098,3129,3143,3143,3129,3098,3068,3009,2934,2875
18420376.368,2773,2656,2571,2431,2277,2168,1995,1810,1682,1482,1274,1131,912,689,537,308
18422045.712,77,-78,-309,-538,-690,-913,-1132,-1345,-1483,-1683,-1874,-1996,-2169,-2331,-2432,-2572
18423715.056,-2698,-2774,-2876,-2962,-3010,-3069,-3111,-3130,-3144,-3142,-3130,-3099,-3051,-3010,-2935,-2843
18455432.592,-2726,-2643,-2506,-2355,-2248,-2076,-1894,-1766,-1567,-1359,-1217,-997,-773,-621,-390,-156
18457101.936,0,233,466,620,847,1070,1216,1428,1633,1765,1955,2134,2247,2406,2552,2642
18458771.280,2765,2872,2936,3017,3082,3116,3154,3174,3177,3169,3143,3116,3062,2992,2936,2838
18460440.624,2725,2642,2505,2354,2247,2075,1893,1765,1566,1358,1216,996,772,620,389,155
18462109.968,0,-234,-467,-621,-848,-1071,-1217,-1429,-1634,-1766,-1956,-2135,-2302,-2407,-2553,-2685
18463779.312,-2766,-2873,-2965,-3018,-3083,-3132,-3155,-3175,-3177,-3170,-3144,-3101,-3063,-2993,-2906,-2839
18465448.656,-2726,-2599,-2506,-2355,-2192,-2076,-1894,-1701,-1567,-1359,-1144,-997,-773,-544,-390,-156
18467118.000,77,233,466,696,847,1070,1287,1428,1633,1829,1955,2134,2301,2406,2552,2684
18468787.344,2765,2872,2964,3017,3082,3131,3154,3174,3176,3169,3143,3100,3062,2992,2905,2838
18470456.688,2725,2598,2505,2354,2191,2075,1893,1700,1566,1358,1143,922,772,543,311,155
18472126.032,-78,-312,-467,-697,-923,-1071,-1288,-1499,-1634,-1830,-2017,-2135,-2302,-2457,-2553,-2685
18473795.376,-2803,-2873,-2965,-3042,-3083,-3132,-3163,-3175,-3177,-3163,-3144,-3101,-3042,-2993,-2906,-2803
18505512.912,-2670,-2580,-2432,-2271,-2157,-1976,-1784,-1651,-1444,-1229,-1082,-857,-627,-472,-237,0
18507182.256,157,393,626,780,1007,1228,1372,1582,1783,1912,2097,2270,2379,2531,2669,2754
18508851.600,2868,2966,3023,3094,3149,3176,3202,3210,3207,3186,3149,3114,3048,2966,2902,2793
18510520.944,2669,2579,2431,2270,2156,1975,1783,1650,1443,1228,1081,856,626,471,236,0
18512190.288,-237,-394,-627,-857,-1008,-1229,-1444,-1583,-1784,-1976,-2098,-2271,-2432,-2532,-2670,-2794
18513859.632,-2869,-2967,-3049,-3095,-3150,-3187,-3203,-3211,-3203,-3187,-3150,-3095,-3049,-2967,-2869,-2794
18515528.976,-2670,-2532,-2432,-2271,-2098,-1976,-1784,-1583,-1444,-1229,-1008,-857,-627,-394,-237,0
18517198.320,236,393,626,856,1007,1228,1443,1582,1783,1975,2097,2270,2431,2531,2669,2793
18518867.664,2868,2966,3048,3094,3149,3186,3202,3210,3202,3186,3149,3094,3048,2966,2868,2754
18520537.008,2669,2531,2379,2270,2097,1912,1783,1582,1372,1228,1007,780,626,393,157,0
18522206.352,-237,-472,-627,-857,-1082,-1229,-1444,-1651,-1784,-1976,-2157,-2271,-2432,-2580,-2670,-2794
18523875.696,-2903,-2967,-3049,-3115,-3150,-3187,-3208,-3211,-3203,-3177,-3150,-3095,-3024,-2967,-2869,-2755
18553923.888,-2965,-3054,-3104,-3165,-3208,-3228,-3242,-3240,-3228,-3196,-3146,-3104,-3026,-2932,-2860,-2740
18555593.232,-2605,-2507,-2349,-2178,-2058,-1868,-1668,-1529,-1315,-1093,-942,-711,-476,-318,-80,159
18557262.576,317,554,787,941,1167,1386,1528,1734,1931,2057,2236,2402,2506,2651,2781,2859
18558931.920,2964,3053,3103,3164,3207,3227,3241,3239,3227,3195,3145,3103,3025,2931,2859,2739
18560601.264,2604,2506,2348,2177,1995,1867,1667,1458,1314,1092,864,710,475,238,79,-160
18562270.608,-397,-555,-788,-1018,-1168,-1387,-1599,-1735,-1932,-2119,-2237,-2403,-2557,-2652,-2782,-2897
18563939.952,-2965,-3054,-3126,-3165,-3208,-3235,-3242,-3240,-3219,-3196,-3146,-3080,-3026,-2932,-2822,-2740
18565609.296,-2605,-2456,-2349,-2178,-1996,-1868,-1668,-1459,-1315,-1093,-865,-711,-476,-239,-80,159
18567278.640,396,554,787,1017,1167,1386,1598,1734,1931,2118,2236,2402,2556,2651,2781,2896
18568947.984,2964,3053,3125,3180,3207,3234,3242,3239,3218,3180,3145,3079,2996,2931,2821,2696
18570617.328,2604,2455,2293,2177,1995,1801,1667,1458,1240,1092,864,632,475,238,0,-160
18572286.672,-397,-633,-788,-1018,-1241,-1387,-1599,-1802,-1932,-2119,-2294,-2403,-2557,-2697,-2782,-2897
18605673.552,-2533,-2428,-2259,-2079,-1952,-1753,-1545,-1401,-1180,-951,-797,-561,-322,-161,80,321
18607342.896,480,717,950,1103,1327,1544,1684,1886,2078,2199,2372,2532,2631,2767,2889,2961
18609012.240,3056,3134,3177,3227,3260,3272,3274,3260,3227,3196,3134,3056,2994,2889,2767,2678
18610681.584,2532,2372,2258,2078,1886,1752,1544,1327,1179,950,717,560,321,80,-81,-322
18612350.928,-561,-718,-951,-1180,-1328,-1545,-1753,-1887,-2079,-2259,-2373,-2533,-2679,-2768,-2890,-2995
18614020.272,-3057,-3135,-3197,-3228,-3261,-3275,-3275,-3261,-3228,-3197,-3135,-3057,-2995,-2890,-2768,-2679
18615689.616,-2533,-2373,-2259,-2079,-1887,-1753,-1545,-1328,-1180,-951,-718,-561,-322,-81,80,321
18617358.960,560,717,950,1179,1327,1544,1752,1951,2078,2258,2427,2532,2678,2809,2889,2994
18619028.304,3084,3134,3196,3240,3260,3274,3272,3260,3227,3177,3134,3056,2961,2889,2767,2631
18620697.648,2532,2372,2199,2078,1886,1684,1544,1327,1103,950,717,480,321,80,-161,-322
18622366.992,-561,-797,-951,-1180,-1401,-1545,-1753,-1952,-2079,-2259,-2428,-2533,-2679,-2810,-2890,-2995
18624036.336,-3085,-3135,-3197,-3241,-3261,-3275,-3273,-3261,-3228,-3178,-3135,-3057,-2962,-2890,-2768,-2632
18654084.528,-3142,-3210,-3246,-3285,-3305,-3309,-3300,-3274,-3246,-3190,-3116,-3058,-2956,-2839,-2752,-2609
18655753.872,-2452,-2340,-2162,-1972,-1839,-1631,-1415,-1267,-1038,-805,-646,-406,-163,0,243,485
18657423.216,645,882,1114,1266,1487,1701,1838,2035,2222,2339,2505,2657,2795,2879,2991,3087
18659092.560,3141,3209,3260,3284,3304,3307,3299,3273,3228,3189,3115,3025,2955,2838,2705,2608
18660761.904,2451,2281,2161,1971,1770,1630,1414,1190,1037,804,565,405,162,-82,-244,-486
18662431.248,-725,-883,-1115,-1341,-1488,-1702,-1906,-2036,-2223,-2397,-2506,-2658,-2796,-2880,-2992,-3088
18664100.592,-3142,-3210,-3261,-3285,-3305,-3308,-3300,-3274,-3229,-3190,-3116,-3026,-2956,-2839,-2706,-2609
18665769.936,-2452,-2282,-2162,-1972,-1771,-1631,-1415,-1191,-1038,-805,-566,-325,-163,81,324,485
18667439.280,724,960,1114,1340,1559,1701,1905,2099,2222,2396,2557,2657,2795,2918,2991,3087
18669108.624,3166,3209,3260,3292,3304,3307,3292,3273,3228,3166,3115,3025,2918,2838,2705,2557
18670777.968,2451,2281,2099,1971,1770,1559,1414,1190,960,804,565,324,162,-82,-325,-486
18672447.312,-725,-961,-1115,-1341,-1560,-1702,-1906,-2100,-2223,-2397,-2558,-2658,-2796,-2919,-2992,-3088
18705834.192,-2364,-2245,-2057,-1857,-1719,-1503,-1279,-1126,-892,-653,-491,-246,0,163,409,652
18707503.536,891,1048,1278,1502,1647,1856,2056,2182,2363,2530,2634,2778,2907,2985,3087,3173
18709172.880,3220,3277,3316,3332,3341,3332,3316,3277,3220,3173,3087,2985,2907,2778,2634,2530
18710842.224,2363,2182,2056,1856,1647,1502,1278,1048,891,652,409,245,0,-246,-410,-653
18712511.568,-892,-1049,-1279,-1503,-1648,-1857,-2057,-2183,-2364,-2531,-2635,-2779,-2908,-2986,-3088,-3174
18714180.912,-3221,-3278,-3317,-3333,-3342,-3333,-3317,-3278,-3221,-3174,-3088,-2986,-2908,-2779,-2635,-2477
18715850.256,-2364,-2183,-1991,-1857,-1648,-1429,-1279,-1049,-813,-653,-410,-164,0,245,490,652
18717519.600,891,1125,1278,1502,1718,1856,2056,2244,2363,2530,2684,2778,2907,3021,3087,3173
18719188.944,3241,3277,3316,3337,3341,3332,3305,3277,3220,3146,3087,2985,2866,2778,2634,2476
18720858.288,2363,2182,1990,1856,1647,1428,1278,1048,812,652,409,163,0,-246,-491,-653
18722527.632,-892,-1126,-1279,-1503,-1719,-1857,-2057,-2245,-2364,-2531,-2685,-2824,-2908,-3022,-3118,-3174
18724196.976,-3242,-3293,-3317,-3338,-3341,-3333,-3306,-3261,-3221,-3147,-3056,-2986,-2867,-2733,-2635,-2477
18754245.168,-3292,-3338,-3358,-3373,-3370,-3358,-3325,-3273,-3229,-3148,-3050,-2976,-2851,-2710,-2609,-2444
18755914.512,-2266,-2141,-1943,-1735,-1517,-1368,-1137,-900,-740,-496,-249,-83,165,412,576,819
18757583.856,1058,1214,1442,1663,1804,2009,2203,2326,2499,2659,2758,2893,3013,3084,3176,3251
18759253.200,3291,3337,3364,3372,3369,3348,3324,3272,3203,3147,3049,2935,2850,2709,2554,2443
18760922.544,2265,2075,1942,1734,1516,1367,1136,899,739,495,248,82,-166,-413,-577,-820
18762591.888,-1059,-1215,-1443,-1664,-1805,-2010,-2204,-2327,-2500,-2660,-2759,-2894,-3014,-3085,-3177,-3252
18764261.232,-3292,-3338,-3365,-3374,-3370,-3349,-3310,-3273,-3204,-3118,-3050,-2936,-2806,-2710,-2555,-2386
18765930.576,-2266,-2076,-1875,-1735,-1517,-1292,-1137,-900,-659,-496,-249,0,165,412,658,819
18767599.920,1058,1291,1442,1663,1874,2009,2203,2385,2499,2659,2805,2893,3013,3117,3176,3251
18769269.264,3309,3337,3364,3373,3369,3348,3309,3272,3203,3117,3049,2935,2805,2709,2554,2385
18770938.608,2265,2075,1874,1734,1516,1291,1136,899,658,495,248,0,-166,-413,-659,-900
18772607.952,-1059,-1292,-1517,-1664,-1875,-2076,-2204,-2386,-2555,-2660,-2806,-2936,-3014,-3118,-3204,-3252
18805994.832,-2162,-1962,-1823,-1606,-1381,-1227,-989,-747,-583,-334,-84,83,333,582,746,988
18807664.176,1226,1380,1605,1822,1961,2161,2349,2467,2633,2785,2878,3004,3114,3178,3260,3324
18809333.520,3356,3390,3405,3405,3390,3356,3324,3260,3178,3114,3004,2878,2785,2633,2467,2349
18811002.864,2161,1961,1822,1605,1380,1226,988,746,582,333,83,-84,-334,-583,-747,-989
18812672.208,-1227,-1381,-1606,-1823,-1962,-2162,-2350,-2525,-2634,-2786,-2923,-3005,-3115,-3208,-3261,-3325
18814341.552,-3370,-3391,-3406,-3403,-3391,-3357,-3305,-3261,-3179,-3080,-3005,-2879,-2737,-2634,-2468,-2288
18816010.896,-2162,-1962,-1752,-1606,-1381,-1148,-989,-747,-500,-334,-84,167,333,582,827,988
18817680.240,1226,1456,1605,1822,2029,2161,2349,2524,2633,2785,2922,3004,3114,3207,3260,3324
18819349.584,3369,3390,3405,3402,3390,3356,3304,3260,3178,3079,3004,2878,2736,2633,2467,2287
18821018.928,2161,1961,1751,1531,1380,1147,908,746,499,250,83,-168,-418,-583,-828,-1069
18822688.272,-1227,-1457,-1680,-1823,-2030,-2226,-2350,-2525,-2686,-2786,-2923,-3044,-3115,-3208,-3284,-3325
18824357.616,-3370,-3398,-3406,-3403,-3382,-3357,-3305,-3235,-3179,-3080,-2965,-2879,-2737,-2580,-2468,-2288
18854405.808,-3415,-3436,-3439,-3431,-3403,-3357,-3316,-3239,-3145,-3073,-2951,-2813,-2712,-2549,-2372,-2247
18856075.152,-2050,-1841,-1696,-1471,-1239,-1079,-836,-589,-422,-169,84,253,504,753,917,1158
18857744.496,1394,1546,1768,1980,2116,2310,2491,2604,2762,2906,2992,3109,3209,3266,3336,3389
18859413.840,3414,3435,3438,3430,3402,3356,3315,3238,3144,3072,2950,2812,2711,2548,2371,2246
18861083.184,2049,1840,1695,1470,1238,1078,835,588,421,168,-85,-338,-505,-754,-999,-1159
18862752.528,-1395,-1622,-1769,-1981,-2183,-2311,-2492,-2660,-2763,-2907,-3034,-3110,-3210,-3292,-3337,-3390
18864421.872,-3424,-3436,-3439,-3424,-3403,-3357,-3292,-3239,-3145,-3034,-2951,-2813,-2660,-2549,-2372,-2183
18866091.216,-2050,-1841,-1622,-1471,-1239,-999,-836,-589,-338,-169,84,337,504,753,998,1158
18867760.560,1394,1621,1768,1980,2182,2310,2491,2659,2762,2906,3033,3109,3209,3291,3336,3389
18869429.904,3423,3435,3438,3423,3402,3356,3291,3209,3144,3033,2906,2812,2659,2491,2371,2182
18871099.248,1980,1840,1621,1394,1238,998,753,588,337,84,-85,-338,-589,-754,-999,-1239
18872768.592,-1395,-1622,-1841,-1981,-2183,-2372,-2492,-2660,-2813,-2907,-3034,-3145,-3210,-3292,-3357,-3390
18906155.472,-1930,-1712,-1562,-1329,-1090,-927,-678,-426,-256,0,255,425,677,926,1089,1328
18907824.816,1561,1711,1929,2136,2268,2455,2629,2737,2887,3021,3102,3208,3297,3347,3406,3446
18909494.160,3463,3472,3463,3446,3406,3347,3297,3208,3102,3021,2887,2737,2629,2455,2268,2068
18911163.504,1929,1711,1484,1328,1089,843,677,425,170,0,-256,-510,-678,-927,-1170,-1329
18912832.848,-1562,-1786,-1930,-2137,-2333,-2456,-2630,-2790,-2888,-3022,-3140,-3209,-3298,-3369,-3407,-3447
18914502.192,-3469,-3473,-3464,-3436,-3407,-3348,-3270,-3209,-3103,-2979,-2888,-2738,-2574,-2456,-2269,-2069
18916171.536,-1930,-1712,-1485,-1329,-1090,-844,-678,-426,-171,0,255,509,677,926,1169,1328
18917840.880,1561,1785,1929,2136,2332,2455,2629,2789,2887,3021,3139,3240,3297,3368,3421,3446
18919510.224,3468,3471,3463,3435,3388,3347,3269,3174,3102,2978,2839,2737,2573,2394,2268,2068
18921179.568,1857,1711,1484,1249,1089,843,593,425,170,-86,-256,-510,-761,-927,-1170,-1408
18922848.912,-1562,-1786,-2000,-2137,-2333,-2516,-2630,-2790,-2935,-3022,-3140,-3241,-3298,-3369,-3422,-3447
18924518.256,-3469,-3472,-3464,-3436,-3389,-3348,-3270,-3175,-3103,-2979,-2840,-2738,-2574,-2395,-2269,-2069
18954566.448,-3504,-3501,-3479,-3454,-3400,-3328,-3270,-3169,-3050,-2962,-2816,-2654,-2539,-2354,-2157,-2019
18956235.792,-1802,-1576,-1421,-1181,-935,-768,-515,-258,-86,171,429,599,851,1099,1261,1498
18957905.136,1727,1875,2087,2289,2416,2596,2763,2865,3006,3130,3204,3300,3377,3419,3466,3495
18959574.480,3503,3500,3478,3437,3399,3327,3238,3168,3049,2914,2815,2653,2478,2353,2156,1947
18961243.824,1801,1575,1341,1180,934,683,514,257,0,-172,-430,-684,-852,-1100,-1342,-1499
18962913.168,-1728,-1948,-2088,-2290,-2479,-2597,-2764,-2915,-3007,-3131,-3239,-3301,-3378,-3438,-3467,-3496
18964582.512,-3505,-3501,-3479,-3438,-3400,-3328,-3239,-3169,-3050,-2915,-2816,-2654,-2479,-2354,-2157,-1948
18966251.856,-1802,-1576,-1342,-1181,-935,-684,-515,-258,0,171,429,683,851,1099,1341,1575
18967921.200,1727,1947,2156,2289,2478,2653,2763,2914,3049,3130,3238,3327,3377,3437,3478,3495
18969590.544,3504,3495,3478,3437,3377,3327,3238,3130,3049,2914,2763,2653,2478,2289,2156,1947
18971259.888,1727,1575,1341,1099,934,683,429,257,0,-258,-430,-684,-935,-1100,-1342,-1576
18972929.232,-1728,-1948,-2157,-2290,-2479,-2654,-2764,-2915,-3050,-3131,-3239,-3328,-3378,-3438,-3479,-3496
19004646.768,-3537,-3521,-3486,-3452,-3386,-3301,-3235,-3121,-2989,-2893,-2735,-2563,-2440,-2245,-2038,-1893
19006316.112,-1668,-1434,-1274,-1028,-776,-605,-347,-87,86,346,604,775,1027,1273,1433,1667
19007985.456,1892,2037,2244,2439,2562,2734,2892,3034,3120,3234,3331,3385,3451,3499,3520,3536
19009654.800,3533,3520,3485,3431,3385,3300,3198,3120,2988,2841,2734,2562,2375,2244,2037,1818
19011324.144,1667,1433,1191,1027,775,519,346,86,-174,-347,-605,-860,-1028,-1274,-1513,-1668
19012993.488,-1893,-2108,-2245,-2440,-2622,-2735,-2893,-3035,-3121,-3235,-3332,-3386,-3452,-3500,-3521,-3537
19014662.832,-3534,-3521,-3486,-3432,-3386,-3301,-3199,-3121,-2989,-2842,-2735,-2563,-2376,-2245,-2038,-1819
19016332.176,-1668,-1434,-1192,-944,-776,-520,-261,-87,173,433,604,859,1109,1273,1512,1743
19018001.520,1892,2107,2310,2439,2621,2789,2892,3034,3160,3234,3331,3409,3451,3499,3528,3536
19019670.864,3533,3511,3485,3431,3359,3300,3198,3078,2988,2841,2678,2562,2375,2176,2037,1818
19021340.208,1590,1433,1191,943,775,519,260,86,-174,-434,-605,-860,-1110,-1274,-1513,-1744
19023009.552,-1893,-2108,-2311,-2440,-2622,-2790,-2893,-3035,-3161,-3235,-3332,-3410,-3452,-3500,-3529,-3537
19054727.088,-3562,-3533,-3485,-3442,-3363,-3265,-3190,-3063,-2920,-2816,-2646,-2463,-2333,-2128,-1911,-1761
19056396.432,-1527,-1286,-1121,-868,-611,-438,-176,87,262,523,782,1036,1203,1447,1683,1835
19058065.776,2056,2265,2398,2586,2760,2868,3016,3149,3228,3331,3417,3463,3518,3553,3566,3569
19059735.120,3553,3532,3484,3417,3362,3264,3149,3062,2919,2760,2645,2462,2265,2127,1910,1683
19061404.464,1526,1285,1036,867,610,350,175,-88,-351,-524,-783,-1037,-1204,-1448,-1684,-1836
19063073.808,-2057,-2266,-2399,-2587,-2761,-2869,-3017,-3150,-3229,-3332,-3418,-3464,-3519,-3554,-3567,-3570
19064743.152,-3554,-3533,-3485,-3418,-3363,-3265,-3150,-3017,-2920,-2761,-2587,-2463,-2266,-2057,-1911,-1684
19066412.496,-1448,-1286,-1037,-783,-611,-351,-88,87,350,610,782,1036,1285,1447,1683,1910
19068081.840,2056,2265,2462,2586,2760,2919,3016,3149,3264,3331,3417,3484,3518,3553,3569,3569
19069751.184,3553,3518,3484,3417,3331,3264,3149,3016,2919,2760,2586,2462,2265,2056,1910,1683
19071420.528,1447,1285,1036,782,610,350,87,-88,-351,-611,-783,-1037,-1286,-1448,-1684,-1911
19073089.872,-2057,-2266,-2463,-2587,-2761,-2920,-3063,-3150,-3265,-3363,-3418,-3485,-3533,-3554,-3570,-3567
19104807.408,-3577,-3535,-3474,-3422,-3330,-3220,-3136,-2997,-2842,-2729,-2549,-2355,-2218,-2003,-1777,-1541
19106476.752,-1380,-1131,-876,-704,-442,-177,0,265,528,703,961,1214,1379,1620,1852,2002
19108146.096,2217,2420,2548,2728,2894,2996,3135,3257,3329,3421,3495,3534,3576,3599,3603,3594
19109815.440,3564,3534,3473,3393,3329,3219,3091,2996,2841,2670,2548,2354,2146,2002,1776,1540
19111484.784,1379,1130,875,703,441,176,0,-266,-529,-704,-962,-1215,-1380,-1621,-1853,-2003
19113154.128,-2218,-2421,-2549,-2729,-2895,-2997,-3136,-3258,-3330,-3422,-3496,-3551,-3577,-3600,-3603,-3595
19114823.472,-3565,-3517,-3474,-3394,-3295,-3220,-3092,-2947,-2842,-2671,-2486,-2355,-2147,-1929,-1777,-1541
19116492.816,-1298,-1131,-876,-617,-442,-177,88,265,528,789,961,1214,1460,1620,1852,2075
19118162.160,2217,2420,2610,2728,2894,3044,3135,3257,3362,3421,3495,3550,3576,3599,3602,3594
19119831.504,3564,3516,3473,3393,3294,3219,3091,2946,2841,2670,2485,2354,2146,1928,1776,1540
19121500.848,1297,1130,875,616,441,176,-89,-266,-529,-790,-1047,-1215,-1461,-1699,-1853,-2076
19123170.192,-2287,-2421,-2611,-2786,-2895,-3045,-3179,-3258,-3363,-3449,-3496,-3551,-3587,-3600,-3603,-3587
19154887.728,-3584,-3528,-3454,-3361,-3288,-3165,-3024,-2922,-2754,-2572,-2443,-2238,-2021,-1870,-1636,-1392
19156557.072,-1226,-970,-710,-534,-268,0,178,445,709,883,1140,1391,1555,1792,2020,2166
19158226.416,2375,2571,2694,2867,3023,3119,3248,3360,3424,3505,3566,3597,3627,3636,3632,3609
19159895.760,3566,3527,3453,3360,3287,3164,3023,2921,2753,2571,2442,2237,2020,1869,1635,1391
19161565.104,1225,969,709,533,267,0,-179,-446,-710,-884,-1141,-1392,-1556,-1793,-2021,-2238
19163234.448,-2376,-2572,-2754,-2868,-3024,-3165,-3249,-3361,-3454,-3506,-3567,-3610,-3628,-3637,-3628,-3610
19164903.792,-3567,-3506,-3454,-3361,-3249,-3165,-3024,-2868,-2754,-2572,-2376,-2238,-2021,-1793,-1636,-1392
19166573.136,-1141,-970,-710,-446,-268,0,267,445,709,969,1140,1391,1635,1792,2020,2237
19168242.480,2375,2571,2753,2867,3023,3164,3248,3360,3453,3505,3566,3609,3627,3636,3627,3609
19169911.824,3566,3505,3453,3360,3248,3164,3023,2867,2753,2571,2375,2237,2020,1792,1555,1391
19171581.168,1140,883,709,445,178,0,-268,-534,-710,-970,-1226,-1392,-1636,-1870,-2021,-2238
19173250.512,-2443,-2572,-2754,-2922,-3024,-3165,-3288,-3361,-3454,-3528,-3567,-3610,-3633,-3637,-3628,-3598
19204968.048,-3559,-3511,-3424,-3317,-3236,-3100,-2947,-2837,-2658,-2464,-2328,-2113,-1887,-1730,-1487,-1237
19206637.392,-1066,-804,-539,-360,-91,180,359,627,891,1065,1320,1568,1729,1962,2185,2327
19208306.736,2529,2718,2836,2999,3146,3235,3354,3454,3510,3579,3629,3651,3667,3664,3651,3614
19209976.080,3558,3510,3423,3316,3235,3099,2946,2836,2657,2463,2327,2112,1886,1729,1486,1236
19211645.424,1065,803,538,269,90,-181,-450,-628,-892,-1151,-1321,-1569,-1809,-1963,-2186,-2397
19213314.768,-2530,-2719,-2893,-3000,-3147,-3278,-3355,-3455,-3536,-3580,-3630,-3659,-3668,-3665,-3642,-3615
19214984.112,-3559,-3484,-3424,-3317,-3193,-3100,-2947,-2779,-2658,-2464,-2258,-2113,-1887,-1650,-1487,-1237
19216653.456,-979,-804,-539,-270,-91,180,449,627,891,1150,1320,1568,1808,1962,2185,2396
19218322.800,2529,2718,2892,2999,3146,3277,3354,3454,3535,3579,3629,3658,3667,3664,3641,3614
19219992.144,3558,3483,3389,3316,3192,3050,2946,2778,2594,2463,2257,2038,1886,1649,1403,1236
19221661.488,978,715,538,269,0,-181,-450,-716,-892,-1151,-1404,-1569,-1809,-2039,-2186,-2397
19223330.832,-2595,-2719,-2893,-3051,-3147,-3278,-3390,-3455,-3536,-3599,-3630,-3659,-3669,-3665,-3642,-3599
19253379.024,-2682,-2862,-2974,-3128,-3265,-3347,-3454,-3543,-3591,-3648,-3685,-3698,-3701,-3685,-3662,-3612
19255048.368,-3543,-3486,-3385,-3265,-3176,-3027,-2862,-2743,-2553,-2349,-2206,-1981,-1746,-1583,-1333,-1075
19256717.712,-900,-633,-363,-182,90,362,543,811,1074,1247,1500,1745,1903,2131,2348,2486
19258387.056,2681,2861,2973,3127,3264,3346,3453,3542,3590,3647,3684,3697,3700,3684,3661,3611
19260056.400,3542,3485,3384,3264,3175,3026,2861,2681,2552,2348,2131,1980,1745,1500,1332,1074
19261725.744,811,632,362,90,-91,-363,-633,-812,-1075,-1333,-1501,-1746,-1981,-2132,-2349,-2553
19263395.088,-2682,-2862,-3027,-3128,-3265,-3385,-3454,-3543,-3612,-3648,-3685,-3701,-3701,-3685,-3648,-3612
19265064.432,-3543,-3454,-3385,-3265,-3128,-3027,-2862,-2682,-2553,-2349,-2132,-1981,-1746,-1501,-1333,-1075
19266733.776,-812,-633,-363,-91,90,362,632,811,1074,1332,1500,1745,1980,2131,2348,2552
19268403.120,2681,2861,3026,3127,3264,3384,3485,3542,3611,3661,3684,3700,3697,3684,3647,3590
19270072.464,3542,3453,3346,3264,3127,2973,2861,2681,2486,2348,2131,1903,1745,1500,1247,1074
19271741.808,811,543,362,90,-182,-363,-633,-900,-1075,-1333,-1583,-1746,-1981,-2206,-2349,-2553
19305128.688,-3517,-3451,-3337,-3204,-3106,-2945,-2768,-2641,-2440,-2225,-2075,-1841,-1597,-1430,-1172,-908
19306798.032,-729,-458,-184,0,274,548,728,996,1258,1429,1679,1920,2074,2297,2508,2640
19308467.376,2828,2999,3105,3249,3376,3450,3546,3622,3663,3706,3730,3733,3724,3694,3644,3599
19310136.720,3516,3414,3336,3203,3053,2944,2767,2575,2439,2224,1998,1840,1596,1344,1171,907
19311806.064,638,457,183,-92,-275,-549,-819,-997,-1259,-1514,-1680,-1921,-2151,-2298,-2509,-2705
19313475.408,-2829,-3000,-3156,-3250,-3377,-3485,-3547,-3623,-3680,-3707,-3731,-3734,-3725,-3695,-3645,-3600
19315144.752,-3517,-3415,-3337,-3204,-3054,-2945,-2768,-2576,-2440,-2225,-1999,-1841,-1597,-1345,-1172,-908
19316814.096,-639,-458,-184,91,274,548,818,996,1258,1513,1760,1920,2150,2369,2508,2704
19318483.440,2887,2999,3155,3293,3376,3484,3574,3622,3679,3716,3730,3733,3716,3694,3644,3574
19320152.784,3516,3414,3293,3203,3053,2887,2767,2575,2369,2224,1998,1760,1596,1344,1084,907
19321822.128,638,366,183,-92,-367,-549,-819,-1085,-1259,-1514,-1761,-1921,-2151,-2370,-2509,-2705
19323491.472,-2888,-3000,-3156,-3294,-3377,-3485,-3575,-3623,-3680,-3717,-3731,-3734,-3717,-3695,-3645,-3575
19353539.664,-2971,-3133,-3232,-3366,-3482,-3548,-3632,-3696,-3728,-3758,-3768,-3764,-3740,-3696,-3655,-3578
19355209.008,-3482,-3407,-3279,-3133,-3027,-2854,-2665,-2531,-2319,-2094,-1938,-1695,-1442,-1270,-1005,-736
19356878.352,-553,-278,0,184,461,735,915,1181,1441,1611,1857,2093,2244,2461,2664,2853
19358547.696,2970,3132,3278,3365,3481,3577,3631,3695,3739,3757,3767,3757,3739,3695,3631,3577
19360217.040,3481,3365,3278,3132,2970,2853,2664,2461,2318,2093,1857,1694,1441,1181,1004,735
19361886.384,461,277,0,-278,-462,-736,-1005,-1182,-1442,-1695,-1858,-2094,-2319,-2462,-2665,-2854
19363555.728,-2971,-3133,-3279,-3366,-3482,-3578,-3632,-3696,-3740,-3758,-3768,-3758,-3740,-3696,-3632,-3578
19365225.072,-3482,-3366,-3279,-3133,-2971,-2854,-2665,-2462,-2319,-2094,-1858,-1695,-1442,-1182,-916,-736
19366894.416,-462,-185,0,277,552,735,1004,1269,1441,1694,1937,2093,2318,2530,2664,2853
19368563.760,3026,3132,3278,3406,3481,3577,3654,3695,3739,3763,3767,3757,3727,3695,3631,3547
19370233.104,3481,3365,3231,3132,2970,2791,2664,2461,2244,2093,1857,1611,1441,1181,915,735
19371902.448,461,184,0,-278,-553,-736,-1005,-1270,-1442,-1695,-1938,-2094,-2319,-2531,-2665,-2854
19405289.328,-3436,-3352,-3211,-3053,-2938,-2753,-2552,-2411,-2189,-1954,-1792,-1540,-1281,-1104,-833,-558
19406958.672,-373,-94,186,465,649,923,1191,1367,1624,1872,2032,2263,2482,2620,2815,2995
19408628.016,3106,3259,3394,3473,3577,3662,3707,3758,3789,3798,3795,3771,3743,3686,3608,3545
19410297.360,3435,3306,3210,3052,2877,2752,2551,2337,2188,1953,1708,1539,1280,1013,832,557
19411966.704,279,93,-187,-466,-650,-924,-1192,-1368,-1625,-1873,-2033,-2264,-2483,-2621,-2816,-2996
19413636.048,-3107,-3260,-3395,-3474,-3578,-3663,-3708,-3759,-3790,-3799,-3796,-3772,-3744,-3687,-3609,-3546
19415305.392,-3436,-3307,-3160,-3053,-2878,-2687,-2552,-2338,-2112,-1954,-1709,-1455,-1281,-1014,-742,-558
19416974.736,-280,0,186,465,741,923,1191,1454,1624,1872,2111,2263,2482,2686,2815,2995
19418644.080,3159,3259,3394,3510,3577,3662,3726,3758,3789,3799,3795,3771,3726,3686,3608,3510
19420313.424,3435,3306,3159,3052,2877,2686,2551,2337,2111,1953,1708,1454,1280,1013,741,557
19421982.768,279,0,-187,-466,-742,-924,-1192,-1455,-1625,-1873,-2112,-2264,-2483,-2687,-2816,-2996
19423652.112,-3160,-3307,-3395,-3511,-3609,-3663,-3727,-3772,-3790,-3800,-3790,-3772,-3727,-3663,-3609,-3511
19453700.304,-3239,-3381,-3465,-3577,-3668,-3719,-3777,-3815,-3829,-3832,-3815,-3792,-3740,-3668,-3609,-3505
19455369.648,-3381,-3288,-3134,-2963,-2841,-2643,-2432,-2208,-2051,-1807,-1554,-1380,-1113,-840,-656,-376
19457038.992,-95,94,375,655,839,1112,1379,1553,1806,2050,2207,2431,2642,2775,2962,3133
19458708.336,3238,3380,3504,3576,3667,3739,3776,3814,3831,3831,3814,3776,3739,3667,3576,3504
19460377.680,3380,3238,3133,2962,2775,2642,2431,2207,2050,1806,1553,1379,1112,839,655,375
19462047.024,94,-95,-376,-656,-840,-1113,-1380,-1554,-1807,-2051,-2208,-2432,-2643,-2776,-2963,-3134
19463716.368,-3239,-3381,-3505,-3577,-3668,-3740,-3792,-3815,-3832,-3829,-3815,-3777,-3719,-3668,-3577,-3465
19465385.712,-3381,-3239,-3079,-2963,-2776,-2575,-2432,-2208,-1971,-1807,-1554,-1292,-1113,-840,-563,-376
19467055.056,-95,188,375,655,931,1112,1379,1638,1806,2050,2283,2431,2642,2840,2962,3133
19468724.400,3287,3380,3504,3608,3667,3739,3791,3814,3831,3828,3814,3776,3718,3667,3576,3464
19470393.744,3380,3238,3078,2962,2775,2574,2431,2207,1970,1806,1553,1291,1112,839,562,375
19472063.088,94,-189,-376,-656,-932,-1203,-1380,-1639,-1890,-2051,-2284,-2504,-2643,-2841,-3022,-3134
19505449.968,-3316,-3161,-3048,-2865,-2666,-2526,-2303,-2069,-1906,-1653,-1392,-1213,-940,-661,-474,-190
19507119.312,94,284,567,846,1031,1302,1566,1738,1987,2226,2378,2596,2799,2927,3105,3266
19508788.656,3363,3494,3606,3670,3750,3809,3836,3861,3864,3855,3823,3771,3725,3639,3534,3453
19510458.000,3315,3160,3047,2864,2665,2525,2302,2068,1905,1652,1391,1212,939,660,473,189
19512127.344,-95,-285,-568,-847,-1032,-1303,-1567,-1739,-1988,-2227,-2453,-2597,-2800,-2989,-3106,-3267
19513796.688,-3410,-3495,-3607,-3700,-3751,-3810,-3848,-3862,-3865,-3848,-3824,-3772,-3700,-3640,-3535,-3410
19515466.032,-3316,-3161,-2989,-2865,-2666,-2453,-2303,-2069,-1823,-1653,-1392,-1123,-940,-661,-379,-190
19517135.376,94,378,567,846,1122,1302,1566,1822,1987,2226,2452,2596,2799,2988,3105,3266
19518804.720,3409,3494,3606,3699,3750,3809,3847,3861,3864,3847,3823,3771,3699,3639,3534,3409
19520474.064,3315,3160,2988,2864,2665,2452,2302,2068,1822,1566,1391,1122,846,660,378,94
19522143.408,-95,-379,-661,-847,-1123,-1392,-1567,-1823,-2069,-2227,-2453,-2666,-2800,-2989,-3161,-3267
19523812.752,-3410,-3535,-3607,-3700,-3772,-3810,-3848,-3865,-3865,-3848,-3810,-3772,-3700,-3607,-3535,-3410
19553860.944,-3483,-3603,-3703,-3758,-3824,-3870,-3889,-3899,-3889,-3870,-3824,-3758,-3703,-3603,-3483,-3393
19555530.288,-3242,-3074,-2953,-2757,-2547,-2399,-2167,-1922,-1753,-1492,-1223,-1040,-761,-478,-287,0
19557199.632,286,477,760,1039,1222,1491,1752,1921,2166,2398,2546,2756,2952,3073,3241,3392
19558868.976,3482,3602,3702,3757,3823,3869,3888,3898,3888,3869,3823,3757,3702,3602,3482,3392
19560538.320,3241,3073,2952,2756,2546,2398,2166,1921,1752,1491,1222,1039,760,477,191,0
19562207.664,-287,-573,-761,-1040,-1314,-1492,-1753,-2005,-2167,-2399,-2619,-2757,-2953,-3132,-3242,-3393
19563877.008,-3525,-3603,-3703,-3783,-3824,-3870,-3895,-3899,-3889,-3857,-3824,-3758,-3672,-3603,-3483,-3345
19565546.352,-3242,-3074,-2889,-2757,-2547,-2323,-2167,-1922,-1668,-1492,-1223,-948,-761,-478,-192,0
19567215.696,286,572,760,1039,1313,1491,1752,2004,2166,2398,2618,2756,2952,3131,3241,3392
19568885.040,3524,3602,3702,3782,3823,3869,3894,3898,3888,3856,3823,3757,3671,3564,3482,3344
19570554.384,3187,3073,2888,2688,2546,2322,2085,1921,1667,1403,1222,947,666,477,191,-96
19572223.728,-287,-573,-855,-1040,-1314,-1581,-1753,-2005,-2246,-2399,-2619,-2824,-2953,-3132,-3294,-3393
19605610.608,-3158,-2977,-2847,-2640,-2419,-2264,-2021,-1768,-1594,-1325,-1049,-862,-577,-290,-97,192
19607279.952,481,672,955,1232,1414,1680,1937,2102,2341,2567,2710,2912,3098,3213,3371,3511
19608949.296,3593,3701,3788,3835,3888,3920,3929,3926,3901,3873,3813,3732,3667,3553,3420,3320
19610618.640,3157,2976,2779,2639,2418,2183,2020,1767,1504,1324,1048,766,576,289,0,-193
19612287.984,-482,-767,-956,-1233,-1505,-1681,-1938,-2184,-2342,-2568,-2780,-2913,-3099,-3269,-3372,-3512
19613957.328,-3632,-3702,-3789,-3856,-3889,-3921,-3931,-3927,-3902,-3856,-3814,-3733,-3632,-3554,-3421,-3269
19615626.672,-3158,-2977,-2780,-2640,-2419,-2184,-2021,-1768,-1505,-1325,-1049,-767,-577,-290,0,192
19617296.016,481,766,955,1232,1504,1680,1937,2183,2341,2567,2779,2912,3098,3268,3371,3511
19618965.360,3631,3732,3788,3855,3901,3920,3930,3920,3901,3855,3788,3732,3631,3511,3420,3268
19620634.704,3098,2976,2779,2567,2418,2183,1937,1767,1504,1232,1048,766,481,289,0,-290
19622304.048,-482,-767,-1049,-1233,-1505,-1768,-1938,-2184,-2419,-2568,-2780,-2977,-3099,-3269,-3421,-3512
19623973.392,-3632,-3733,-3789,-3856,-3902,-3921,-3931,-3921,-3902,-3856,-3789,-3733,-3632,-3512,-3421,-3269
19654021.584,-3699,-3794,-3868,-3906,-3945,-3963,-3963,-3945,-3906,-3868,-3794,-3699,-3624,-3496,-3349,-3241
19655690.928,-3065,-2871,-2734,-2515,-2283,-2121,-1869,-1607,-1427,-1151,-869,-678,-389,-98,97,388
19657360.272,677,868,1150,1426,1606,1868,2120,2282,2514,2733,2870,3064,3240,3348,3495,3623
19659029.616,3698,3793,3867,3905,3944,3962,3959,3944,3905,3845,3793,3698,3583,3495,3348,3183
19660698.960,3064,2870,2661,2514,2282,2037,1868,1606,1335,1150,868,581,388,97,-195,-389
19662368.304,-678,-964,-1151,-1427,-1695,-1869,-2121,-2362,-2515,-2734,-2938,-3065,-3241,-3400,-3496,-3624
19664037.648,-3733,-3794,-3868,-3921,-3945,-3963,-3960,-3945,-3906,-3846,-3794,-3699,-3584,-3496,-3349,-3184
19665706.992,-3065,-2871,-2662,-2515,-2283,-2038,-1869,-1607,-1336,-1151,-869,-582,-389,-98,194,388
19667376.336,677,963,1150,1426,1694,1953,2120,2361,2589,2733,2937,3124,3240,3399,3540,3623
19669045.680,3732,3820,3867,3920,3953,3962,3959,3934,3905,3845,3763,3698,3583,3448,3348,3183
19670715.024,3001,2870,2661,2438,2282,2037,1782,1606,1335,1057,868,581,291,97,-195,-486
19672384.368,-678,-964,-1244,-1427,-1695,-1954,-2121,-2362,-2590,-2734,-2938,-3125,-3241,-3400,-3541,-3624
19705771.248,-2962,-2756,-2611,-2381,-2139,-1971,-1709,-1439,-1254,-972,-684,-490,-197,98,293,586
19707440.592,875,1065,1346,1619,1796,2054,2301,2458,2684,2894,3089,3210,3376,3524,3613,3729
19709109.936,3824,3877,3938,3977,3992,3995,3977,3953,3899,3824,3763,3653,3524,3428,3267,3089
19710779.280,2961,2755,2535,2380,2138,1884,1708,1438,1160,971,683,391,196,-99,-392,-587
19712448.624,-876,-1161,-1347,-1620,-1885,-2055,-2302,-2536,-2685,-2895,-3090,-3211,-3377,-3525,-3614,-3730
19714117.968,-3825,-3878,-3939,-3978,-3993,-3996,-3978,-3954,-3900,-3825,-3764,-3654,-3525,-3429,-3268,-3090
19715787.312,-2962,-2756,-2536,-2381,-2139,-1885,-1709,-1439,-1161,-876,-684,-392,-99,98,391,683
19717456.656,875,1160,1438,1619,1884,2138,2301,2535,2755,2894,3089,3267,3376,3524,3653,3729
19719126.000,3824,3899,3938,3977,3995,3995,3977,3938,3899,3824,3729,3653,3524,3376,3267,3089
19720795.344,2894,2755,2535,2301,2138,1884,1619,1438,1160,875,683,391,98,-99,-392,-684
19722464.688,-876,-1161,-1439,-1620,-1885,-2139,-2302,-2536,-2756,-2895,-3090,-3268,-3377,-3525,-3654,-3730
19724134.032,-3825,-3900,-3939,-3978,-3996,-3993,-3978,-3939,-3878,-3825,-3730,-3614,-3525,-3377,-3211,-3090
19754182.224,-3884,-3953,-4000,-4019,-4030,-4019,-4000,-3953,-3884,-3827,-3724,-3600,-3507,-3351,-3177,-3052
19755851.568,-2850,-2633,-2480,-2239,-1987,-1812,-1543,-1265,-1075,-787,-494,-297,0,296,591,786
19757520.912,1074,1357,1542,1811,2071,2238,2479,2706,2849,3051,3236,3350,3506,3642,3723,3826
19759190.256,3909,3952,3999,4025,4029,4018,3986,3952,3883,3794,3723,3599,3456,3350,3176,2985
19760859.600,2849,2632,2400,2238,1986,1723,1542,1264,979,786,493,197,0,-297,-592,-787
19762528.944,-1075,-1358,-1543,-1812,-2072,-2239,-2480,-2707,-2850,-3052,-3237,-3351,-3507,-3643,-3724,-3827
19764198.288,-3910,-3953,-4000,-4026,-4030,-4019,-3987,-3953,-3884,-3795,-3724,-3600,-3457,-3295,-3177,-2986
19765867.632,-2779,-2633,-2401,-2156,-1987,-1724,-1451,-1265,-980,-689,-494,-198,98,296,591,882
19767536.976,1074,1357,1633,1811,2071,2320,2479,2706,2918,3051,3236,3404,3506,3642,3759,3826
19769206.320,3909,3970,3999,4025,4028,4018,3986,3931,3883,3794,3684,3599,3456,3294,3176,2985
19770875.664,2778,2632,2400,2155,1986,1723,1450,1264,979,688,493,197,-99,-297,-592,-883
19772545.008,-1075,-1358,-1634,-1812,-2072,-2321,-2480,-2707,-2919,-3116,-3237,-3405,-3555,-3643,-3760,-3857
19804262.544,-3964,-4018,-4051,-4061,-4058,-4032,-4003,-3941,-3857,-3790,-3672,-3535,-3432,-3263,-3076,-2942
19805931.888,-2728,-2499,-2257,-2089,-1827,-1555,-1369,-1084,-793,-597,-299,0,199,497,792,986
19807601.232,1274,1554,1736,2002,2256,2419,2653,2872,3009,3202,3377,3483,3628,3752,3824,3914
19809270.576,3983,4017,4050,4061,4057,4031,3983,3940,3856,3752,3671,3534,3377,3262,3075,2872
19810939.920,2727,2498,2256,2088,1826,1554,1368,1083,792,596,298,0,-200,-498,-793,-987
19812609.264,-1275,-1555,-1737,-2003,-2257,-2420,-2654,-2873,-3010,-3203,-3378,-3484,-3629,-3753,-3825,-3915
19814278.608,-3984,-4032,-4051,-4062,-4051,-4032,-3984,-3915,-3857,-3753,-3629,-3535,-3378,-3203,-3076,-2873
19815947.952,-2654,-2499,-2257,-2003,-1827,-1555,-1275,-1084,-793,-498,-299,0,298,497,792,1083
19817617.296,1274,1554,1826,2002,2256,2498,2653,2872,3075,3202,3377,3534,3628,3752,3856,3914
19819286.640,3983,4031,4050,4061,4050,4031,3983,3914,3856,3752,3628,3534,3377,3202,3075,2872
19820955.984,2653,2498,2256,2002,1826,1554,1274,1083,792,497,298,0,-299,-597,-793,-1084
19822625.328,-1369,-1555,-1827,-2089,-2257,-2499,-2728,-2873,-3076,-3263,-3378,-3535,-3672,-3753,-3857,-3941
19854342.864,-4035,-4076,-4094,-4094,-4076,-4035,-3973,-3919,-3821,-3702,-3612,-3460,-3290,-3166,-2966,-2750
19856012.208,-2598,-2358,-2106,-1931,-1660,-1380,-1189,-898,-601,-402,-101,200,401,700,995,1188
19857681.552,1473,1750,1930,2190,2439,2597,2823,3034,3165,3347,3512,3611,3743,3855,3918,3995
19859350.896,4050,4075,4093,4090,4075,4034,3972,3918,3820,3701,3611,3459,3289,3165,2965,2749
19861020.240,2597,2357,2105,1930,1659,1379,1188,897,600,401,100,-201,-402,-701,-996,-1189
19862689.584,-1474,-1751,-1931,-2191,-2440,-2675,-2824,-3035,-3229,-3348,-3513,-3658,-3744,-3856,-3947,-3996
19864358.928,-4051,-4084,-4094,-4091,-4065,-4035,-3973,-3889,-3821,-3702,-3563,-3460,-3290,-3101,-2966,-2750
19866028.272,-2520,-2358,-2106,-1842,-1660,-1380,-1093,-898,-601,-302,-101,200,501,700,995,1284
19867697.616,1473,1750,2018,2190,2439,2674,2823,3034,3228,3347,3512,3657,3743,3855,3946,3995
19869366.960,4050,4083,4093,4090,4064,4034,3972,3888,3820,3701,3562,3459,3289,3100,2965,2749
19871036.304,2519,2274,2105,1841,1566,1379,1092,798,600,301,0,-201,-502,-799,-996,-1285
19872705.648,-1567,-1751,-2019,-2275,-2440,-2675,-2896,-3035,-3229,-3405,-3513,-3658,-3784,-3856,-3947,-4017
19904423.184,-4108,-4123,-4127,-4108,-4084,-4028,-3951,-3887,-3774,-3641,-3541,-3375,-3191,-3059,-2847,-2619
19906092.528,-2459,-2209,-1946,-1765,-1486,-1199,-1004,-706,-405,-203,101,404,605,904,1198,1390
19907761.872,1672,1945,2122,2376,2618,2772,2989,3190,3315,3487,3640,3731,3851,3950,4004,4067
19909431.216,4107,4122,4126,4107,4083,4027,3950,3886,3773,3640,3540,3374,3190,3058,2846,2618
19911100.560,2458,2208,1945,1764,1485,1198,1003,705,404,101,-102,-405,-706,-905,-1199,-1486
19912769.904,-1673,-1946,-2209,-2377,-2619,-2847,-2990,-3191,-3375,-3488,-3641,-3774,-3852,-3951,-4028,-4068
19914439.248,-4108,-4127,-4127,-4108,-4068,-4028,-3951,-3852,-3774,-3641,-3488,-3375,-3191,-2990,-2847,-2619
19916108.592,-2377,-2209,-1946,-1673,-1486,-1199,-905,-706,-405,-102,101,404,705,904,1198,1485
19917777.936,1672,1945,2208,2376,2618,2846,2989,3190,3374,3487,3640,3773,3851,3950,4027,4067
19919447.280,4107,4126,4126,4107,4067,4004,3950,3851,3731,3640,3487,3315,3190,2989,2772,2618
19921116.624,2376,2122,1945,1672,1390,1198,904,605,404,101,-203,-405,-706,-1004,-1199,-1486
19922785.968,-1765,-1946,-2209,-2459,-2619,-2847,-3059,-3191,-3375,-3541,-3641,-3774,-3887,-3951,-4028,-4084
19952834.160,-1871,-2140,-2312,-2560,-2795,-2943,-3151,-3343,-3460,-3621,-3762,-3845,-3951,-4037,-4081,-4130
19954503.504,-4156,-4161,-4150,-4116,-4081,-4011,-3918,-3845,-3717,-3569,-3460,-3281,-3084,-2943,-2718,-2479
19956172.848,-2312,-2051,-1780,-1593,-1306,-1012,-812,-510,-205,0,306,610,811,1109,1401,1592
19957842.192,1870,2139,2311,2559,2794,2942,3150,3342,3459,3620,3761,3844,3950,4036,4080,4129
19959511.536,4155,4160,4149,4115,4080,4010,3917,3844,3716,3568,3459,3280,3083,2869,2717,2478
19961180.880,2226,2050,1779,1497,1305,1011,711,509,204,-103,-307,-611,-912,-1110,-1402,-1687
19962850.224,-1871,-2140,-2396,-2560,-2795,-3014,-3151,-3343,-3516,-3621,-3762,-3883,-3951,-4037,-4100,-4130
19964519.568,-4156,-4160,-4150,-4116,-4060,-4011,-3918,-3804,-3717,-3569,-3402,-3281,-3084,-2870,-2718,-2479
19966188.912,-2227,-2051,-1780,-1498,-1306,-1012,-712,-510,-205,102,306,610,911,1109,1401,1686
19967858.256,1870,2139,2395,2559,2794,3013,3150,3342,3515,3669,3761,3882,3981,4036,4099,4140
19969527.600,4155,4159,4140,4115,4059,3981,3917,3803,3669,3568,3401,3216,3083,2869,2639,2478
19971196.944,2226,1961,1779,1497,1207,1011,711,407,204,-103,-408,-611,-912,-1208,-1402,-1687
20004583.824,-4194,-4189,-4163,-4114,-4069,-3983,-3875,-3792,-3650,-3488,-3369,-3176,-2966,-2817,-2581,-2330
20006253.168,-2157,-1886,-1605,-1413,-1119,-819,-616,-309,0,205,513,818,1019,1315,1604,1793
20007922.512,2067,2329,2498,2739,2965,3107,3306,3487,3597,3746,3874,3948,4041,4113,4148,4182
20009591.856,4193,4182,4162,4113,4041,3982,3874,3746,3649,3487,3306,3175,2965,2739,2580,2329
20011261.200,2067,1885,1604,1315,1118,818,513,308,0,-309,-514,-819,-1119,-1316,-1605,-1886
20012930.544,-2068,-2330,-2581,-2740,-2966,-3176,-3307,-3488,-3650,-3747,-3875,-3983,-4042,-4114,-4163,-4183
20014599.888,-4194,-4183,-4163,-4114,-4042,-3983,-3875,-3747,-3650,-3488,-3307,-3176,-2966,-2740,-2581,-2330
20016269.232,-2068,-1886,-1605,-1316,-1119,-819,-514,-309,0,308,513,818,1118,1412,1604,1885
20017938.576,2156,2329,2580,2816,2965,3175,3368,3487,3649,3791,3874,3982,4068,4113,4162,4188
20019607.920,4193,4182,4148,4113,4041,3948,3874,3746,3597,3487,3306,3107,2965,2739,2498,2329
20021277.264,2067,1793,1604,1315,1019,818,513,205,0,-309,-616,-819,-1119,-1413,-1605,-1886
20022946.608,-2157,-2330,-2581,-2817,-2966,-3176,-3369,-3488,-3650,-3792,-3875,-3983,-4069,-4114,-4163,-4189
20052994.800,-2261,-2518,-2681,-2914,-3132,-3267,-3456,-3625,-3727,-3864,-3979,-4044,-4124,-4181,-4206,-4225
20054664.144,-4221,-4206,-4164,-4100,-4044,-3943,-3821,-3727,-3571,-3395,-3267,-3061,-2838,-2681,-2434,-2173
20056333.488,-1993,-1713,-1424,-1227,-926,-621,-415,-104,207,414,722,1026,1226,1520,1806,1992
20058002.832,2260,2517,2680,2913,3131,3331,3455,3624,3774,3863,3978,4072,4123,4180,4214,4224
20059672.176,4220,4194,4163,4099,4012,3942,3820,3676,3570,3394,3199,3060,2837,2599,2433,2172
20061341.520,1899,1712,1423,1127,925,620,310,103,-208,-518,-723,-1027,-1326,-1521,-1807,-2083
20063010.864,-2261,-2518,-2761,-2914,-3132,-3332,-3456,-3625,-3775,-3864,-3979,-4073,-4124,-4181,-4215,-4225
20064680.208,-4221,-4195,-4164,-4100,-4013,-3943,-3821,-3677,-3571,-3395,-3200,-3061,-2838,-2600,-2434,-2173
20066349.552,-1900,-1618,-1424,-1128,-825,-621,-311,0,207,517,824,1026,1325,1617,1806,2082
20068018.896,2347,2517,2760,2988,3131,3331,3513,3624,3774,3904,3978,4072,4144,4180,4214,4225
20069688.240,4220,4194,4144,4099,4012,3904,3820,3676,3513,3394,3199,2988,2837,2599,2347,2172
20071357.584,1899,1617,1423,1127,824,620,310,0,-208,-518,-825,-1027,-1326,-1618,-1807,-2083
20104744.464,-4239,-4213,-4156,-4076,-4010,-3894,-3756,-3653,-3483,-3293,-3156,-2937,-2702,-2537,-2279,-2008
20106413.808,-1821,-1533,-1237,-1035,-729,-418,-209,104,417,728,933,1236,1532,1725,2007,2278
20108083.152,2452,2701,2936,3084,3292,3482,3598,3755,3893,3973,4075,4155,4196,4238,4257,4257
20109752.496,4238,4196,4155,4075,3973,3893,3755,3598,3482,3292,3084,2936,2701,2452,2278,2007
20111421.840,1725,1532,1236,933,728,417,104,-105,-418,-729,-934,-1237,-1533,-1726,-2008,-2279
20113091.184,-2453,-2702,-2937,-3085,-3293,-3483,-3599,-3756,-3894,-3974,-4076,-4156,-4197,-4239,-4258,-4258
20114760.528,-4239,-4197,-4156,-4076,-3974,-3850,-3756,-3599,-3421,-3293,-3085,-2861,-2702,-2453,-2190,-2008
20116429.872,-1726,-1435,-1237,-934,-625,-418,-105,208,417,728,1034,1236,1532,1820,2007,2278
20118099.216,2536,2701,2936,3155,3292,3482,3652,3755,3893,4009,4075,4155,4212,4238,4257,4253
20119768.560,4238,4196,4131,4075,3973,3849,3755,3598,3420,3292,3084,2860,2701,2452,2189,2007
20121437.904,1725,1434,1236,933,624,417,104,-209,-418,-729,-1035,-1237,-1533,-1821,-2008,-2279
20123107.248,-2537,-2702,-2937,-3156,-3358,-3483,-3653,-3805,-3894,-4010,-4105,-4156,-4213,-4248,-4258,-4254
20153155.440,-2641,-2883,-3035,-3250,-3448,-3569,-3735,-3880,-3966,-4076,-4164,-4210,-4260,-4287,-4292,-4281
20154824.784,-4246,-4210,-4137,-4042,-3966,-3834,-3682,-3569,-3384,-3181,-3035,-2804,-2557,-2297,-2116,-1836
20156494.128,-1545,-1347,-1043,-734,-526,-211,105,315,629,940,1144,1445,1739,1929,2206,2471
20158163.472,2640,2882,3108,3249,3447,3625,3734,3879,4004,4075,4163,4228,4259,4286,4290,4280
20159832.816,4245,4187,4136,4041,3923,3833,3681,3508,3383,3180,2959,2803,2556,2296,2115,1835
20161502.160,1544,1346,1042,733,525,210,-106,-316,-630,-941,-1145,-1446,-1740,-1930,-2207,-2472
20163171.504,-2641,-2883,-3109,-3250,-3448,-3626,-3735,-3880,-4005,-4108,-4164,-4229,-4272,-4287,-4291,-4272
20164840.848,-4246,-4188,-4108,-4042,-3924,-3786,-3682,-3509,-3318,-3181,-2960,-2723,-2557,-2297,-2024,-1836
20166510.192,-1545,-1246,-1043,-734,-421,-211,105,420,629,940,1245,1445,1739,2023,2206,2471
20168179.536,2722,2882,3108,3317,3447,3625,3785,3879,4004,4107,4163,4228,4271,4286,4290,4271
20169848.880,4245,4187,4107,4041,3923,3785,3681,3508,3317,3180,2959,2722,2556,2296,2023,1835
20171518.224,1544,1245,1042,733,420,210,-106,-421,-734,-941,-1246,-1545,-1740,-2024,-2297,-2472
20204905.104,-4242,-4169,-4107,-3996,-3864,-3763,-3597,-3410,-3275,-3059,-2825,-2661,-2403,-2132,-1945,-1656
20206574.448,-1357,-1154,-844,-530,-319,0,318,529,843,1153,1356,1655,1944,2131,2402,2660
20208243.792,2824,3058,3274,3409,3596,3762,3863,3995,4106,4168,4241,4292,4313,4324,4313,4292
20209913.136,4241,4168,4106,3995,3863,3762,3596,3409,3274,3058,2824,2660,2402,2131,1944,1655
20211582.480,1356,1153,843,529,318,0,-319,-530,-844,-1154,-1357,-1656,-1945,-2224,-2403,-2661
20213251.824,-2905,-3059,-3275,-3474,-3597,-3763,-3910,-3996,-4107,-4196,-4242,-4293,-4320,-4325,-4314,-4279
20214921.168,-4242,-4169,-4073,-3996,-3864,-3710,-3597,-3410,-3205,-3059,-2825,-2577,-2403,-2132,-1850,-1656
20216590.512,-1357,-1051,-844,-530,-213,0,318,634,843,1153,1457,1655,1944,2223,2402,2660
20218259.856,2904,3058,3274,3473,3596,3762,3909,3995,4106,4195,4241,4292,4319,4324,4313,4278
20219929.200,4241,4168,4072,3995,3863,3709,3596,3409,3204,3058,2824,2576,2313,2131,1849,1556
20221598.544,1356,1050,739,529,212,-107,-319,-635,-948,-1154,-1458,-1753,-1945,-2224,-2491,-2661
20223267.888,-2905,-3133,-3275,-3474,-3654,-3763,-3910,-4036,-4107,-4196,-4262,-4293,-4320,-4324,-4314,-4279
20253316.080,-3005,-3229,-3368,-3563,-3737,-3892,-3984,-4103,-4200,-4252,-4310,-4346,-4356,-4352,-4325,-4293
20254985.424,-4227,-4137,-4065,-3939,-3791,-3681,-3500,-3299,-3156,-2926,-2681,-2509,-2240,-1959,-1766,-1468
20256654.768,-1162,-955,-640,-321,-107,213,533,744,1058,1366,1568,1862,2147,2330,2595,2845
20258324.112,3004,3228,3434,3562,3736,3891,3983,4102,4199,4251,4309,4345,4355,4351,4324,4292
20259993.456,4226,4136,4064,3938,3790,3680,3499,3298,3155,2925,2680,2508,2239,1958,1765,1467
20261662.800,1161,850,639,320,0,-214,-534,-851,-1059,-1367,-1668,-1863,-2148,-2421,-2596,-2846
20263332.144,-3081,-3229,-3435,-3623,-3737,-3892,-4026,-4103,-4200,-4274,-4310,-4346,-4357,-4352,-4325,-4274
20265001.488,-4227,-4137,-4026,-3939,-3791,-3623,-3500,-3299,-3081,-2926,-2681,-2421,-2240,-1959,-1668,-1468
20266670.832,-1162,-851,-640,-321,0,213,533,850,1058,1366,1667,1862,2147,2420,2595,2845
20268340.176,3080,3228,3434,3622,3736,3891,4025,4102,4199,4273,4309,4345,4356,4351,4324,4273
20270009.520,4199,4136,4025,3891,3790,3622,3434,3298,3080,2845,2680,2420,2147,1958,1667,1366
20271678.864,1161,850,533,320,0,-321,-534,-851,-1162,-1367,-1668,-1959,-2148,-2421,-2681,-2846
20305065.744,-4201,-4096,-4014,-3872,-3709,-3590,-3394,-3180,-3027,-2785,-2528,-2349,-2070,-1780,-1580,-1275
20306735.088,-962,-751,-431,-108,107,430,750,961,1274,1579,1779,2069,2348,2527,2784,3026
20308404.432,3179,3393,3589,3708,3871,4013,4095,4200,4283,4325,4368,4388,4388,4368,4325,4283
20310073.776,4200,4095,4013,3871,3708,3526,3393,3179,2948,2784,2527,2256,2069,1779,1478,1274
20311743.120,961,644,430,107,-216,-431,-751,-1067,-1275,-1580,-1877,-2070,-2349,-2616,-2785,-3027
20313412.464,-3253,-3394,-3590,-3766,-3872,-4014,-4134,-4201,-4284,-4343,-4369,-4389,-4385,-4369,-4326,-4259
20315081.808,-4201,-4096,-3969,-3872,-3709,-3527,-3394,-3180,-2949,-2785,-2528,-2257,-2070,-1780,-1479,-1275
20316751.152,-962,-645,-431,-108,215,430,750,1066,1274,1579,1876,2069,2348,2615,2784,3026
20318420.496,3252,3393,3589,3765,3921,4013,4133,4230,4283,4342,4377,4388,4384,4356,4325,4258
20320089.840,4168,4095,3968,3819,3708,3526,3323,3179,2948,2700,2527,2256,1973,1779,1478,1170
20321759.184,961,644,322,107,-216,-538,-751,-1067,-1377,-1580,-1877,-2164,-2349,-2616,-2868,-3027
20323428.528,-3253,-3461,-3590,-3766,-3922,-4014,-4134,-4231,-4284,-4343,-4378,-4389,-4385,-4357,-4326,-4259
20353476.720,-3349,-3553,-3737,-3849,-3999,-4127,-4200,-4291,-4358,-4390,-4418,-4422,-4411,-4375,-4316,-4263
20355146.064,-4165,-4044,-3951,-3794,-3617,-3487,-3278,-3050,-2889,-2635,-2367,-2181,-1892,-1592,-1388,-1075
20356815.408,-757,-542,-218,108,325,648,969,1179,1490,1792,1988,2273,2546,2721,2970,3203
20358484.752,3348,3552,3736,3848,3998,4126,4199,4290,4357,4401,4417,4421,4401,4374,4315,4232
20360154.096,4164,4043,3900,3793,3616,3418,3277,3049,2805,2634,2366,2084,1891,1591,1283,1074
20361823.440,756,433,217,-109,-434,-649,-970,-1284,-1491,-1793,-2085,-2274,-2547,-2806,-2971,-3204
20363492.784,-3419,-3553,-3737,-3901,-3999,-4127,-4233,-4291,-4358,-4402,-4418,-4422,-4402,-4375,-4316,-4233
20365162.128,-4165,-4044,-3901,-3794,-3617,-3419,-3278,-3050,-2806,-2635,-2367,-2085,-1892,-1592,-1284,-1075
20366831.472,-757,-434,-218,108,433,648,969,1283,1591,1792,2084,2366,2546,2805,3049,3203
20368500.816,3418,3616,3736,3900,4043,4126,4232,4315,4357,4401,4421,4421,4401,4357,4315,4232
20370170.160,4126,4043,3900,3736,3616,3418,3203,3049,2805,2546,2366,2084,1792,1591,1283,969
20371839.504,756,433,108,-109,-434,-757,-970,-1284,-1592,-1793,-2085,-2367,-2547,-2806,-3050,-3204
20405226.384,-4117,-3981,-3877,-3705,-3513,-3374,-3151,-2911,-2742,-2476,-2197,-2004,-1706,-1398,-1189,-870
20406895.728,-546,-328,0,327,545,869,1188,1397,1705,2003,2196,2475,2741,2992,3150,3373
20408565.072,3579,3704,3876,4028,4116,4230,4322,4370,4422,4450,4455,4443,4407,4370,4294,4195
20410234.416,4116,3980,3821,3704,3512,3301,3150,2910,2654,2475,2196,1905,1705,1397,1082,869
20411903.760,545,218,0,-328,-654,-870,-1189,-1502,-1706,-2004,-2291,-2476,-2742,-2993,-3151,-3374
20413573.104,-3580,-3705,-3877,-4029,-4117,-4231,-4323,-4371,-4423,-4451,-4456,-4444,-4408,-4371,-4295,-4196
20415242.448,-4117,-3981,-3822,-3705,-3513,-3302,-3151,-2911,-2655,-2476,-2197,-1906,-1604,-1398,-1083,-762
20416911.792,-546,-219,109,327,653,976,1188,1501,1805,2003,2290,2565,2741,2992,3227,3373
20418581.136,3579,3764,3876,4028,4157,4230,4322,4390,4422,4450,4454,4443,4407,4347,4294,4195
20420250.480,4073,3980,3821,3643,3512,3301,3072,2910,2654,2383,2196,1905,1603,1397,1082,761
20421919.824,545,218,-110,-328,-654,-977,-1189,-1502,-1806,-2004,-2291,-2566,-2742,-2993,-3228,-3374
20423589.168,-3580,-3765,-3877,-4029,-4158,-4231,-4323,-4391,-4423,-4451,-4455,-4435,-4408,-4348,-4264,-4196
20453637.360,-3670,-3850,-4009,-4103,-4226,-4326,-4379,-4440,-4476,-4487,-4483,-4455,-4422,-4354,-4262,-4188
20455306.704,-4057,-3905,-3792,-3605,-3399,-3251,-3014,-2762,-2585,-2308,-2018,-1819,-1512,-1197,-984,-659
20456976.048,-331,0,220,549,875,1090,1407,1717,1918,2212,2493,2673,2931,3173,3325,3538
20458645.392,3731,3849,4008,4146,4225,4325,4401,4439,4475,4487,4482,4454,4401,4353,4261,4146
20460314.736,4056,3904,3731,3604,3398,3173,3013,2761,2493,2307,2017,1717,1511,1196,875,658
20461984.080,330,0,-221,-550,-876,-1091,-1408,-1718,-1919,-2213,-2494,-2674,-2932,-3174,-3326,-3539
20463653.424,-3732,-3850,-4009,-4147,-4226,-4326,-4402,-4440,-4476,-4488,-4483,-4455,-4402,-4354,-4262,-4147
20465322.768,-4009,-3905,-3732,-3539,-3399,-3174,-2932,-2762,-2494,-2213,-2018,-1718,-1408,-1197,-876,-550
20466992.112,-331,0,330,549,875,1196,1407,1717,2017,2212,2493,2761,2931,3173,3398,3538
20468661.456,3731,3904,4008,4146,4261,4325,4401,4454,4475,4487,4475,4454,4401,4325,4261,4146
20470330.800,4008,3904,3731,3538,3398,3173,2931,2761,2493,2212,2017,1717,1407,1196,875,549
20472000.144,330,0,-331,-550,-876,-1197,-1408,-1718,-2018,-2213,-2494,-2762,-2932,-3174,-3399,-3605
20503717.680,-3820,-3988,-4134,-4218,-4327,-4412,-4455,-4500,-4520,-4520,-4500,-4455,-4412,-4327,-4218,-4134
20505387.024,-3988,-3820,-3697,-3495,-3275,-3037,-2868,-2604,-2325,-2132,-1833,-1524,-1313,-991,-664,-444
20507056.368,-111,221,443,772,1098,1312,1627,1932,2131,2418,2693,2867,3117,3349,3494,3696
20508725.712,3877,3987,4133,4256,4326,4411,4471,4499,4519,4515,4499,4454,4385,4326,4217,4086
20510395.056,3987,3819,3631,3494,3274,3036,2867,2603,2324,2131,1832,1523,1312,990,663,443
20512064.400,110,-222,-444,-773,-1099,-1313,-1628,-1933,-2132,-2419,-2694,-2868,-3118,-3350,-3495,-3697
20513733.744,-3878,-3988,-4134,-4257,-4358,-4412,-4472,-4509,-4520,-4516,-4487,-4455,-4386,-4293,-4218,-4087
20515403.088,-3934,-3820,-3632,-3424,-3275,-3037,-2782,-2604,-2325,-2033,-1833,-1524,-1206,-991,-664,-333
20517072.432,-111,221,553,772,1098,1418,1627,1932,2228,2418,2693,2952,3117,3349,3564,3696
20518741.776,3877,4038,4133,4256,4357,4411,4471,4508,4519,4515,4486,4454,4385,4292,4217,4086
20520411.120,3933,3819,3631,3423,3274,3036,2781,2603,2324,2032,1832,1523,1205,990,663,332
20522080.464,110,-222,-554,-883,-1099,-1419,-1731,-1933,-2229,-2512,-2694,-2953,-3197,-3350,-3565,-3759
20553798.000,-3963,-4117,-4249,-4324,-4418,-4487,-4520,-4549,-4553,-4532,-4505,-4444,-4358,-4288,-4164,-4017
20555467.344,-3906,-3724,-3521,-3375,-3141,-2889,-2713,-2437,-2147,-1948,-1639,-1322,-1107,-779,-447,-224
20557136.688,111,446,668,997,1321,1534,1845,2146,2341,2622,2888,3058,3298,3520,3657,3847
20558806.032,4016,4116,4248,4357,4417,4486,4531,4548,4552,4531,4504,4443,4357,4287,4163,4016
20560475.376,3905,3723,3520,3374,3140,2888,2712,2436,2146,1947,1638,1321,1106,778,446,223
20562144.720,-112,-447,-669,-998,-1322,-1535,-1846,-2147,-2437,-2623,-2889,-3141,-3299,-3521,-3724,-3848
20563814.064,-4017,-4164,-4249,-4358,-4444,-4487,-4532,-4553,-4553,-4532,-4487,-4444,-4358,-4249,-4164,-4017
20565483.408,-3848,-3724,-3521,-3299,-3141,-2889,-2623,-2437,-2147,-1846,-1639,-1322,-998,-779,-447,-112
20567152.752,111,446,778,997,1321,1638,1845,2146,2436,2622,2888,3140,3298,3520,3723,3847
20568822.096,4016,4163,4248,4357,4443,4486,4531,4552,4552,4531,4486,4443,4357,4248,4163,4016
20570491.440,3847,3723,3520,3298,3140,2888,2622,2341,2146,1845,1534,1321,997,668,446,111
20572160.784,-224,-447,-779,-1107,-1322,-1639,-1948,-2147,-2437,-2713,-2889,-3141,-3375,-3521,-3724,-3906
20603878.320,-4147,-4238,-4356,-4450,-4499,-4553,-4582,-4587,-4575,-4538,-4499,-4421,-4319,-4238,-4098,-3935
20605547.664,-3814,-3617,-3399,-3244,-2997,-2733,-2549,-2261,-1962,-1756,-1439,-1115,-895,-562,-226,0
20607217.008,337,673,894,1223,1545,1755,2062,2358,2548,2821,3080,3243,3473,3684,3813,3990
20608886.352,4146,4237,4355,4449,4498,4552,4581,4586,4574,4537,4498,4420,4318,4237,4097,3934
20610555.696,3813,3616,3398,3243,2996,2732,2548,2260,1961,1755,1438,1114,784,561,225,-113
20612225.040,-338,-674,-1005,-1224,-1546,-1859,-2063,-2359,-2642,-2822,-3081,-3322,-3474,-3685,-3876,-3991
20613894.384,-4147,-4280,-4356,-4450,-4520,-4553,-4582,-4586,-4575,-4538,-4476,-4421,-4319,-4194,-4098,-3935
20615563.728,-3751,-3617,-3399,-3163,-2997,-2733,-2454,-2261,-1962,-1651,-1439,-1115,-785,-562,-226,112
20617233.072,337,673,1004,1223,1545,1858,2062,2358,2641,2821,3080,3321,3473,3684,3875,3990
20618902.416,4146,4279,4355,4449,4519,4552,4581,4585,4574,4537,4475,4389,4318,4193,4045,3934
20620571.760,3750,3545,3398,3162,2909,2732,2453,2162,1961,1650,1331,1114,784,449,225,-113
20622241.104,-450,-674,-1005,-1332,-1546,-1859,-2163,-2359,-2642,-2910,-3081,-3322,-3546,-3685,-3876,-4046
20653958.640,-4269,-4350,-4453,-4532,-4570,-4608,-4620,-4615,-4586,-4532,-4482,-4387,-4269,-4177,-4020,-3842
20655627.984,-3711,-3499,-3267,-3103,-2843,-2567,-2376,-2078,-1768,-1557,-1233,-902,-678,-340,0,226
20657297.328,565,901,1122,1449,1767,1975,2277,2566,2752,3017,3266,3423,3642,3841,3962,4126
20658966.672,4268,4349,4452,4531,4569,4607,4619,4614,4585,4531,4481,4386,4268,4176,4019,3841
20660636.016,3642,3498,3266,3017,2842,2566,2277,2077,1767,1449,1232,901,565,339,0,-340
20662305.360,-566,-902,-1233,-1450,-1768,-2078,-2278,-2567,-2843,-3018,-3267,-3499,-3643,-3842,-4020,-4127
20663974.704,-4269,-4387,-4453,-4532,-4586,-4608,-4620,-4608,-4586,-4532,-4453,-4387,-4269,-4127,-4020,-3842
20665644.048,-3643,-3499,-3267,-3018,-2843,-2567,-2278,-2078,-1768,-1450,-1233,-902,-566,-340,0,339
20667313.392,565,901,1232,1449,1767,2077,2277,2566,2842,3017,3266,3498,3642,3841,4019,4176
20668982.736,4268,4386,4481,4531,4585,4614,4619,4607,4569,4531,4452,4349,4268,4126,3962,3841
20670652.080,3642,3423,3266,3017,2752,2566,2277,1975,1767,1449,1122,901,565,226,0,-340
20672321.424,-678,-902,-1233,-1557,-1768,-2078,-2376,-2567,-2843,-3103,-3267,-3499,-3711,-3842,-4020,-4177
20704038.960,-4380,-4452,-4539,-4602,-4630,-4651,-4647,-4630,-4584,-4513,-4452,-4341,-4206,-4103,-3931,-3737
20705708.304,-3596,-3370,-3125,-2952,-2679,-2392,-2193,-1886,-1568,-1351,-1020,-683,-457,-115,228,456
20707377.648,795,1130,1350,1674,1988,2192,2488,2771,2951,3207,3446,3595,3803,3990,4102,4252
20709046.992,4379,4451,4538,4601,4639,4650,4646,4616,4583,4512,4417,4340,4205,4047,3930,3736
20710716.336,3522,3369,3124,2861,2678,2391,2091,1885,1567,1240,1019,682,342,114,-229,-570
20712385.680,-796,-1131,-1460,-1675,-1989,-2293,-2489,-2772,-3039,-3208,-3447,-3668,-3804,-3991,-4156,-4253
20714055.024,-4380,-4484,-4539,-4602,-4640,-4651,-4647,-4617,-4584,-4513,-4418,-4341,-4206,-4048,-3931,-3737
20715724.368,-3523,-3370,-3125,-2862,-2679,-2392,-2092,-1886,-1568,-1241,-1020,-683,-343,-115,228,569
20717393.712,795,1130,1459,1780,1988,2292,2584,2771,3038,3289,3446,3667,3867,3990,4155,4297
20719063.056,4379,4483,4562,4601,4639,4651,4646,4616,4562,4512,4417,4297,4205,4047,3867,3736
20720732.400,3522,3289,3124,2861,2584,2391,2091,1780,1567,1240,907,682,342,0,-229,-570
20722401.744,-908,-1131,-1460,-1781,-1989,-2293,-2585,-2772,-3039,-3290,-3447,-3668,-3868,-3991,-4156,-4298
20752449.936,-1027,-1360,-1579,-1899,-2209,-2409,-2698,-2973,-3147,-3393,-3622,-3763,-3958,-4132,-4236,-4371
20754119.280,-4484,-4545,-4616,-4663,-4680,-4684,-4663,-4635,-4572,-4484,-4412,-4283,-4132,-4019,-3831,-3622
20755788.624,-3472,-3231,-2973,-2791,-2507,-2209,-2004,-1687,-1360,-1139,-801,-460,-230,114,459,687
20757457.968,1026,1359,1578,1898,2208,2408,2697,2972,3230,3392,3621,3830,3957,4131,4282,4370
20759127.312,4483,4571,4615,4662,4683,4683,4662,4615,4571,4483,4370,4282,4131,3957,3830,3621
20760796.656,3392,3230,2972,2697,2506,2208,1898,1686,1359,1026,800,459,114,-115,-460,-801
20762466.000,-1027,-1360,-1687,-1899,-2209,-2507,-2698,-2973,-3231,-3393,-3622,-3831,-3958,-4132,-4283,-4371
20764135.344,-4484,-4572,-4616,-4663,-4684,-4684,-4663,-4616,-4572,-4484,-4371,-4283,-4132,-3958,-3831,-3622
20765804.688,-3393,-3231,-2973,-2698,-2507,-2209,-1899,-1579,-1360,-1027,-688,-460,-115,229,459,800
20767474.032,1138,1359,1686,2003,2208,2506,2790,2972,3230,3471,3621,3830,4018,4131,4282,4411
20769143.376,4483,4571,4634,4662,4683,4679,4662,4615,4544,4483,4370,4235,4131,3957,3762,3621
20770812.720,3392,3146,2972,2697,2408,2208,1898,1578,1359,1026,687,459,114,-230,-460,-801
20804199.600,-4577,-4628,-4683,-4713,-4718,-4706,-4667,-4628,-4547,-4443,-4359,-4215,-4047,-3923,-3720,-3496
20805868.944,-3337,-3082,-2811,-2622,-2326,-2018,-1806,-1480,-1147,-921,-578,-232,115,346,692,1033
20807538.288,1258,1589,1911,2121,2425,2716,2902,3168,3416,3572,3789,3985,4104,4264,4401,4479
20809207.632,4576,4648,4682,4712,4716,4705,4666,4603,4546,4442,4313,4214,4046,3857,3719,3495
20810876.976,3253,3081,2810,2524,2325,2017,1697,1479,1146,806,577,231,-116,-347,-693,-1034
20812546.320,-1259,-1590,-1912,-2122,-2426,-2717,-2903,-3169,-3417,-3573,-3790,-3986,-4105,-4265,-4402,-4480
20814215.664,-4577,-4649,-4683,-4713,-4717,-4706,-4667,-4604,-4547,-4443,-4314,-4161,-4047,-3858,-3647,-3496
20815885.008,-3254,-2993,-2811,-2525,-2224,-2018,-1698,-1370,-1147,-807,-463,-232,115,462,692,1033
20817554.352,1369,1589,1911,2223,2425,2716,2992,3168,3416,3646,3789,3985,4160,4264,4401,4514
20819223.696,4576,4648,4695,4712,4716,4695,4666,4603,4514,4442,4313,4160,4046,3857,3646,3495
20820893.040,3253,2992,2810,2524,2223,2017,1697,1369,1146,806,462,231,-116,-463,-693,-1034
20822562.384,-1370,-1590,-1912,-2224,-2426,-2717,-2993,-3254,-3417,-3647,-3858,-3986,-4161,-4314,-4402,-4515
20852610.576,-1491,-1819,-2032,-2342,-2640,-2831,-3104,-3360,-3521,-3746,-3951,-4075,-4244,-4390,-4474,-4579
20854279.920,-4660,-4700,-4738,-4751,-4746,-4716,-4660,-4609,-4512,-4390,-4295,-4134,-3951,-3816,-3598,-3360
20855949.264,-3104,-2923,-2640,-2342,-2136,-1819,-1491,-1268,-927,-582,-350,0,349,581,926,1267
20857618.608,1490,1818,2135,2341,2639,2922,3103,3359,3597,3745,3950,4133,4243,4389,4511,4578
20859287.952,4659,4715,4737,4750,4737,4715,4659,4578,4511,4389,4243,4133,3950,3745,3597,3359
20860957.296,3103,2922,2639,2341,2135,1818,1490,1267,926,581,349,0,-350,-582,-927,-1268
20862626.640,-1491,-1819,-2136,-2342,-2640,-2923,-3104,-3360,-3598,-3746,-3951,-4134,-4244,-4390,-4512,-4609
20864295.984,-4660,-4716,-4746,-4751,-4738,-4700,-4660,-4579,-4474,-4390,-4244,-4075,-3951,-3746,-3521,-3360
20865965.328,-3104,-2831,-2640,-2342,-2032,-1819,-1491,-1155,-927,-582,-234,0,349,697,926,1267
20867634.672,1600,1818,2135,2442,2639,2922,3190,3359,3597,3815,3950,4133,4294,4389,4511,4608
20869304.016,4659,4715,4745,4750,4737,4699,4659,4578,4473,4389,4243,4074,3950,3745,3520,3359
20870973.360,3103,2830,2639,2341,2031,1818,1490,1154,926,581,233,-117,-350,-698,-1041,-1268
20904360.240,-4732,-4760,-4782,-4778,-4747,-4713,-4640,-4542,-4463,-4324,-4162,-4041,-3842,-3622,-3464,-3212
20906029.584,-2943,-2755,-2459,-2151,-1939,-1612,-1276,-1048,-702,-352,-118,234,585,817,1162,1500
20907698.928,1721,2044,2357,2558,2849,3124,3297,3543,3770,3910,4102,4272,4372,4503,4609,4666
20909368.272,4731,4769,4781,4777,4746,4712,4639,4541,4462,4323,4161,4040,3841,3621,3463,3211
20911037.616,2942,2754,2458,2150,1938,1611,1275,1047,701,351,117,-235,-586,-818,-1163,-1501
20912706.960,-1722,-2045,-2358,-2658,-2850,-3125,-3383,-3544,-3771,-3977,-4103,-4273,-4419,-4504,-4610,-4691
20914376.304,-4732,-4770,-4783,-4778,-4747,-4691,-4640,-4542,-4419,-4324,-4162,-3977,-3842,-3622,-3383,-3212
20916045.648,-2943,-2658,-2459,-2151,-1831,-1612,-1276,-934,-702,-352,0,234,585,933,1162,1500
20917714.992,1830,2044,2357,2657,2849,3124,3382,3543,3770,3976,4102,4272,4418,4503,4609,4690
20919384.336,4731,4769,4782,4777,4746,4690,4639,4541,4418,4323,4161,3976,3841,3621,3382,3124
20921053.680,2942,2657,2357,2150,1830,1500,1275,933,585,351,0,-352,-586,-934,-1276,-1501
20922723.024,-1831,-2151,-2358,-2658,-2943,-3125,-3383,-3622,-3771,-3977,-4162,-4273,-4419,-4542,-4610,-4691
20952771.216,-1952,-2271,-2476,-2774,-3056,-3235,-3488,-3723,-3938,-4069,-4248,-4403,-4494,-4609,-4699,-4746
20954440.560,-4793,-4815,-4815,-4793,-4746,-4699,-4609,-4494,-4403,-4248,-4069,-3938,-3723,-3488,-3321,-3056
20956109.904,-2774,-2577,-2271,-1952,-1734,-1399,-1056,-824,-473,-119,118,472,823,1055,1398,1733
20957779.248,1951,2270,2576,2773,3055,3320,3487,3722,3937,4068,4247,4402,4493,4608,4698,4745
20959448.592,4792,4814,4814,4792,4745,4698,4608,4493,4402,4247,4068,3937,3722,3487,3320,3055
20961117.936,2773,2576,2270,1951,1733,1398,1055,706,472,118,-237,-473,-824,-1171,-1399,-1734
20962787.280,-2060,-2271,-2577,-2869,-3056,-3321,-3569,-3723,-3938,-4131,-4248,-4403,-4535,-4609,-4699,-4764
20964456.624,-4793,-4815,-4811,-4793,-4746,-4672,-4609,-4494,-4354,-4248,-4069,-3869,-3723,-3488,-3235,-3056
20966125.968,-2774,-2476,-2271,-1952,-1623,-1399,-1056,-707,-473,-119,236,472,823,1170,1398,1733
20967795.312,2059,2270,2576,2868,3055,3320,3568,3722,3937,4130,4247,4402,4534,4608,4698,4763
20969464.656,4792,4814,4810,4779,4745,4671,4572,4493,4353,4190,4068,3868,3646,3487,3234,2962
20971134.000,2773,2475,2165,1951,1622,1284,1055,706,354,118,-237,-590,-824,-1171,-1511,-1734
21004520.880,-4844,-4848,-4836,-4797,-4732,-4674,-4566,-4433,-4332,-4159,-3965,-3823,-3593,-3344,-3168,-2889
21006190.224,-2595,-2391,-2074,-1746,-1521,-1179,-829,-594,-238,118,356,711,1062,1293,1633,1965
21007859.568,2180,2492,2792,2983,3256,3511,3671,3894,4096,4218,4383,4523,4604,4703,4777,4812
21009528.912,4843,4847,4835,4796,4731,4673,4565,4432,4331,4158,3964,3748,3592,3343,3076,2888
21011198.256,2594,2285,2073,1745,1407,1178,828,475,237,-119,-476,-712,-1063,-1408,-1634,-1966
21012867.600,-2286,-2493,-2793,-3077,-3257,-3512,-3749,-3895,-4097,-4277,-4384,-4524,-4641,-4704,-4778,-4826
21014536.944,-4844,-4848,-4826,-4797,-4732,-4641,-4566,-4433,-4277,-4159,-3965,-3749,-3593,-3344,-3077,-2889
21016206.288,-2595,-2286,-2074,-1746,-1408,-1179,-829,-476,-238,118,475,711,1062,1407,1633,1965
21017875.632,2285,2492,2792,3076,3256,3511,3748,3964,4096,4276,4432,4523,4640,4731,4777,4825
21019544.976,4847,4847,4825,4777,4731,4640,4523,4432,4276,4096,3964,3748,3511,3343,3076,2792
21021214.320,2594,2285,1965,1745,1407,1062,828,475,118,-119,-476,-829,-1063,-1408,-1746,-1966
21022883.664,-2286,-2595,-2793,-3077,-3344,-3512,-3749,-3965,-4097,-4277,-4433,-4524,-4641,-4732,-4778,-4826
21052931.856,-2407,-2713,-3004,-3189,-3453,-3697,-3849,-4060,-4248,-4361,-4511,-4636,-4706,-4788,-4846,-4869
21054601.200,-4882,-4869,-4846,-4788,-4706,-4636,-4511,-4361,-4248,-4060,-3849,-3697,-3453,-3189,-3004,-2713
21056270.544,-2407,-2195,-1869,-1532,-1302,-953,-598,-360,0,359,597,952,1301,1531,1868,2194
21057939.888,2406,2712,3003,3188,3452,3696,3848,4059,4247,4360,4510,4635,4705,4787,4845,4876
21059609.232,4881,4868,4828,4787,4705,4596,4510,4360,4187,4059,3848,3617,3452,3188,2908,2712
21061278.576,2406,2087,1868,1531,1186,952,597,239,0,-360,-717,-953,-1302,-1645,-1869,-2195
21062947.920,-2510,-2713,-3004,-3279,-3453,-3697,-3922,-4060,-4248,-4414,-4511,-4636,-4736,-4788,-4846,-4877
21064617.264,-4882,-4869,-4829,-4788,-4706,-4597,-4511,-4361,-4188,-4060,-3849,-3618,-3453,-3189,-2909,-2713
21066286.608,-2407,-2088,-1869,-1532,-1187,-953,-598,-240,0,359,716,1069,1301,1644,1978,2194
21067955.952,2509,2811,3003,3278,3535,3696,3921,4124,4247,4413,4554,4635,4735,4810,4845,4876
21069625.296,4880,4868,4828,4763,4705,4596,4463,4360,4187,3991,3848,3617,3366,3188,2908,2611
21071294.640,2406,2087,1757,1531,1186,834,597,239,-120,-360,-717,-1070,-1302,-1645,-1979,-2195
21104681.520,-4909,-4877,-4842,-4767,-4666,-4585,-4443,-4276,-4152,-3947,-3721,-3559,-3300,-3024,-2830,-2527
21106350.864,-2210,-1992,-1656,-1311,-1077,-722,-362,-121,241,601,840,1194,1541,1768,2100,2422
21108020.208,2628,2927,3209,3474,3640,3873,4085,4214,4389,4539,4626,4735,4819,4860,4900,4913
21109689.552,4908,4876,4819,4766,4665,4539,4442,4275,4085,3946,3720,3474,3299,3023,2729,2526
21111358.896,2209,1880,1655,1310,958,721,361,0,-242,-602,-959,-1195,-1542,-1881,-2101,-2423
21113028.240,-2730,-2928,-3210,-3475,-3641,-3874,-4086,-4215,-4390,-4540,-4627,-4736,-4820,-4861,-4901,-4914
21114697.584,-4909,-4877,-4820,-4767,-4666,-4540,-4443,-4276,-4086,-3947,-3721,-3475,-3300,-3024,-2730,-2423
21116366.928,-2210,-1881,-1542,-1311,-959,-602,-362,0,361,601,958,1310,1541,1880,2209,2422
21118036.272,2729,3023,3209,3474,3720,3873,4085,4275,4389,4539,4665,4735,4819,4876,4900,4913
21119705.616,4900,4876,4819,4735,4665,4539,4389,4275,4085,3873,3720,3474,3209,3023,2729,2422
21121374.960,2209,1880,1541,1310,958,601,361,0,-362,-602,-959,-1311,-1542,-1881,-2210,-2423
21123044.304,-2730,-3024,-3210,-3475,-3721,-3874,-4086,-4276,-4390,-4540,-4666,-4736,-4820,-4877,-4909,-4914
21153092.496,-2849,-3139,-3412,-3583,-3824,-4045,-4180,-4363,-4523,-4616,-4734,-4827,-4875,-4923,-4946,-4946
21154761.840,-4923,-4875,-4827,-4734,-4616,-4523,-4363,-4180,-4045,-3824,-3583,-3412,-3139,-2849,-2647,-2332
21156431.184,-2005,-1781,-1437,-1084,-846,-485,-122,242,484,845,1202,1436,1780,2115,2331,2646
21158100.528,2946,3138,3411,3665,3823,4044,4243,4362,4522,4657,4733,4826,4893,4922,4945,4940
21159769.872,4922,4874,4798,4733,4615,4471,4362,4179,3973,3823,3582,3322,3138,2848,2543,2331
21161439.216,2004,1666,1436,1083,725,484,121,-243,-485,-846,-1203,-1437,-1781,-2116,-2332,-2647
21163108.560,-2947,-3139,-3412,-3666,-3824,-4045,-4244,-4363,-4523,-4658,-4734,-4827,-4894,-4923,-4946,-4941
21164777.904,-4923,-4875,-4799,-4698,-4616,-4472,-4305,-4180,-3974,-3746,-3583,-3323,-3044,-2849,-2544,-2225
21166447.248,-2005,-1667,-1320,-1084,-726,-364,-122,242,605,845,1202,1551,1780,2115,2438,2646
21168116.592,2946,3231,3411,3665,3899,4044,4243,4418,4522,4657,4767,4826,4893,4933,4945,4940
21169785.936,4909,4874,4798,4697,4615,4471,4304,4179,3973,3745,3582,3322,3043,2848,2543,2224
21171455.280,2004,1666,1319,1083,725,363,121,-243,-606,-846,-1203,-1552,-1781,-2116,-2439,-2647
21203172.816,-3064,-3345,-3607,-3771,-4000,-4208,-4333,-4502,-4647,-4729,-4831,-4907,-4943,-4974,-4979,-4967
21204842.160,-4926,-4859,-4800,-4689,-4553,-4449,-4272,-4072,-3926,-3690,-3434,-3160,-2967,-2665,-2348,-2130
21206511.504,-1793,-1446,-1211,-852,-489,-245,122,488,730,1091,1445,1677,2018,2347,2560,2867
21208180.848,3159,3344,3606,3849,3999,4207,4391,4501,4646,4765,4830,4906,4955,4973,4978,4955
21209850.192,4925,4858,4765,4688,4552,4391,4271,4071,3849,3689,3433,3159,2966,2664,2347,2129
21211519.536,1792,1445,1210,851,488,244,-123,-489,-731,-1092,-1446,-1678,-2019,-2348,-2561,-2868
21213188.880,-3160,-3345,-3607,-3850,-4000,-4208,-4392,-4553,-4647,-4766,-4859,-4907,-4956,-4979,-4979,-4956
21214858.224,-4907,-4859,-4766,-4647,-4553,-4392,-4208,-4072,-3850,-3607,-3434,-3160,-2868,-2665,-2348,-2019
21216527.568,-1793,-1446,-1092,-852,-489,-123,122,488,851,1091,1445,1792,2018,2347,2664,2867
21218196.912,3159,3433,3606,3849,4071,4207,4391,4552,4646,4765,4858,4906,4955,4978,4978,4955
21219866.256,4906,4858,4765,4646,4552,4391,4207,4071,3849,3606,3433,3159,2867,2664,2347,2018
21221535.600,1792,1445,1091,851,488,122,-245,-489,-852,-1211,-1446,-1793,-2130,-2348,-2665,-2967
21253253.136,-3275,-3545,-3796,-3952,-4169,-4362,-4478,-4632,-4760,-4832,-4917,-4976,-5000,-5013,-5000,-4959
21254922.480,-4917,-4832,-4720,-4632,-4478,-4300,-4169,-3952,-3715,-3545,-3275,-2987,-2785,-2471,-2144,-1919
21256591.824,-1573,-1219,-979,-614,-246,0,368,735,978,1336,1688,1918,2253,2577,2784,3084
21258261.168,3366,3544,3795,4026,4168,4361,4531,4631,4759,4862,4916,4975,5006,5012,4999,4958
21259930.512,4916,4831,4719,4631,4477,4299,4168,3951,3714,3544,3274,2986,2784,2470,2143,1918
21261599.856,1572,1218,978,613,245,0,-369,-736,-979,-1337,-1689,-2032,-2254,-2578,-2887,-3085
21263269.200,-3367,-3631,-3796,-4027,-4236,-4362,-4532,-4677,-4760,-4863,-4940,-4976,-5007,-5012,-5000,-4959
21264938.544,-4892,-4832,-4720,-4583,-4478,-4300,-4099,-3952,-3715,-3457,-3275,-2987,-2682,-2471,-2144,-1805
21266607.888,-1573,-1219,-858,-614,-246,122,368,735,1098,1336,1688,2031,2253,2577,2886,3084
21268277.232,3366,3630,3795,4026,4235,4361,4531,4676,4759,4862,4939,4975,5006,5011,4999,4958
21269946.576,4891,4831,4719,4582,4477,4299,4098,3951,3714,3456,3180,2986,2681,2363,2143,1804
21271615.920,1455,1218,857,491,245,-123,-492,-736,-1099,-1456,-1689,-2032,-2364,-2578,-2887,-3181
21303333.456,-3479,-3739,-3978,-4195,-4328,-4507,-4661,-4751,-4863,-4948,-4991,-5032,-5045,-5039,-5007,-4948
21305002.800,-4894,-4791,-4661,-4561,-4390,-4195,-4053,-3820,-3568,-3388,-3104,-2803,-2594,-2269,-1931,-1700
21306672.144,-1346,-985,-741,-372,0,247,617,984,1225,1582,1930,2156,2486,2802,3005,3295
21308341.488,3567,3738,3977,4194,4327,4506,4660,4750,4862,4947,4990,5031,5044,5038,5006,4947
21310010.832,4893,4790,4660,4560,4389,4194,4052,3819,3567,3387,3103,2802,2593,2268,1930,1582
21311680.176,1345,984,617,371,0,-372,-618,-985,-1346,-1583,-1931,-2269,-2487,-2803,-3104,-3296
21313349.520,-3568,-3820,-3978,-4195,-4390,-4507,-4661,-4791,-4863,-4948,-5007,-5032,-5045,-5032,-5007,-4948
21315018.864,-4863,-4791,-4661,-4507,-4390,-4195,-3978,-3820,-3568,-3296,-3104,-2803,-2487,-2269,-1931,-1583
21316688.208,-1346,-985,-618,-372,0,371,617,984,1345,1582,1930,2268,2486,2802,3103,3295
21318357.552,3567,3819,3977,4194,4389,4506,4660,4790,4862,4947,5006,5031,5044,5031,4990,4947
21320026.896,4862,4750,4660,4506,4327,4194,3977,3738,3567,3295,3005,2802,2486,2156,1930,1582
21321696.240,1225,984,617,247,0,-372,-741,-985,-1346,-1700,-1931,-2269,-2594,-2803,-3104,-3388
21353413.776,-3763,-3926,-4152,-4356,-4479,-4643,-4782,-4860,-4955,-5023,-5054,-5077,-5072,-5054,-5004,-4926
21355083.120,-4860,-4738,-4591,-4479,-4290,-4079,-3926,-3678,-3411,-3222,-2924,-2611,-2394,-2058,-1711,-1475
21356752.464,-1113,-746,-498,-125,249,497,868,1233,1474,1827,2171,2393,2716,3024,3221,3501
21358421.808,3762,3925,4151,4355,4478,4642,4781,4859,4954,5022,5053,5076,5071,5053,5003,4925
21360091.152,4859,4737,4590,4418,4289,4078,3844,3677,3410,3124,2923,2610,2282,2057,1710,1354
21361760.496,1112,745,373,124,-250,-622,-869,-1234,-1593,-1828,-2172,-2503,-2717,-3025,-3317,-3502
21363429.840,-3763,-4004,-4152,-4356,-4536,-4643,-4782,-4894,-4955,-5023,-5065,-5077,-5072,-5040,-5004,-4926
21365099.184,-4822,-4738,-4591,-4419,-4290,-4079,-3845,-3678,-3411,-3125,-2924,-2611,-2283,-2058,-1711,-1355
21366768.528,-1113,-746,-374,-125,249,621,868,1233,1592,1827,2171,2502,2716,3024,3316,3501
21368437.872,3762,4003,4222,4355,4535,4691,4781,4893,4980,5022,5064,5077,5071,5039,4980,4925
21370107.216,4821,4691,4590,4418,4222,4078,3844,3590,3410,3124,2821,2610,2282,1943,1710,1354
21371776.560,990,745,373,0,-250,-622,-991,-1234,-1593,-1944,-2172,-2503,-2822,-3025,-3317,-3591
21403494.096,-3951,-4106,-4318,-4508,-4621,-4769,-4891,-4958,-5036,-5087,-5105,-5110,-5087,-5056,-4987,-4891
21405163.440,-4813,-4673,-4508,-4384,-4179,-3951,-3787,-3525,-3243,-3045,-2735,-2410,-2186,-1840,-1484,-1242
21406832.784,-874,-501,-251,125,500,749,1119,1483,1721,2071,2409,2627,2942,3242,3432,3701
21408502.128,3950,4105,4317,4507,4620,4768,4890,4986,5035,5086,5109,5109,5086,5035,4986,4890
21410171.472,4768,4672,4507,4317,4178,3950,3701,3524,3242,2942,2734,2409,2071,1839,1483,1119
21411840.816,873,500,125,-126,-501,-874,-1120,-1484,-1840,-2072,-2410,-2735,-2943,-3243,-3525,-3702
21413510.160,-3951,-4179,-4318,-4508,-4673,-4769,-4891,-4987,-5036,-5087,-5110,-5110,-5087,-5036,-4987,-4891
21415179.504,-4769,-4673,-4508,-4318,-4179,-3951,-3702,-3525,-3243,-2943,-2735,-2410,-2072,-1840,-1484,-1120
21416848.848,-874,-501,-126,125,500,873,1241,1483,1839,2185,2409,2734,3044,3242,3524,3786
21418518.192,3950,4178,4383,4507,4672,4812,4890,4986,5055,5086,5109,5104,5086,5035,4957,4890
21420187.536,4768,4620,4507,4317,4105,3950,3701,3432,3242,2942,2627,2409,2071,1721,1483,1119
21421856.880,749,500,125,-251,-501,-874,-1242,-1484,-1840,-2186,-2410,-2735,-3045,-3243,-3525,-3787
21451905.072,629,252,0,-379,-755,-1004,-1372,-1733,-1969,-2313,-2645,-2858,-3165,-3455,-3638,-3895
21453574.416,-4132,-4277,-4476,-4650,-4753,-4885,-4990,-5045,-5106,-5138,-5144,-5130,-5089,-5045,-4958,-4844
21455243.760,-4753,-4595,-4412,-4277,-4056,-3812,-3638,-3360,-3065,-2858,-2536,-2200,-1969,-1614,-1250,-1004
21456913.104,-630,-253,0,378,754,1003,1371,1732,1968,2312,2644,2961,3164,3454,3725,3894
21458582.448,4131,4345,4475,4649,4799,4884,4989,5068,5105,5137,5142,5129,5088,5018,4957,4843
21460251.792,4702,4594,4411,4205,4055,3811,3546,3359,3064,2751,2535,2199,1851,1613,1249,879
21461921.136,629,252,-127,-379,-755,-1127,-1372,-1733,-2085,-2313,-2645,-2962,-3165,-3455,-3726,-3895
21463590.480,-4132,-4346,-4476,-4650,-4800,-4885,-4990,-5069,-5106,-5138,-5143,-5130,-5089,-5019,-4958,-4844
21465259.824,-4703,-4595,-4412,-4206,-4056,-3812,-3547,-3360,-3065,-2752,-2425,-2200,-1852,-1494,-1250,-880
21466929.168,-505,-253,126,504,754,1126,1493,1732,2084,2424,2644,2961,3263,3454,3725,3976
21468598.512,4131,4345,4536,4649,4799,4922,4989,5068,5119,5137,5142,5119,5088,5018,4922,4843
21470267.856,4702,4536,4411,4205,3976,3811,3546,3263,3064,2751,2424,2199,1851,1493,1249,879
21503654.736,-4305,-4441,-4625,-4783,-4875,-4990,-5078,-5121,-5163,-5177,-5171,-5138,-5078,-5022,-4916,-4783
21505324.080,-4680,-4505,-4305,-4159,-3920,-3661,-3477,-3185,-2877,-2662,-2328,-1982,-1745,-1381,-1011,-634
21506993.424,-381,0,380,633,1010,1380,1623,1981,2327,2551,2876,3184,3381,3660,3919,4081
21508662.768,4304,4504,4624,4782,4915,4989,5077,5137,5162,5176,5162,5137,5077,4989,4915,4782
21510332.112,4624,4504,4304,4081,3919,3660,3381,3184,2876,2551,2327,1981,1623,1380,1010,633
21512001.456,380,0,-381,-634,-1011,-1381,-1624,-1982,-2328,-2552,-2877,-3185,-3382,-3661,-3920,-4082
21513670.800,-4305,-4505,-4625,-4783,-4916,-4990,-5078,-5138,-5163,-5177,-5163,-5138,-5078,-4990,-4875,-4783
21515340.144,-4625,-4441,-4305,-4082,-3836,-3661,-3382,-3084,-2877,-2552,-2214,-1982,-1624,-1258,-1011,-634
21517009.488,-255,0,380,759,1010,1380,1744,1981,2327,2661,2876,3184,3476,3660,3919,4158
21518678.832,4304,4504,4679,4782,4915,5021,5077,5137,5170,5176,5162,5120,5077,4989,4874,4782
21520348.176,4624,4440,4304,4081,3835,3660,3381,3083,2876,2551,2213,1981,1623,1257,1010,633
21522017.520,254,0,-381,-760,-1011,-1381,-1745,-1982,-2328,-2662,-2877,-3185,-3477,-3750,-3920,-4159
21552065.712,127,-256,-511,-891,-1266,-1513,-1875,-2228,-2456,-2787,-3103,-3305,-3592,-3860,-4027,-4259
21553735.056,-4468,-4594,-4762,-4905,-4985,-5083,-5153,-5184,-5208,-5203,-5184,-5133,-5053,-4985,-4860,-4709
21555404.400,-4594,-4401,-4184,-3945,-3773,-3499,-3205,-3000,-2678,-2342,-2111,-1755,-1390,-1142,-765,-384
21557073.744,-128,255,637,890,1265,1633,1874,2227,2567,2786,3102,3402,3591,3859,4106,4258
21558743.088,4467,4652,4761,4904,5020,5082,5152,5194,5207,5202,5169,5132,5052,4945,4859,4708
21560412.432,4532,4400,4183,3944,3772,3498,3204,2999,2677,2341,2110,1754,1389,1141,764,383
21562081.776,127,-256,-638,-891,-1266,-1634,-1875,-2228,-2568,-2787,-3103,-3403,-3592,-3860,-4107,-4259
21563751.120,-4468,-4653,-4813,-4905,-5021,-5109,-5153,-5195,-5209,-5203,-5170,-5109,-5053,-4946,-4813,-4709
21565420.464,-4533,-4332,-4184,-3945,-3684,-3499,-3205,-2894,-2678,-2342,-1994,-1755,-1390,-1017,-765,-384
21567089.808,0,255,637,1016,1265,1633,1993,2227,2567,2893,3102,3402,3683,3859,4106,4331
21568759.152,4467,4652,4812,4904,5020,5108,5152,5194,5208,5202,5169,5108,5052,4945,4812,4708
21570428.496,4532,4331,4183,3944,3683,3498,3204,2893,2677,2341,1993,1754,1389,1016,764,383
21603815.376,-4623,-4739,-4891,-5017,-5085,-5165,-5217,-5241,-5241,-5217,-5165,-5115,-5017,-4891,-4793,-4623
21605484.720,-4429,-4286,-4052,-3797,-3615,-3326,-3019,-2805,-2471,-2125,-1887,-1522,-1149,-897,-514,-129
21607154.064,128,513,896,1148,1521,1886,2124,2470,2804,3018,3325,3614,3796,4051,4285,4428
21608823.408,4622,4792,4890,5016,5114,5164,5216,5240,5240,5216,5164,5114,5016,4890,4792,4622
21610492.752,4428,4285,4051,3796,3614,3325,3018,2804,2470,2124,1886,1521,1148,896,513,128
21612162.096,-129,-514,-897,-1149,-1522,-1887,-2242,-2471,-2805,-3123,-3326,-3615,-3884,-4052,-4286,-4497
21613831.440,-4623,-4793,-4936,-5017,-5115,-5186,-5217,-5241,-5236,-5217,-5165,-5085,-5017,-4891,-4739,-4623
21615500.784,-4429,-4211,-4052,-3797,-3521,-3326,-3019,-2695,-2471,-2125,-1766,-1522,-1149,-770,-514,-129
21617170.128,257,513,896,1273,1521,1886,2241,2470,2804,3122,3325,3614,3883,4051,4285,4496
21618839.472,4622,4792,4935,5016,5114,5185,5216,5240,5235,5216,5164,5084,5016,4890,4738,4622
21620508.816,4428,4210,4051,3796,3520,3224,3018,2694,2356,2124,1765,1398,1148,769,385,128
21622178.160,-258,-642,-897,-1274,-1645,-1887,-2242,-2584,-2805,-3123,-3424,-3615,-3884,-4133,-4286,-4497
21652226.352,-388,-774,-1030,-1407,-1778,-2019,-2372,-2712,-2931,-3246,-3543,-3821,-3995,-4237,-4457,-4590
21653895.696,-4769,-4922,-5009,-5117,-5198,-5236,-5269,-5274,-5261,-5218,-5147,-5084,-4967,-4823,-4712,-4525
21655565.040,-4313,-4159,-3909,-3638,-3446,-3143,-2822,-2600,-2256,-1899,-1655,-1282,-902,-646,-259,129
21657234.384,387,773,1155,1406,1777,2137,2371,2711,3037,3245,3542,3820,3994,4236,4456,4589
21658903.728,4768,4921,5008,5116,5197,5235,5268,5273,5260,5217,5146,5083,4966,4822,4711,4524
21660573.072,4312,4158,3908,3637,3445,3142,2821,2599,2255,1898,1531,1281,901,517,258,-130
21662242.416,-518,-774,-1156,-1532,-1778,-2138,-2487,-2712,-3038,-3347,-3543,-3821,-4078,-4237,-4457,-4653
21663911.760,-4769,-4922,-5048,-5117,-5198,-5250,-5269,-5274,-5250,-5218,-5147,-5048,-4967,-4823,-4653,-4525
21665581.104,-4313,-4078,-3909,-3638,-3347,-3143,-2822,-2487,-2256,-1899,-1532,-1282,-902,-518,-259,129
21667250.448,517,773,1155,1531,1777,2137,2486,2711,3037,3346,3542,3820,4077,4236,4456,4652
21668919.792,4768,4921,5047,5116,5197,5249,5268,5273,5249,5197,5146,5047,4921,4822,4652,4456
21670589.136,4312,4077,3820,3637,3346,3037,2821,2486,2137,1898,1531,1155,901,517,129,-130
21703976.016,-4904,-5040,-5116,-5206,-5268,-5294,-5308,-5294,-5268,-5206,-5116,-5040,-4904,-4742,-4619,-4414
21705645.360,-4185,-4020,-3754,-3468,-3266,-2949,-2617,-2387,-2032,-1665,-1416,-1036,-650,-391,0,390
21707314.704,649,1035,1415,1664,2031,2386,2616,2948,3265,3467,3753,4019,4184,4413,4618,4741
21708984.048,4903,5039,5115,5205,5267,5293,5307,5293,5267,5205,5115,5039,4903,4741,4552,4413
21710653.392,4184,3932,3753,3467,3161,2948,2616,2269,2031,1664,1289,1035,649,260,0,-391
21712322.736,-779,-1036,-1416,-1789,-2032,-2387,-2729,-2949,-3266,-3565,-3754,-4020,-4264,-4414,-4619,-4799
21713992.080,-4904,-5040,-5149,-5206,-5268,-5302,-5308,-5294,-5251,-5206,-5116,-4998,-4904,-4742,-4553,-4414
21715661.424,-4185,-3933,-3754,-3468,-3162,-2949,-2617,-2270,-2032,-1665,-1290,-1036,-650,-261,0,390
21717330.768,778,1035,1415,1788,2031,2386,2728,2948,3265,3564,3753,4019,4263,4484,4618,4798
21719000.112,4952,5039,5148,5229,5267,5301,5306,5293,5250,5178,5115,4997,4852,4741,4552,4339
21720669.456,4184,3932,3659,3467,3161,2839,2616,2269,1910,1664,1289,907,649,260,-131,-391
21722338.800,-779,-1163,-1416,-1789,-2152,-2387,-2729,-3057,-3266,-3565,-3845,-4020,-4264,-4485,-4619,-4799
21752386.992,-913,-1298,-1675,-1922,-2284,-2633,-2857,-3181,-3488,-3683,-3957,-4210,-4366,-4581,-4770,-4882
21754056.336,-5028,-5147,-5211,-5282,-5326,-5339,-5334,-5300,-5262,-5180,-5071,-4982,-4828,-4647,-4512,-4290
21755725.680,-4044,-3868,-3587,-3286,-3075,-2746,-2401,-2164,-1799,-1425,-1170,-784,-393,-132,262,653
21757395.024,912,1297,1674,1921,2283,2632,2856,3180,3487,3682,3956,4209,4365,4580,4769,4881
21759064.368,5027,5146,5237,5281,5325,5339,5333,5299,5237,5179,5070,4933,4827,4646,4439,4289
21760733.712,4043,3775,3586,3285,2966,2745,2400,2043,1798,1424,1041,783,392,0,-263,-654
21762403.056,-1042,-1298,-1675,-2044,-2284,-2633,-2967,-3181,-3488,-3776,-3957,-4210,-4440,-4581,-4770,-4934
21764072.400,-5028,-5147,-5238,-5282,-5326,-5340,-5334,-5300,-5238,-5180,-5071,-4934,-4828,-4647,-4440,-4290
21765741.744,-4044,-3776,-3587,-3286,-2967,-2746,-2401,-2044,-1799,-1425,-1042,-784,-393,0,262,653
21767411.088,1041,1424,1674,2043,2400,2632,2966,3285,3487,3775,4043,4209,4439,4646,4769,4933
21769080.432,5070,5146,5237,5299,5325,5339,5325,5299,5237,5146,5070,4933,4769,4646,4439,4209
21770749.776,4043,3775,3487,3285,2966,2632,2400,2043,1674,1424,1041,653,392,0,-393,-654
21804136.656,-5142,-5243,-5294,-5347,-5372,-5372,-5347,-5294,-5243,-5142,-5013,-4912,-4739,-4540,-4393,-4154
21805806.000,-3892,-3705,-3409,-3094,-2875,-2533,-2178,-1934,-1560,-1178,-919,-527,-132,131,526,918
21807475.344,1177,1559,1933,2177,2532,2874,3200,3408,3704,3981,4153,4392,4608,4738,4911,5058
21809144.688,5141,5242,5314,5346,5371,5366,5346,5293,5211,5141,5012,4856,4738,4539,4315,4153
21810814.032,3891,3608,3408,3093,2762,2532,2177,1810,1559,1177,788,526,131,-264,-527,-919
21812483.376,-1306,-1560,-1934,-2298,-2533,-2875,-3201,-3409,-3705,-3982,-4154,-4393,-4609,-4739,-4912,-5059
21814152.720,-5142,-5243,-5315,-5347,-5372,-5367,-5347,-5294,-5212,-5142,-5013,-4857,-4739,-4540,-4316,-4154
21815822.064,-3892,-3609,-3409,-3094,-2763,-2416,-2178,-1811,-1433,-1178,-789,-396,-132,263,657,918
21817491.408,1305,1685,1933,2297,2648,2874,3200,3509,3704,3981,4235,4392,4608,4799,4911,5058
21819160.752,5178,5242,5314,5358,5371,5366,5332,5293,5211,5101,5012,4856,4674,4539,4315,4068
21820830.096,3891,3608,3305,3093,2762,2415,2177,1810,1432,1177,788,395,131,-264,-658,-919
21822499.440,-1306,-1686,-1934,-2298,-2649,-2875,-3201,-3510,-3705,-3982,-4236,-4393,-4609,-4800,-4912,-5059
21852547.632,-1442,-1822,-2191,-2431,-2780,-3113,-3326,-3631,-3916,-4094,-4343,-4568,-4704,-4887,-5044,-5133
21854216.976,-5244,-5327,-5366,-5400,-5405,-5392,-5348,-5275,-5211,-5090,-4943,-4829,-4637,-4420,-4262,-4006
21855886.320,-3728,-3532,-3221,-2893,-2665,-2312,-1946,-1696,-1314,-925,-530,-266,132,529,793,1184
21857555.664,1569,1821,2190,2548,2779,3112,3429,3630,3915,4178,4342,4567,4767,4886,5043,5173
21859225.008,5243,5326,5379,5399,5404,5379,5347,5274,5173,5089,4942,4767,4636,4419,4178,4005
21860894.352,3727,3429,3220,2892,2548,2311,1945,1569,1313,924,529,265,-133,-530,-794,-1185
21862563.696,-1570,-1822,-2191,-2549,-2780,-3113,-3430,-3631,-3916,-4179,-4343,-4568,-4768,-4887,-5044,-5174
21864233.040,-5244,-5327,-5380,-5400,-5405,-5380,-5348,-5275,-5174,-5044,-4943,-4768,-4568,-4420,-4179,-3916
21865902.384,-3728,-3430,-3113,-2893,-2549,-2191,-1946,-1570,-1185,-925,-530,-133,132,529,924,1184
21867571.728,1569,1945,2190,2548,2892,3112,3429,3727,3915,4178,4419,4567,4767,4942,5043,5173
21869241.072,5274,5326,5379,5404,5404,5379,5326,5274,5173,5043,4942,4767,4567,4419,4178,3915
21870910.416,3727,3429,3112,2892,2548,2190,1945,1569,1184,924,529,132,-133,-530,-925,-1185
21904297.296,-5335,-5399,-5425,-5439,-5425,-5399,-5335,-5242,-5165,-5025,-4859,-4733,-4523,-4288,-4030,-3846
21905966.640,-3553,-3240,-3022,-2681,-2326,-2082,-1706,-1322,-1062,-666,-267,0,400,798,1061,1450
21907635.984,1832,2081,2445,2796,3021,3346,3652,3845,4118,4368,4522,4732,4916,5024,5164,5275
21909305.328,5334,5398,5432,5438,5424,5379,5334,5241,5120,5024,4858,4665,4522,4287,4029,3845
21910974.672,3552,3239,3021,2680,2325,2081,1705,1321,1061,665,266,0,-401,-799,-1062,-1451
21912644.016,-1833,-2082,-2446,-2797,-3022,-3347,-3653,-3846,-4119,-4369,-4523,-4733,-4917,-5075,-5165,-5276
21914313.360,-5359,-5399,-5433,-5438,-5425,-5380,-5307,-5242,-5121,-4973,-4859,-4666,-4447,-4288,-4030,-3751
21915982.704,-3553,-3240,-2910,-2681,-2326,-1958,-1706,-1322,-930,-666,-267,133,400,798,1191,1450
21917652.048,1832,2204,2445,2796,3131,3346,3652,3938,4118,4368,4594,4732,4916,5074,5164,5275
21919321.392,5358,5398,5432,5437,5424,5379,5306,5241,5120,4972,4858,4665,4446,4287,4029,3750
21920990.736,3552,3239,2909,2680,2325,1957,1705,1321,929,533,266,-134,-534,-799,-1192,-1579
21922660.080,-1833,-2205,-2564,-2797,-3132,-3451,-3653,-3939,-4205,-4369,-4595,-4797,-4917,-5075,-5205,-5276
21952708.272,-1969,-2340,-2697,-2927,-3259,-3574,-3773,-4054,-4313,-4473,-4693,-4887,-5002,-5152,-5273,-5338
21954377.616,-5412,-5456,-5471,-5465,-5430,-5366,-5307,-5195,-5055,-4946,-4761,-4549,-4395,-4143,-3869,-3674
21956046.960,-3366,-3040,-2813,-2460,-2094,-1844,-1460,-1068,-803,-403,0,268,669,1067,1329,1716
21957716.304,2093,2339,2696,3039,3258,3573,3868,4053,4312,4548,4692,4886,5054,5151,5272,5365
21959385.648,5411,5455,5470,5464,5429,5365,5306,5194,5054,4945,4760,4548,4394,4142,3868,3673
21961054.992,3365,3039,2812,2459,2093,1843,1459,1067,802,402,0,-269,-670,-1068,-1330,-1717
21962724.336,-2094,-2460,-2697,-3040,-3366,-3574,-3869,-4143,-4313,-4549,-4761,-4887,-5055,-5195,-5273,-5366
21964393.680,-5430,-5456,-5471,-5456,-5430,-5366,-5273,-5195,-5055,-4887,-4761,-4549,-4313,-4143,-3869,-3574
21966063.024,-3366,-3040,-2697,-2460,-2094,-1717,-1460,-1068,-670,-403,0,402,669,1067,1459,1716
21967732.368,2093,2459,2696,3039,3365,3573,3868,4142,4312,4548,4760,4886,5054,5194,5272,5365
21969401.712,5429,5455,5470,5455,5429,5365,5272,5194,5054,4886,4760,4548,4312,4053,3868,3573
21971071.056,3258,3039,2696,2339,2093,1716,1329,1067,669,268,0,-403,-803,-1068,-1460,-1844
22002788.592,-2231,-2595,-2945,-3170,-3492,-3796,-4079,-4255,-4500,-4721,-4854,-5032,-5183,-5267,-5371,-5445
22004457.936,-5478,-5503,-5498,-5478,-5423,-5339,-5267,-5135,-4976,-4854,-4650,-4421,-4255,-3987,-3697,-3492
22006127.280,-3170,-2830,-2595,-2231,-1855,-1598,-1206,-808,-540,-136,270,539,940,1337,1597,1980
22007796.624,2353,2594,2944,3278,3491,3795,4078,4254,4499,4720,4853,5031,5182,5266,5370,5444
22009465.968,5477,5502,5497,5477,5422,5338,5266,5134,4975,4853,4649,4420,4254,3986,3696,3491
22011135.312,3169,2829,2594,2230,1854,1467,1205,807,404,135,-271,-674,-941,-1338,-1727,-1981
22012804.656,-2354,-2713,-2945,-3279,-3596,-3796,-4079,-4339,-4500,-4721,-4917,-5032,-5183,-5305,-5371,-5445
22014474.000,-5489,-5503,-5498,-5463,-5423,-5339,-5227,-5135,-4976,-4789,-4650,-4421,-4168,-3987,-3697,-3387
22016143.344,-3170,-2830,-2475,-2231,-1855,-1468,-1206,-808,-405,-136,270,673,940,1337,1726,1980
22017812.688,2353,2712,2944,3278,3595,3795,4078,4338,4499,4720,4916,5031,5182,5304,5370,5444
22019482.032,5488,5503,5497,5462,5398,5338,5226,5084,4975,4788,4576,4420,4167,3891,3696,3386
22021151.376,3057,2829,2474,2106,1854,1467,1073,807,404,0,-271,-674,-1074,-1338,-1727,-2107
22052868.912,-2611,-2847,-3189,-3513,-3719,-4010,-4280,-4448,-4678,-4884,-5006,-5166,-5299,-5371,-5456,-5511
22054538.256,-5531,-5536,-5511,-5477,-5403,-5299,-5214,-5062,-4884,-4750,-4527,-4280,-4103,-3818,-3513,-3299
22056207.600,-2963,-2611,-2368,-1993,-1608,-1346,-947,-543,-272,135,542,812,1213,1607,1865,2243
22057876.944,2610,2846,3188,3512,3718,4009,4279,4447,4677,4883,5005,5165,5298,5370,5455,5510
22059546.288,5530,5535,5510,5476,5402,5298,5213,5061,4883,4677,4526,4279,4009,3817,3512,3188
22061215.632,2962,2610,2243,1992,1607,1213,946,542,135,-136,-543,-947,-1214,-1608,-1993,-2244
22062884.976,-2611,-2963,-3189,-3513,-3818,-4010,-4280,-4527,-4678,-4884,-5062,-5166,-5299,-5403,-5456,-5511
22064554.320,-5536,-5536,-5511,-5456,-5403,-5299,-5166,-5062,-4884,-4678,-4527,-4280,-4010,-3818,-3513,-3189
22066223.664,-2963,-2611,-2244,-1993,-1608,-1214,-947,-543,-136,135,542,946,1213,1607,1992,2243
22067893.008,2610,2962,3188,3512,3817,4102,4279,4526,4749,4883,5061,5213,5298,5402,5476,5510
22069562.352,5535,5530,5510,5455,5370,5298,5165,5005,4883,4677,4447,4279,4009,3718,3512,3188
22071231.696,2846,2610,2243,1865,1607,1213,812,542,135,-272,-543,-947,-1346,-1608,-1993,-2368
22102949.232,-2864,-3095,-3427,-3741,-3939,-4218,-4474,-4632,-4847,-5036,-5146,-5289,-5403,-5463,-5529,-5564
22104618.576,-5570,-5555,-5510,-5463,-5369,-5245,-5146,-4976,-4778,-4632,-4391,-4128,-3939,-3639,-3318,-3095
22106287.920,-2746,-2382,-2132,-1748,-1354,-1087,-682,-274,0,409,817,1086,1485,1876,2131,2504
22107957.264,2863,3094,3426,3740,3938,4217,4473,4631,4846,5035,5145,5288,5402,5487,5528,5563
22109626.608,5568,5554,5509,5434,5368,5244,5092,4975,4777,4553,4390,4127,3840,3638,3317,2979
22111295.952,2745,2381,2004,1747,1353,952,681,273,-137,-410,-818,-1221,-1486,-1877,-2258,-2505
22112965.296,-2864,-3208,-3427,-3741,-4034,-4218,-4474,-4706,-4847,-5036,-5197,-5289,-5403,-5488,-5529,-5564
22114634.640,-5569,-5555,-5510,-5435,-5369,-5245,-5093,-4976,-4778,-4554,-4391,-4128,-3841,-3639,-3318,-2980
22116303.984,-2746,-2382,-2005,-1748,-1354,-953,-682,-274,136,545,817,1220,1616,1876,2257,2625
22117973.328,2863,3207,3533,3740,4033,4305,4473,4705,4912,5035,5196,5329,5402,5487,5542,5563
22119642.672,5568,5542,5509,5434,5329,5244,5092,4912,4777,4553,4305,4127,3840,3533,3317,2979
22121312.016,2625,2381,2004,1616,1353,952,545,273,-137,-546,-818,-1221,-1617,-1877,-2258,-2626
22151360.208,2518,2143,1887,1494,1092,821,412,0,-275,-686,-1093,-1362,-1758,-2144,-2396,-2762
22153029.552,-3113,-3337,-3660,-3962,-4151,-4417,-4658,-4805,-5004,-5176,-5275,-5399,-5495,-5542,-5587,-5602
22154698.896,-5596,-5560,-5495,-5434,-5320,-5176,-5064,-4875,-4658,-4500,-4242,-3962,-3762,-3447,-3113,-2880
22156368.240,-2519,-2144,-1888,-1495,-1093,-822,-413,0,274,685,1092,1361,1757,2143,2395,2761
22158037.584,3112,3446,3659,3961,4241,4416,4657,4874,5003,5175,5319,5398,5494,5559,5586,5601
22159706.928,5586,5559,5494,5398,5319,5175,5003,4874,4657,4416,4241,3961,3659,3446,3112,2761
22161376.272,2518,2143,1757,1494,1092,685,412,0,-413,-686,-1093,-1495,-1758,-2144,-2519,-2762
22163045.616,-3113,-3447,-3660,-3962,-4242,-4417,-4658,-4875,-5004,-5176,-5320,-5399,-5495,-5560,-5587,-5602
22164714.960,-5587,-5560,-5495,-5399,-5320,-5176,-5004,-4875,-4658,-4417,-4242,-3962,-3660,-3337,-3113,-2762
22166384.304,-2396,-2144,-1758,-1362,-1093,-686,-275,0,412,821,1092,1494,1887,2143,2518,2879
22168053.648,3112,3446,3761,3961,4241,4499,4657,4874,5063,5175,5319,5433,5494,5559,5595,5601
22169722.992,5586,5541,5494,5398,5274,5175,5003,4804,4657,4416,4150,3961,3659,3336,3112,2761
22203109.872,-3357,-3575,-3886,-4176,-4356,-4607,-4834,-4970,-5152,-5306,-5393,-5498,-5574,-5608,-5634,-5629
22204779.216,-5608,-5552,-5466,-5393,-5258,-5094,-4970,-4761,-4526,-4356,-4081,-3785,-3575,-3245,-2897,-2657
22206448.560,-2284,-1899,-1636,-1235,-827,-415,-139,276,689,963,1369,1767,2028,2409,2777,3014
22208117.904,3356,3680,3885,4175,4442,4606,4833,5033,5151,5305,5430,5497,5573,5619,5633,5628
22209787.248,5592,5551,5465,5350,5257,5093,4902,4760,4525,4266,4080,3784,3466,3244,2896,2533
22211456.592,2283,1898,1502,1234,826,414,138,-277,-690,-964,-1370,-1768,-2029,-2410,-2778,-3015
22213125.936,-3357,-3681,-3886,-4176,-4443,-4607,-4834,-5034,-5152,-5306,-5431,-5498,-5574,-5620,-5634,-5629
22214795.280,-5593,-5527,-5466,-5351,-5206,-5094,-4903,-4686,-4526,-4267,-3985,-3785,-3467,-3131,-2897,-2534
22216464.624,-2157,-1899,-1503,-1100,-827,-415,0,276,689,1099,1369,1767,2156,2409,2777,3130
22218133.968,3356,3680,3984,4175,4442,4685,4833,5033,5205,5305,5430,5526,5573,5619,5634,5628
22219803.312,5592,5526,5465,5350,5205,5093,4902,4685,4525,4266,3984,3784,3466,3130,2896,2533
22221472.656,2156,1898,1502,1099,826,414,0,-277,-690,-1100,-1370,-1768,-2157,-2410,-2778,-3131
22251520.848,2039,1645,1377,968,555,278,-140,-556,-832,-1242,-1646,-1910,-2297,-2672,-2914,-3264
22253190.192,-3596,-3807,-4105,-4382,-4553,-4789,-4999,-5124,-5288,-5424,-5498,-5585,-5641,-5662,-5667,-5641
22254859.536,-5607,-5531,-5424,-5337,-5182,-4999,-4862,-4634,-4382,-4105,-3909,-3596,-3264,-3033,-2672,-2297
22256528.880,-2040,-1646,-1242,-969,-556,-140,139,555,968,1241,1645,2039,2296,2671,3032,3263
22258198.224,3595,3908,4104,4381,4633,4788,4998,5181,5287,5423,5530,5584,5640,5666,5666,5640
22259867.568,5584,5530,5423,5287,5181,4998,4788,4633,4381,4104,3908,3595,3263,3032,2671,2296
22261536.912,2039,1645,1241,968,555,139,-140,-556,-969,-1242,-1646,-2040,-2297,-2672,-3033,-3264
22263206.256,-3596,-3909,-4105,-4382,-4634,-4862,-4999,-5182,-5337,-5424,-5531,-5607,-5641,-5667,-5662,-5641
22264875.600,-5585,-5498,-5424,-5288,-5124,-4999,-4789,-4553,-4382,-4105,-3807,-3596,-3264,-2914,-2672,-2297
22266544.944,-1910,-1646,-1242,-832,-556,-140,278,555,968,1377,1645,2039,2423,2671,3032,3376
22268214.288,3595,3908,4199,4381,4633,4861,4998,5181,5336,5423,5530,5606,5640,5666,5661,5640
22269883.632,5584,5497,5423,5287,5123,4998,4788,4552,4381,4104,3806,3595,3263,2913,2671,2296
22303270.512,-3829,-4032,-4317,-4579,-4741,-4961,-5154,-5267,-5414,-5530,-5592,-5659,-5695,-5700,-5686,-5640
22304939.856,-5563,-5495,-5368,-5212,-5093,-4890,-4661,-4495,-4225,-3931,-3724,-3396,-3050,-2810,-2438,-2052
22306609.200,-1789,-1386,-975,-698,-280,139,419,836,1249,1520,1920,2310,2563,2930,3282,3507
22308278.544,3828,4128,4316,4578,4816,4960,5153,5318,5413,5529,5616,5658,5694,5699,5685,5639
22309947.888,5562,5494,5367,5211,5092,4889,4660,4494,4224,3930,3723,3395,3049,2809,2437,2051
22311617.232,1788,1385,974,697,279,-140,-420,-837,-1250,-1655,-1921,-2311,-2688,-2931,-3283,-3617
22313286.576,-3829,-4129,-4407,-4579,-4817,-5028,-5154,-5319,-5456,-5530,-5617,-5674,-5695,-5700,-5674,-5640
22314955.920,-5563,-5456,-5368,-5212,-5028,-4890,-4661,-4407,-4225,-3931,-3617,-3396,-3050,-2688,-2438,-2052
22316625.264,-1655,-1386,-975,-559,-280,139,558,836,1249,1654,1920,2310,2687,2930,3282,3616
22318294.608,3828,4128,4406,4578,4816,5027,5153,5318,5455,5529,5616,5673,5694,5699,5673,5639
22319963.952,5562,5455,5367,5211,5027,4889,4660,4406,4128,3930,3616,3282,3049,2687,2310,2051
22321633.296,1654,1249,974,558,139,-140,-559,-975,-1250,-1655,-2052,-2311,-2688,-3050,-3283,-3617
22351681.488,1529,1118,841,421,0,-282,-702,-1119,-1394,-1799,-2195,-2452,-2827,-3186,-3416,-3746
22353350.832,-4055,-4342,-4521,-4768,-4989,-5122,-5298,-5445,-5527,-5624,-5691,-5719,-5734,-5719,-5691,-5624
22355020.176,-5527,-5445,-5298,-5122,-4989,-4768,-4521,-4342,-4055,-3746,-3528,-3186,-2827,-2578,-2195,-1799
22356689.520,-1530,-1119,-702,-422,0,421,701,1118,1529,1798,2194,2577,2826,3185,3527,3745
22358358.864,4054,4341,4520,4767,4988,5121,5297,5444,5526,5623,5690,5718,5733,5718,5690,5623
22360028.208,5526,5444,5297,5121,4988,4767,4520,4341,4054,3745,3527,3185,2826,2451,2194,1798
22361697.552,1393,1118,701,281,0,-422,-842,-1119,-1530,-1932,-2195,-2578,-2948,-3186,-3528,-3851
22363366.896,-4055,-4342,-4606,-4768,-4989,-5184,-5298,-5445,-5562,-5624,-5691,-5728,-5734,-5719,-5672,-5624
22365036.240,-5527,-5399,-5298,-5122,-4919,-4768,-4521,-4249,-4055,-3746,-3416,-3186,-2827,-2452,-2195,-1799
22366705.584,-1394,-1119,-702,-282,0,421,841,1118,1529,1931,2194,2577,2947,3185,3527,3850
22368374.928,4054,4341,4605,4767,4988,5183,5297,5444,5561,5623,5690,5727,5732,5718,5671,5594
22370044.272,5526,5398,5241,5121,4918,4687,4520,4248,3953,3745,3415,3067,2826,2451,2063,1798
22403431.152,-4273,-4546,-4715,-4946,-5151,-5272,-5429,-5557,-5626,-5704,-5751,-5765,-5759,-5723,-5682,-5594
22405100.496,-5475,-5380,-5213,-5017,-4872,-4632,-4366,-4176,-3873,-3548,-3321,-2965,-2593,-2337,-1943,-1538
22406769.840,-1264,-847,-425,-142,282,705,985,1401,1808,2075,2465,2842,3084,3434,3766,3975
22408439.184,4272,4545,4714,4945,5150,5271,5428,5556,5625,5703,5750,5764,5758,5722,5681,5593
22410108.528,5474,5326,5212,5016,4794,4631,4365,4077,3872,3547,3203,2964,2592,2206,1942,1537
22411777.872,1124,846,424,0,-283,-706,-1125,-1402,-1809,-2207,-2466,-2843,-3204,-3435,-3767,-4078
22413447.216,-4273,-4546,-4795,-4946,-5151,-5327,-5429,-5557,-5655,-5704,-5751,-5766,-5759,-5723,-5655,-5594
22415116.560,-5475,-5327,-5213,-5017,-4795,-4632,-4366,-4078,-3873,-3548,-3204,-2965,-2593,-2207,-1943,-1538
22416785.904,-1125,-847,-425,0,282,705,1124,1401,1808,2206,2465,2842,3203,3434,3766,4077
22418455.248,4365,4545,4794,5016,5150,5326,5474,5556,5654,5722,5750,5765,5750,5722,5654,5556
22420124.592,5474,5326,5150,5016,4794,4545,4365,4077,3766,3547,3203,2842,2592,2206,1808,1537
22421793.936,1124,705,424,0,-425,-706,-1125,-1538,-1809,-2207,-2593,-2843,-3204,-3548,-3767,-4078
22453511.472,-4483,-4742,-4900,-5115,-5302,-5411,-5550,-5658,-5714,-5771,-5798,-5798,-5771,-5714,-5658,-5550
22455180.816,-5411,-5302,-5115,-4900,-4742,-4483,-4200,-3999,-3679,-3340,-3103,-2734,-2351,-2088,-1684,-1271
22456850.160,-992,-569,-143,142,568,991,1270,1683,2087,2350,2733,3102,3339,3678,3998,4199
22458519.504,4482,4741,4899,5114,5301,5459,5549,5657,5735,5770,5797,5791,5770,5713,5625,5549
22460188.848,5410,5242,5114,4899,4657,4482,4199,3894,3678,3339,2981,2733,2350,1953,1683,1270
22461858.192,850,568,142,-285,-569,-992,-1410,-1684,-2088,-2480,-2734,-3103,-3455,-3679,-3999,-4297
22463527.536,-4483,-4742,-4974,-5115,-5302,-5460,-5550,-5658,-5736,-5771,-5798,-5792,-5771,-5714,-5626,-5550
22465196.880,-5411,-5243,-5115,-4900,-4658,-4483,-4200,-3895,-3679,-3340,-2982,-2734,-2351,-1954,-1684,-1271
22466866.224,-851,-569,-143,284,709,991,1409,1818,2087,2479,2858,3102,3454,3787,3998,4296
22468535.568,4571,4741,4973,5179,5301,5459,5588,5657,5735,5783,5797,5791,5755,5713,5625,5506
22470204.912,5410,5242,5045,4899,4657,4390,4199,3894,3567,3339,2981,2607,2350,1953,1546,1270
22471874.256,850,426,142,-285,-710,-992,-1410,-1819,-2088,-2480,-2859,-3103,-3455,-3788,-3999,-4297
22503591.792,-4685,-4927,-5075,-5272,-5441,-5538,-5658,-5747,-5789,-5825,-5831,-5816,-5769,-5691,-5621,-5491
22505261.136,-5332,-5210,-5003,-4769,-4598,-4322,-4022,-3810,-3474,-3120,-2875,-2494,-2099,-1830,-1418,-998
22506930.480,-714,-287,143,428,855,1277,1555,1964,2363,2749,2998,3358,3699,3916,4223,4508
22508599.824,4684,4926,5143,5271,5440,5580,5657,5746,5803,5824,5830,5803,5768,5690,5580,5490
22510269.168,5331,5143,5002,4768,4508,4321,4021,3699,3473,3119,2749,2493,2098,1692,1417,997
22511938.512,571,286,-144,-572,-856,-1278,-1693,-1965,-2364,-2750,-2999,-3359,-3700,-3917,-4224,-4509
22513607.856,-4685,-4927,-5144,-5272,-5441,-5581,-5658,-5747,-5804,-5825,-5831,-5804,-5769,-5691,-5581,-5491
22515277.200,-5332,-5144,-5003,-4769,-4509,-4322,-4022,-3700,-3359,-3120,-2750,-2364,-2099,-1693,-1278,-998
22516946.544,-572,-144,143,571,997,1277,1692,2098,2363,2749,3119,3358,3699,4021,4223,4508
22518615.888,4768,4926,5143,5331,5440,5580,5690,5746,5803,5830,5830,5803,5746,5690,5580,5440
22520285.232,5331,5143,4926,4768,4508,4223,4021,3699,3358,3119,2749,2363,2098,1692,1277,997
22521954.576,571,143,-144,-572,-998,-1278,-1693,-2099,-2364,-2750,-3120,-3359,-3700,-4022,-4224,-4509
22553672.112,-4877,-5103,-5239,-5419,-5569,-5653,-5753,-5821,-5849,-5865,-5849,-5821,-5753,-5653,-5569,-5419
22555341.456,-5239,-5103,-4877,-4624,-4441,-4148,-3831,-3609,-3259,-2891,-2637,-2245,-1840,-1426,-1145,-718
22557010.800,-288,0,431,860,1144,1564,1975,2244,2636,3015,3258,3608,3938,4147,4440,4710
22558680.144,4876,5102,5301,5418,5568,5689,5752,5820,5857,5864,5848,5801,5752,5652,5522,5418
22560349.488,5238,5030,4876,4623,4345,4147,3830,3493,3258,2890,2507,2244,1839,1425,1144,717
22562018.832,287,0,-432,-861,-1145,-1565,-1976,-2245,-2637,-3016,-3259,-3609,-3939,-4148,-4441,-4711
22563688.176,-4877,-5103,-5302,-5419,-5569,-5690,-5753,-5821,-5858,-5865,-5849,-5802,-5723,-5653,-5523,-5362
22565357.520,-5239,-5031,-4796,-4624,-4346,-4045,-3831,-3494,-3138,-2891,-2508,-2111,-1840,-1426,-1003,-718
22567026.864,-288,143,431,860,1284,1564,1975,2376,2636,3015,3377,3608,3938,4247,4440,4710
22568696.208,4954,5102,5301,5471,5568,5689,5778,5820,5857,5863,5848,5801,5722,5652,5522,5361
22570365.552,5238,5030,4795,4623,4345,4044,3830,3493,3137,2890,2507,2110,1839,1425,1002,717
22572034.896,287,-144,-432,-861,-1285,-1565,-1976,-2377,-2637,-3016,-3378,-3721,-3939,-4248,-4534,-4711
22603752.432,-5058,-5268,-5391,-5553,-5684,-5754,-5833,-5881,-5896,-5890,-5853,-5811,-5721,-5600,-5502,-5331
22605421.776,-5131,-4904,-4737,-4466,-4170,-3961,-3628,-3277,-3032,-2652,-2257,-1987,-1573,-1151,-866,-434
22607091.120,0,289,721,1150,1432,1849,2256,2521,2906,3276,3512,3851,4169,4369,4648,4903
22608760.464,5057,5267,5447,5552,5683,5783,5832,5880,5896,5889,5852,5783,5720,5599,5447,5330
22610429.808,5130,4903,4736,4465,4169,3960,3627,3276,3031,2651,2256,1986,1572,1150,865,433
22612099.152,0,-290,-722,-1151,-1433,-1850,-2257,-2522,-2907,-3277,-3513,-3852,-4170,-4370,-4649,-4904
22613768.496,-5131,-5268,-5448,-5600,-5684,-5784,-5853,-5881,-5897,-5881,-5853,-5784,-5684,-5600,-5448,-5268
22615437.840,-5131,-4904,-4649,-4466,-4170,-3852,-3628,-3277,-2907,-2652,-2257,-1850,-1573,-1151,-722,-434
22617107.184,0,433,721,1150,1572,1849,2256,2651,2906,3276,3627,3851,4169,4465,4648,4903
22618776.528,5130,5267,5447,5599,5683,5783,5852,5880,5896,5880,5852,5783,5683,5599,5447,5267
22620445.872,5130,4903,4648,4465,4169,3851,3627,3276,2906,2651,2256,1849,1572,1150,721,289
22622115.216,0,-434,-866,-1151,-1573,-1987,-2257,-2652,-3032,-3277,-3628,-3961,-4170,-4466,-4737,-4904
22653832.752,-5230,-5422,-5533,-5675,-5786,-5866,-5902,-5929,-5923,-5902,-5843,-5753,-5675,-5533,-5361,-5230
22655502.096,-5010,-4763,-4584,-4295,-3983,-3762,-3415,-3049,-2796,-2404,-1998,-1722,-1300,-871,-582,-146
22657171.440,290,581,1013,1440,1721,2134,2535,2795,3172,3532,3761,4088,4393,4583,4848,5086
22658840.784,5229,5421,5583,5674,5785,5865,5901,5928,5922,5901,5842,5752,5674,5532,5360,5229
22660510.128,5009,4762,4583,4294,3982,3761,3414,3048,2795,2403,1997,1721,1299,870,581,145
22662179.472,-291,-582,-1014,-1441,-1861,-2135,-2536,-2923,-3173,-3533,-3874,-4089,-4394,-4675,-4849,-5087
22663848.816,-5297,-5422,-5584,-5716,-5786,-5866,-5914,-5929,-5923,-5886,-5843,-5753,-5631,-5533,-5361,-5160
22665518.160,-5010,-4763,-4491,-4295,-3983,-3649,-3415,-3049,-2667,-2404,-1998,-1582,-1300,-871,-437,-146
22667187.504,290,725,1013,1440,1860,2134,2535,2922,3172,3532,3873,4088,4393,4674,4848,5086
22668856.848,5296,5421,5583,5715,5785,5865,5913,5928,5922,5885,5842,5752,5630,5532,5360,5159
22670526.192,5009,4762,4490,4193,3982,3648,3294,3048,2666,2269,1997,1581,1156,870,436,0
22672195.536,-291,-726,-1157,-1441,-1861,-2270,-2536,-2923,-3295,-3533,-3874,-4194,-4394,-4675,-4931,-5087
22702243.728,-439,-875,-1307,-1591,-2009,-2417,-2681,-3066,-3434,-3783,-4005,-4319,-4610,-4790,-5038,-5259
22703913.072,-5391,-5564,-5707,-5785,-5876,-5935,-5956,-5961,-5935,-5899,-5818,-5707,-5615,-5452,-5259,-5115
22705582.416,-4876,-4610,-4419,-4112,-3783,-3552,-3191,-2811,-2550,-2147,-1731,-1449,-1020,-585,-293,146
22707251.760,584,874,1306,1730,2008,2416,2810,3065,3433,3782,4004,4318,4609,4789,5037,5258
22708921.104,5390,5563,5706,5784,5875,5934,5955,5960,5934,5898,5817,5706,5614,5451,5258,5114
22710590.448,4875,4609,4418,4111,3782,3551,3190,2810,2416,2146,1730,1306,1019,584,146,-147
22712259.792,-585,-1020,-1307,-1731,-2147,-2417,-2811,-3191,-3434,-3783,-4112,-4319,-4610,-4876,-5038,-5259
22713929.136,-5452,-5564,-5707,-5818,-5876,-5935,-5961,-5961,-5935,-5876,-5818,-5707,-5564,-5452,-5259,-5038
22715598.480,-4876,-4610,-4319,-4112,-3783,-3434,-3191,-2811,-2417,-2147,-1731,-1307,-1020,-585,-147,146
22717267.824,584,1019,1306,1730,2146,2416,2810,3190,3433,3782,4111,4318,4609,4875,5037,5258
22718937.168,5451,5563,5706,5817,5875,5934,5960,5955,5934,5875,5784,5706,5563,5390,5258,5037
22720606.512,4789,4609,4318,4004,3782,3433,3065,2810,2416,2008,1730,1306,874,584,146,-293
22753993.392,-5540,-5694,-5817,-5881,-5951,-5989,-5996,-5980,-5931,-5881,-5779,-5646,-5540,-5356,-5143,-4986
22755662.736,-4727,-4443,-4240,-3917,-3572,-3332,-2956,-2564,-2295,-1881,-1457,-1170,-734,-295,0,440
22757332.080,879,1169,1599,2019,2294,2695,3082,3331,3688,4026,4239,4540,4815,4985,5216,5420
22759001.424,5539,5693,5816,5880,5950,5988,5995,5979,5930,5880,5778,5645,5481,5355,5142,4902
22760670.768,4726,4442,4134,3916,3571,3207,2955,2563,2157,1880,1456,1025,733,294,-148,-441
22762340.112,-880,-1314,-1600,-2020,-2430,-2696,-3083,-3453,-3689,-4027,-4343,-4541,-4816,-5066,-5217,-5421
22764009.456,-5594,-5694,-5817,-5908,-5951,-5989,-5994,-5980,-5931,-5851,-5779,-5646,-5482,-5356,-5143,-4903
22765678.800,-4727,-4443,-4135,-3917,-3572,-3208,-2956,-2564,-2158,-1881,-1457,-1026,-734,-295,147,440
22767348.144,879,1313,1599,2019,2429,2695,3082,3452,3688,4026,4342,4634,4815,5065,5287,5420
22769017.488,5593,5737,5816,5907,5966,5988,5993,5966,5930,5850,5737,5645,5481,5287,5142,4902
22770686.832,4634,4442,4134,3803,3571,3207,2826,2563,2157,1740,1456,1025,587,294,-148,-588
22772356.176,-880,-1314,-1741,-2020,-2430,-2827,-3083,-3453,-3804,-4027,-4343,-4635,-4816,-5066,-5288,-5421
22802404.368,-1177,-1465,-1891,-2307,-2578,-2972,-3349,-3591,-3938,-4263,-4467,-4753,-5012,-5171,-5385,-5570
22804073.712,-5676,-5810,-5912,-5963,-6012,-6028,-6021,-5983,-5912,-5848,-5724,-5570,-5450,-5245,-5012,-4842
22805743.056,-4565,-4263,-4049,-3709,-3349,-3099,-2711,-2307,-2031,-1608,-1177,-885,-444,0,295,737
22807412.400,1176,1464,1890,2306,2577,2971,3348,3590,3937,4262,4466,4752,5011,5170,5384,5569
22809081.744,5723,5809,5911,5982,6011,6027,6011,5982,5911,5809,5723,5569,5384,5244,5011,4752
22810751.088,4564,4262,3937,3708,3348,2971,2710,2306,1890,1607,1176,737,443,0,-444,-738
22812420.432,-1177,-1608,-1891,-2307,-2711,-2972,-3349,-3709,-3938,-4263,-4565,-4753,-5012,-5245,-5385,-5570
22814089.776,-5724,-5810,-5912,-5983,-6012,-6028,-6012,-5983,-5912,-5810,-5724,-5570,-5385,-5245,-5012,-4753
22815759.120,-4565,-4263,-3938,-3709,-3349,-2972,-2711,-2307,-1891,-1608,-1177,-738,-444,0,443,884
22817428.464,1176,1607,2030,2306,2710,3098,3348,3708,4048,4262,4564,4841,5011,5244,5449,5569
22819097.808,5723,5847,5911,5982,6020,6027,6011,5962,5911,5809,5675,5569,5384,5170,5011,4752
22820767.152,4466,4262,3937,3590,3348,2971,2577,2306,1890,1464,1176,737,295,0,-444,-885
22854154.032,-5800,-5914,-5996,-6032,-6059,-6054,-6032,-5972,-5880,-5800,-5655,-5479,-5346,-5121,-4869,-4686
22855823.376,-4390,-4071,-3845,-3490,-3116,-2858,-2457,-2042,-1760,-1328,-890,-595,-149,297,594,1036
22857492.720,1472,1759,2181,2591,2987,3242,3610,3958,4179,4490,4778,4955,5198,5413,5540,5706
22859162.064,5841,5913,5995,6044,6058,6053,6015,5971,5879,5754,5654,5478,5273,5120,4868,4589
22860831.408,4389,4070,3728,3489,3115,2724,2456,2041,1616,1327,889,445,148,-298,-742,-1037
22862500.752,-1473,-1902,-2182,-2592,-2988,-3243,-3611,-3959,-4180,-4491,-4779,-4956,-5199,-5414,-5541,-5707
22864170.096,-5842,-5914,-5996,-6045,-6059,-6054,-6016,-5972,-5880,-5755,-5655,-5479,-5274,-5121,-4869,-4590
22865839.440,-4390,-4071,-3729,-3368,-3116,-2725,-2320,-2042,-1617,-1183,-890,-446,0,297,741,1182
22867508.784,1472,1901,2319,2591,2987,3367,3610,3958,4285,4490,4778,5039,5198,5413,5599,5706
22869178.128,5841,5944,5995,6044,6060,6053,6015,5944,5879,5754,5599,5478,5273,5039,4868,4589
22870847.472,4285,4070,3728,3367,3115,2724,2319,2041,1616,1182,889,445,0,-298,-742,-1183
22872516.816,-1473,-1902,-2320,-2592,-2988,-3368,-3611,-3959,-4286,-4491,-4779,-5040,-5199,-5414,-5600,-5755
22902565.008,-1769,-2053,-2470,-2873,-3133,-3509,-3866,-4093,-4414,-4711,-4895,-5149,-5375,-5509,-5686,-5832
22904234.352,-5912,-6005,-6065,-6087,-6092,-6065,-6028,-5946,-5832,-5738,-5572,-5375,-5227,-4983,-4711,-4516
22905903.696,-4202,-3866,-3631,-3261,-2873,-2606,-2194,-1769,-1336,-1042,-598,-150,149,597,1041,1335
22907573.040,1768,2193,2469,2872,3260,3508,3865,4201,4413,4710,4982,5148,5374,5571,5685,5831
22909242.384,5945,6004,6064,6091,6091,6064,6004,5945,5831,5685,5571,5374,5148,4982,4710,4413
22910911.728,4201,3865,3508,3260,2872,2469,2193,1768,1335,1041,597,149,-150,-598,-1042,-1336
22912581.072,-1769,-2194,-2470,-2873,-3261,-3509,-3866,-4202,-4414,-4711,-4983,-5149,-5375,-5572,-5686,-5832
22914250.416,-5946,-6005,-6065,-6092,-6092,-6065,-6005,-5912,-5832,-5686,-5509,-5375,-5149,-4895,-4711,-4414
22915919.760,-4093,-3866,-3509,-3133,-2873,-2470,-2053,-1769,-1336,-895,-598,-150,299,597,1041,1480
22917589.104,1768,2193,2605,2872,3260,3630,3865,4201,4515,4710,4982,5226,5374,5571,5737,5831
22919258.448,5945,6027,6064,6091,6086,6064,6004,5911,5831,5685,5508,5374,5148,4894,4710,4413
22920927.792,4092,3865,3508,3132,2872,2469,2052,1768,1335,894,597,149,-300,-598,-1042,-1481
22954314.672,-6010,-6081,-6120,-6127,-6111,-6061,-6010,-5905,-5769,-5661,-5473,-5256,-5010,-4831,-4540,-4225
22955984.016,-4002,-3650,-3278,-3020,-2620,-2206,-1922,-1489,-1048,-750,-301,150,450,899,1342,1634
22957653.360,2064,2482,2754,3149,3527,3769,4114,4437,4639,4921,5176,5330,5538,5716,5817,5943
22959322.704,6036,6080,6119,6124,6110,6060,5977,5904,5768,5601,5472,5255,5009,4830,4539,4224
22960992.048,4001,3649,3277,3019,2619,2205,1921,1488,1047,749,300,-151,-451,-900,-1343,-1635
22962661.392,-2065,-2483,-2755,-3150,-3528,-3770,-4115,-4438,-4640,-4922,-5177,-5404,-5539,-5717,-5863,-5944
22964330.736,-6037,-6098,-6120,-6125,-6098,-6061,-5978,-5863,-5769,-5602,-5404,-5256,-5010,-4737,-4540,-4225
22966000.080,-3887,-3650,-3278,-2889,-2620,-2206,-1779,-1489,-1048,-601,-301,150,600,899,1342,1778
22967669.424,2064,2482,2888,3149,3527,3886,4114,4437,4736,4921,5176,5403,5538,5716,5862,5943
22969338.768,6036,6097,6119,6124,6097,6060,5977,5862,5768,5601,5403,5255,5009,4736,4539,4224
22971008.112,3886,3649,3277,2888,2619,2205,1778,1342,1047,600,150,-151,-601,-1048,-1343,-1779
22972677.456,-2206,-2483,-2889,-3278,-3528,-3887,-4225,-4438,-4737,-5010,-5177,-5404,-5602,-5717,-5863,-5978
23002725.648,-2358,-2634,-3037,-3423,-3670,-4024,-4356,-4565,-4857,-5122,-5284,-5503,-5691,-5800,-5937,-6042
23004394.992,-6114,-6144,-6160,-6144,-6114,-6042,-5937,-5849,-5691,-5503,-5360,-5122,-4857,-4665,-4356,-4024
23006064.336,-3790,-3423,-3037,-2770,-2358,-1933,-1643,-1202,-755,-454,0,453,754,1201,1642,1932
23007733.680,2357,2769,3036,3422,3789,4023,4355,4664,4856,5121,5359,5502,5690,5848,5936,6041
23009403.024,6113,6143,6159,6143,6113,6041,5936,5848,5690,5502,5359,5121,4856,4664,4355,4023
23011072.368,3789,3422,3036,2769,2357,1932,1642,1201,754,453,0,-454,-755,-1202,-1643,-2076
23012741.712,-2358,-2770,-3167,-3423,-3790,-4137,-4356,-4665,-4948,-5122,-5360,-5569,-5691,-5849,-5976,-6042
23014411.056,-6114,-6153,-6160,-6144,-6094,-6042,-5937,-5800,-5691,-5503,-5284,-5122,-4857,-4565,-4356,-4024
23016080.400,-3670,-3423,-3037,-2634,-2358,-1933,-1497,-1202,-755,-303,0,453,903,1201,1642,2075
23017749.744,2357,2769,3166,3422,3789,4136,4355,4664,4947,5121,5359,5568,5690,5848,5975,6041
23019419.088,6113,6152,6159,6143,6093,6041,5936,5799,5690,5502,5283,5036,4856,4564,4247,4023
23021088.432,3669,3295,3036,2633,2216,1932,1496,1053,754,302,-152,-454,-904,-1350,-1643,-2076
23054475.312,-6175,-6190,-6185,-6146,-6101,-6007,-5880,-5777,-5598,-5388,-5232,-4974,-4689,-4485,-4159,-3810
23056144.656,-3566,-3184,-2784,-2510,-2086,-1652,-1357,-909,-456,-152,303,757,1058,1504,1942,2228
23057814.000,2647,3051,3312,3688,4044,4269,4587,4881,5062,5310,5530,5660,5829,5967,6041,6124
23059483.344,6174,6189,6184,6145,6100,6006,5879,5776,5597,5387,5231,4973,4688,4484,4158,3809
23061152.688,3565,3183,2783,2369,2085,1651,1208,908,455,0,-304,-758,-1209,-1505,-1943,-2370
23062822.032,-2648,-3052,-3440,-3689,-4045,-4379,-4588,-4882,-5149,-5311,-5531,-5721,-5830,-5968,-6073,-6125
23064491.376,-6175,-6192,-6185,-6146,-6073,-6007,-5880,-5721,-5598,-5388,-5149,-4974,-4689,-4379,-4159,-3810
23066160.720,-3440,-3184,-2784,-2370,-2086,-1652,-1209,-909,-456,0,303,757,1208,1504,1942,2369
23067830.064,2647,3051,3439,3688,4044,4378,4587,4881,5148,5310,5530,5720,5829,5967,6072,6145
23069499.408,6174,6191,6174,6145,6072,5967,5879,5720,5530,5387,5148,4881,4688,4378,4044,3809
23071168.752,3439,3051,2783,2369,1942,1651,1208,757,455,0,-456,-758,-1209,-1652,-1943,-2370
23072838.096,-2784,-3052,-3440,-3810,-4045,-4379,-4689,-4882,-5149,-5388,-5531,-5721,-5880,-5968,-6073,-6146
23102886.288,-2935,-3331,-3585,-3949,-4293,-4509,-4812,-5090,-5259,-5490,-5691,-5808,-5957,-6074,-6134,-6195
23104555.632,-6223,-6223,-6195,-6134,-6074,-5957,-5808,-5691,-5490,-5259,-5090,-4812,-4509,-4293,-3949,-3585
23106224.976,-3331,-2935,-2523,-2241,-1808,-1364,-1065,-611,-153,152,610,1064,1363,1807,2240,2522
23107894.320,2934,3330,3584,3948,4292,4508,4811,5089,5258,5489,5690,5807,5956,6073,6133,6194
23109563.664,6222,6222,6194,6133,6073,5956,5807,5627,5489,5258,4999,4811,4508,4180,3948,3584
23111233.008,3200,2934,2522,2097,1807,1363,913,610,152,-306,-611,-1065,-1513,-1808,-2241,-2662
23112902.352,-2935,-3331,-3709,-3949,-4293,-4613,-4812,-5090,-5340,-5490,-5691,-5862,-5957,-6074,-6158,-6195
23114571.696,-6223,-6218,-6195,-6134,-6039,-5957,-5808,-5628,-5490,-5259,-5000,-4812,-4509,-4181,-3949,-3585
23116241.040,-3201,-2935,-2523,-2098,-1808,-1364,-914,-611,-153,305,610,1064,1512,1807,2240,2661
23117910.384,2934,3330,3708,4065,4292,4612,4907,5089,5339,5560,5690,5861,5999,6073,6157,6207
23119579.728,6222,6217,6178,6133,6038,5910,5807,5627,5416,5258,4999,4713,4508,4180,3829,3584
23121249.072,3200,2798,2522,2097,1660,1363,913,457,152,-306,-762,-1065,-1513,-1953,-2241,-2662
23152966.608,-3218,-3604,-3850,-4203,-4533,-4739,-5027,-5287,-5445,-5657,-5839,-5942,-6071,-6166,-6211,-6251
23154635.952,-6256,-6241,-6191,-6106,-6032,-5893,-5721,-5590,-5368,-5117,-4934,-4637,-4315,-4088,-3728,-3348
23156305.296,-3085,-2676,-2253,-1963,-1521,-1070,-767,-308,153,460,918,1371,1668,2108,2536,2813
23157974.640,3217,3603,3849,4202,4532,4738,5026,5286,5444,5656,5838,5988,6070,6165,6227,6250
23159643.984,6255,6227,6190,6105,5988,5892,5720,5518,5367,5116,4837,4636,4314,3969,3727,3347
23161313.328,2949,2675,2252,1816,1520,1069,613,307,-154,-614,-919,-1372,-1817,-2109,-2537,-2950
23162982.672,-3218,-3604,-3970,-4203,-4533,-4838,-5027,-5287,-5519,-5657,-5839,-5989,-6071,-6166,-6228,-6251
23164652.016,-6256,-6228,-6191,-6106,-5989,-5893,-5721,-5519,-5368,-5117,-4838,-4637,-4315,-3970,-3728,-3348
23166321.360,-2950,-2676,-2253,-1817,-1521,-1070,-614,-154,153,613,1069,1371,1816,2252,2536,2949
23167990.704,3347,3603,3969,4314,4532,4837,5116,5286,5518,5720,5838,5988,6105,6165,6227,6255
23169660.048,6255,6227,6165,6105,5988,5838,5720,5518,5286,5116,4837,4532,4314,3969,3603,3347
23171329.392,2949,2536,2252,1816,1371,1069,613,153,-154,-614,-1070,-1372,-1817,-2253,-2537,-2950
23203046.928,-3495,-3871,-4110,-4449,-4764,-4960,-5231,-5474,-5620,-5812,-5974,-6063,-6170,-6244,-6274,-6291
23204716.272,-6274,-6244,-6170,-6063,-5974,-5812,-5620,-5474,-5231,-4960,-4764,-4449,-4110,-3871,-3495,-3101
23206385.616,-2829,-2408,-1974,-1678,-1228,-771,-463,0,462,770,1227,1677,1973,2407,2828,3234
23208054.960,3494,3870,4224,4448,4763,5052,5230,5473,5686,5811,5973,6102,6169,6243,6283,6290
23209724.304,6273,6222,6169,6062,5923,5811,5619,5395,5230,4959,4661,4448,4109,3747,3494,3100
23211393.648,2689,2407,1973,1528,1227,770,308,0,-463,-924,-1228,-1678,-2120,-2408,-2829,-3235
23213062.992,-3495,-3871,-4225,-4449,-4764,-5053,-5231,-5474,-5687,-5812,-5974,-6103,-6170,-6244,-6284,-6291
23214732.336,-6274,-6223,-6170,-6063,-5924,-5812,-5620,-5396,-5231,-4960,-4662,-4338,-4110,-3748,-3366,-3101
23216401.680,-2690,-2265,-1974,-1529,-1076,-771,-309,154,462,923,1378,1677,2119,2549,2828,3234
23218071.024,3622,3870,4224,4556,4763,5052,5314,5473,5686,5869,5973,6102,6198,6243,6283,6288
23219740.368,6273,6222,6137,6062,5923,5751,5619,5395,5143,4959,4661,4337,4109,3747,3365,3100
23221409.712,2689,2264,1973,1528,1075,770,308,-155,-463,-924,-1379,-1678,-2120,-2550,-2829,-3235
23253127.248,-3767,-4130,-4360,-4685,-4985,-5170,-5424,-5648,-5781,-5954,-6094,-6170,-6255,-6306,-6321,-6316
23254796.592,-6276,-6230,-6134,-6004,-5900,-5716,-5502,-5342,-5079,-4788,-4580,-4247,-3890,-3641,-3251,-2843
23256465.936,-2563,-2131,-1687,-1234,-928,-466,0,310,773,1233,1536,1983,2419,2703,3116,3512
23258135.280,3766,4129,4470,4684,4984,5257,5423,5647,5841,5953,6093,6201,6254,6305,6322,6315
23259804.624,6275,6201,6133,6003,5841,5715,5501,5257,5078,4787,4470,4246,3889,3512,3250,2842
23261473.968,2419,2130,1686,1233,927,465,0,-311,-774,-1234,-1537,-1984,-2420,-2704,-3117,-3513
23263143.312,-3767,-4130,-4471,-4685,-4985,-5258,-5424,-5648,-5842,-5954,-6094,-6202,-6255,-6306,-6323,-6306
23264812.656,-6276,-6202,-6094,-6004,-5842,-5648,-5502,-5258,-4985,-4788,-4471,-4130,-3890,-3513,-3117,-2843
23266482.000,-2420,-1984,-1687,-1234,-774,-466,0,465,773,1233,1686,1983,2419,2842,3116,3512
23268151.344,3889,4129,4470,4787,4984,5257,5501,5647,5841,6003,6093,6201,6275,6305,6322,6305
23269820.688,6275,6201,6093,6003,5841,5647,5501,5257,4984,4787,4470,4129,3889,3512,3116,2842
23271490.032,2419,1983,1686,1233,773,465,0,-466,-774,-1234,-1687,-1984,-2420,-2843,-3251,-3513
23303207.568,-4033,-4383,-4604,-4914,-5197,-5370,-5606,-5811,-5930,-6083,-6202,-6263,-6326,-6354,-6354,-6326
23304876.912,-6263,-6202,-6083,-5930,-5811,-5606,-5370,-5106,-4914,-4604,-4269,-4033,-3660,-3268,-2997,-2576
23306546.256,-2142,-1846,-1393,-933,-624,-156,311,623,1086,1544,1845,2287,2717,2996,3400,3786
23308215.600,4032,4382,4709,4913,5196,5451,5605,5810,5984,6082,6201,6286,6325,6353,6348,6325
23309884.944,6262,6165,6082,5929,5745,5605,5369,5105,4913,4603,4268,4032,3659,3267,2996,2575
23311554.288,2141,1845,1392,932,623,155,-312,-624,-1087,-1545,-1846,-2288,-2718,-2997,-3401,-3787
23313223.632,-4033,-4383,-4710,-5011,-5197,-5452,-5678,-5811,-5985,-6126,-6202,-6287,-6339,-6354,-6349,-6309
23314892.976,-6263,-6166,-6035,-5930,-5746,-5531,-5370,-5106,-4813,-4604,-4269,-3911,-3660,-3268,-2858,-2576
23316562.320,-2142,-1696,-1393,-933,-468,-156,311,778,1086,1544,1993,2287,2717,3132,3400,3786
23318231.664,4151,4382,4709,5010,5196,5451,5677,5810,5984,6125,6201,6286,6338,6353,6348,6308
23319901.008,6262,6165,6034,5929,5745,5530,5369,5105,4812,4603,4268,3910,3659,3267,2857,2575
23321570.352,2141,1695,1240,932,467,0,-312,-779,-1241,-1545,-1994,-2433,-2718,-3133,-3532,-3787
23353287.888,-4291,-4627,-4838,-5132,-5398,-5559,-5776,-5961,-6067,-6198,-6295,-6358,-6382,-6387,-6358,-6320
23354957.232,-6234,-6114,-6016,-5841,-5635,-5480,-5224,-4939,-4734,-4406,-4053,-3806,-3418,-3012,-2732,-2300
23356626.576,-1855,-1553,-1093,-627,-314,156,626,937,1399,1854,2152,2589,3011,3284,3678,4052
23358295.920,4290,4626,4938,5131,5397,5634,5775,5960,6113,6197,6294,6357,6381,6386,6357,6319
23359965.264,6233,6113,6015,5840,5634,5479,5223,4938,4733,4405,4052,3805,3417,3011,2731,2299
23361634.608,1854,1552,1092,626,313,-157,-627,-1093,-1400,-1855,-2300,-2590,-3012,-3418,-3679,-4053
23363303.952,-4406,-4627,-4939,-5224,-5398,-5635,-5841,-5961,-6114,-6234,-6295,-6358,-6387,-6387,-6358,-6295
23364973.296,-6234,-6114,-5961,-5841,-5635,-5398,-5224,-4939,-4627,-4406,-4053,-3679,-3418,-3012,-2590,-2300
23366642.640,-1855,-1400,-1093,-627,-157,156,626,1092,1399,1854,2299,2589,3011,3417,3678,4052
23368311.984,4405,4626,4938,5223,5397,5634,5840,5960,6113,6233,6294,6357,6386,6386,6357,6294
23369981.328,6233,6113,5960,5840,5634,5397,5131,4938,4626,4290,4052,3678,3284,3011,2589,2152
23371650.672,1854,1399,937,626,156,-314,-627,-1093,-1553,-1855,-2300,-2732,-3012,-3418,-3806,-4053
23401698.864,1712,1252,786,472,0,-473,-787,-1253,-1713,-2015,-2458,-2888,-3166,-3568,-3951,-4313
23403368.208,-4541,-4863,-5159,-5340,-5588,-5806,-5934,-6098,-6230,-6299,-6374,-6415,-6422,-6405,-6353,-6299
23405037.552,-6190,-6047,-5934,-5737,-5509,-5340,-5063,-4759,-4541,-4195,-3826,-3568,-3166,-2746,-2458,-2015
23406706.896,-1561,-1253,-787,-316,0,472,942,1252,1712,2163,2457,2887,3301,3567,3950,4312
23408376.240,4540,4862,5158,5339,5587,5805,5933,6097,6229,6298,6373,6414,6421,6404,6352,6298
23410045.584,6189,6046,5933,5736,5508,5339,5062,4758,4540,4194,3825,3435,3165,2745,2311,2014
23411714.928,1560,1097,786,315,-158,-473,-943,-1407,-1713,-2164,-2603,-2888,-3302,-3698,-3951,-4313
23413384.272,-4651,-4863,-5159,-5426,-5588,-5806,-5992,-6098,-6230,-6328,-6374,-6415,-6420,-6405,-6353,-6266
23415053.616,-6190,-6047,-5871,-5737,-5509,-5251,-5063,-4759,-4429,-4195,-3826,-3436,-3166,-2746,-2312,-2015
23416722.960,-1561,-1098,-787,-316,157,472,942,1406,1712,2163,2602,2887,3301,3697,3950,4312
23418392.304,4650,4862,5158,5425,5587,5805,5991,6097,6229,6327,6390,6414,6419,6390,6352,6265
23420061.648,6145,6046,5870,5663,5508,5250,4964,4758,4428,4073,3825,3435,3027,2745,2311,1864
23453448.528,-4783,-5088,-5367,-5536,-5765,-5963,-6077,-6221,-6330,-6384,-6437,-6454,-6447,-6406,-6330,-6261
23455117.872,-6129,-5963,-5835,-5616,-5367,-5184,-4887,-4564,-4335,-3971,-3586,-3318,-2902,-2470,-2175,-1722
23456787.216,-1260,-947,-475,0,316,790,1259,1568,2024,2469,2759,3181,3585,3844,4215,4563
23458456.560,4782,5087,5366,5535,5764,5962,6076,6220,6329,6383,6436,6453,6446,6405,6329,6220
23460125.904,6128,5962,5764,5615,5366,5087,4886,4563,4215,3970,3585,3181,2901,2469,2024,1721
23461795.248,1259,790,474,0,-475,-791,-1260,-1722,-2025,-2470,-2902,-3182,-3586,-3971,-4216,-4564
23463464.592,-4887,-5088,-5367,-5616,-5765,-5963,-6129,-6221,-6330,-6406,-6437,-6454,-6437,-6406,-6330,-6221
23465133.936,-6129,-5963,-5765,-5616,-5367,-5088,-4887,-4564,-4216,-3971,-3586,-3182,-2902,-2470,-2025,-1722
23466803.280,-1260,-791,-475,0,474,790,1259,1721,2024,2469,2901,3181,3585,3970,4334,4563
23468472.624,4886,5183,5366,5615,5834,5962,6128,6260,6329,6405,6446,6453,6436,6383,6329,6220
23470141.968,6076,5962,5764,5535,5366,5087,4782,4563,4215,3844,3585,3181,2759,2469,2024,1568
23471811.312,1259,790,316,0,-475,-947,-1260,-1722,-2175,-2470,-2902,-3318,-3586,-3971,-4335,-4564
23501859.504,951,635,159,-319,-636,-1110,-1577,-1884,-2335,-2774,-3058,-3471,-3865,-4116,-4473,-4807
23503528.848,-5015,-5304,-5564,-5721,-5931,-6108,-6208,-6330,-6417,-6456,-6485,-6480,-6456,-6392,-6293,-6208
23505198.192,-6053,-5864,-5721,-5481,-5211,-5015,-4698,-4357,-4116,-3736,-3335,-3058,-2629,-2186,-1884,-1422
23506867.536,-952,-636,-160,318,635,1109,1576,1883,2334,2773,3057,3470,3864,4115,4472,4806
23508536.880,5014,5303,5563,5794,5930,6107,6251,6329,6416,6469,6484,6479,6438,6391,6292,6159
23510206.224,6052,5863,5644,5480,5210,4911,4697,4356,3990,3735,3334,2916,2628,2185,1730,1421
23511875.568,951,477,159,-319,-795,-1110,-1577,-2035,-2335,-2774,-3198,-3471,-3865,-4238,-4473,-4807
23513544.912,-5114,-5304,-5564,-5795,-5931,-6108,-6252,-6330,-6417,-6470,-6485,-6480,-6439,-6392,-6293,-6160
23515214.256,-6053,-5864,-5645,-5481,-5211,-4912,-4698,-4357,-3991,-3736,-3335,-2917,-2629,-2186,-1731,-1422
23516883.600,-952,-478,0,318,794,1265,1576,2034,2482,2773,3197,3603,3864,4237,4586,4806
23518552.944,5113,5393,5563,5794,5993,6107,6251,6362,6416,6469,6486,6479,6438,6362,6292,6159
23520222.288,5993,5863,5644,5393,5210,4911,4586,4356,3990,3603,3334,2916,2482,2185,1730,1265
23553609.168,-5237,-5509,-5750,-5894,-6083,-6240,-6325,-6424,-6489,-6513,-6518,-6489,-6450,-6362,-6240,-6139
23555278.512,-5961,-5750,-5593,-5331,-5040,-4831,-4496,-4137,-3884,-3489,-3074,-2788,-2347,-1893,-1585,-1115
23556947.856,-640,-320,159,639,956,1428,1892,2346,2642,3073,3488,3754,4136,4495,4721,5039
23558617.200,5330,5508,5749,5960,6082,6239,6361,6423,6488,6517,6517,6488,6423,6361,6239,6082
23560286.544,5960,5749,5508,5330,5039,4721,4495,4136,3754,3488,3073,2642,2346,1892,1428,1114
23561955.888,639,159,-160,-640,-1115,-1429,-1893,-2347,-2643,-3074,-3489,-3755,-4137,-4496,-4722,-5040
23563625.232,-5331,-5509,-5750,-5961,-6083,-6240,-6362,-6424,-6489,-6518,-6518,-6489,-6424,-6362,-6240,-6083
23565294.576,-5961,-5750,-5509,-5331,-5040,-4722,-4379,-4137,-3755,-3352,-3074,-2643,-2197,-1893,-1429,-957
23566963.920,-640,-160,319,639,1114,1584,1892,2346,2787,3073,3488,3883,4136,4495,4830,5039
23568633.264,5330,5592,5749,5960,6138,6239,6361,6449,6488,6517,6512,6488,6423,6324,6239,6082
23570302.608,5893,5749,5508,5236,5039,4721,4378,4136,3754,3351,3073,2642,2196,1892,1428,956
23571971.952,639,159,-320,-640,-1115,-1585,-1893,-2347,-2788,-3074,-3489,-3884,-4137,-4496,-4831,-5040
23602020.144,321,0,-482,-962,-1279,-1748,-2208,-2508,-2947,-3369,-3641,-4032,-4401,-4634,-4962,-5264
23603689.488,-5449,-5702,-5924,-6055,-6223,-6357,-6427,-6504,-6546,-6553,-6536,-6482,-6427,-6316,-6170,-6055
23605358.832,-5854,-5621,-5449,-5166,-4856,-4634,-4281,-3904,-3641,-3230,-2802,-2359,-2056,-1593,-1121,-803
23607028.176,-322,160,481,961,1435,1747,2207,2655,2946,3368,3773,4031,4400,4745,4961,5263
23608697.520,5536,5701,5923,6113,6222,6356,6456,6503,6545,6550,6535,6481,6393,6315,6169,5990
23610366.864,5853,5620,5357,5165,4855,4518,4280,3903,3505,3229,2801,2358,2055,1592,1120,802
23612036.208,321,-161,-482,-962,-1436,-1748,-2208,-2656,-2947,-3369,-3774,-4032,-4401,-4746,-4962,-5264
23613705.552,-5537,-5702,-5924,-6114,-6223,-6357,-6457,-6504,-6546,-6551,-6522,-6482,-6394,-6271,-6170,-5991
23615374.896,-5780,-5621,-5358,-5066,-4856,-4519,-4158,-3904,-3506,-3089,-2802,-2359,-1903,-1593,-1121,-643
23617044.240,-322,160,642,961,1435,1902,2207,2655,3088,3368,3773,4157,4400,4745,5065,5263
23618713.584,5536,5779,5923,6113,6270,6356,6456,6521,6545,6550,6521,6481,6393,6270,6169,5990
23620382.928,5779,5620,5357,5065,4855,4518,4157,3903,3505,3088,2801,2358,1902,1592,1120,642
23653769.808,-5648,-5882,-6084,-6200,-6347,-6459,-6514,-6567,-6585,-6577,-6536,-6459,-6388,-6253,-6084,-5882
23655439.152,-5730,-5476,-5192,-4986,-4657,-4302,-4052,-3659,-3246,-2961,-2520,-2066,-1757,-1285,-807,-485
23657108.496,0,484,806,1284,1756,2065,2519,2960,3245,3658,4051,4301,4656,4985,5191,5475
23658777.840,5729,5881,6083,6252,6346,6458,6535,6566,6584,6566,6535,6458,6346,6252,6083,5881
23660447.184,5729,5475,5191,4985,4656,4301,4051,3658,3245,2960,2519,2065,1756,1284,806,484
23662116.528,0,-485,-807,-1285,-1757,-2066,-2520,-2961,-3246,-3659,-4052,-4302,-4657,-4986,-5290,-5476
23663785.872,-5730,-5953,-6084,-6253,-6388,-6459,-6536,-6577,-6585,-6567,-6514,-6459,-6347,-6200,-6084,-5882
23665455.216,-5648,-5476,-5192,-4880,-4657,-4302,-3923,-3659,-3246,-2816,-2520,-2066,-1601,-1285,-807,-324
23667124.560,0,484,966,1284,1756,2218,2519,2960,3385,3658,4051,4422,4656,4985,5289,5475
23668793.904,5729,5952,6083,6252,6387,6458,6535,6576,6584,6566,6513,6458,6346,6199,6083,5881
23670463.248,5647,5475,5191,4879,4656,4301,3922,3658,3245,2815,2519,2065,1600,1125,806,323
23672132.592,-162,-485,-967,-1443,-1757,-2219,-2669,-2961,-3386,-3792,-4052,-4423,-4769,-4986,-5290,-5564
23702180.784,-325,-649,-1132,-1609,-1922,-2382,-2830,-3120,-3541,-3943,-4199,-4564,-4904,-5116,-5411,-5677
23703850.128,-5837,-6051,-6232,-6379,-6458,-6547,-6600,-6616,-6610,-6569,-6521,-6420,-6284,-6175,-5983,-5759
23705519.472,-5592,-5316,-5011,-4793,-4445,-4072,-3811,-3403,-2976,-2682,-2230,-1765,-1450,-972,-487,-163
23707188.816,324,810,1131,1608,2075,2381,2829,3261,3540,3942,4322,4563,4903,5217,5410,5676
23708858.160,5911,6050,6231,6378,6457,6546,6599,6615,6609,6568,6520,6419,6283,6174,5982,5758
23710527.504,5591,5315,5010,4792,4444,4071,3810,3402,2975,2681,2229,1764,1449,971,486,162
23712196.848,-325,-811,-1292,-1609,-2076,-2533,-2830,-3262,-3677,-3943,-4323,-4680,-4904,-5218,-5503,-5677
23713866.192,-5912,-6115,-6232,-6379,-6491,-6547,-6600,-6618,-6610,-6569,-6491,-6420,-6284,-6115,-5983,-5759
23715535.536,-5503,-5316,-5011,-4680,-4445,-4072,-3677,-3403,-2976,-2533,-2230,-1765,-1292,-972,-487,0
23717204.880,324,810,1291,1608,2075,2532,2829,3261,3676,3942,4322,4679,4903,5217,5502,5676
23718874.224,5911,6114,6231,6378,6490,6546,6599,6617,6609,6568,6490,6419,6283,6114,5982,5758
23720543.568,5502,5217,5010,4679,4322,4071,3676,3261,2975,2532,2075,1764,1291,810,486,0
23753930.448,-6081,-6206,-6365,-6490,-6553,-6619,-6649,-6649,-6619,-6553,-6490,-6365,-6206,-6081,-5866,-5619
23755599.792,-5438,-5142,-4817,-4586,-4220,-3830,-3559,-3136,-2696,-2394,-1931,-1458,-1138,-652,-164,163
23757269.136,651,1137,1457,1930,2393,2695,3135,3558,3829,4219,4585,4816,5141,5437,5618,5865
23758938.480,6080,6205,6364,6489,6552,6618,6648,6648,6618,6552,6489,6364,6205,6080,5865,5618
23760607.824,5437,5141,4816,4585,4219,3829,3419,3135,2695,2240,1930,1457,975,651,163,-327
23762277.168,-652,-1138,-1617,-1931,-2394,-2844,-3136,-3559,-3962,-4220,-4586,-4928,-5142,-5438,-5705,-5866
23763946.512,-6081,-6263,-6365,-6490,-6579,-6619,-6649,-6643,-6619,-6553,-6452,-6365,-6206,-6013,-5866,-5619
23765615.856,-5343,-5142,-4817,-4467,-4220,-3830,-3420,-3136,-2696,-2241,-1931,-1458,-976,-652,-164,326
23767285.200,651,1137,1616,1930,2393,2843,3135,3558,3961,4219,4585,4927,5141,5437,5704,5865
23768954.544,6080,6262,6364,6489,6578,6632,6648,6642,6600,6552,6451,6315,6205,6012,5786,5618
23770623.888,5342,5035,4816,4466,4091,3829,3419,2990,2695,2240,1773,1457,975,489,163,-327
23772293.232,-815,-1138,-1617,-2087,-2394,-2844,-3279,-3559,-3962,-4345,-4586,-4928,-5244,-5438,-5705,-5941
23802341.424,-981,-1465,-1783,-2252,-2709,-3006,-3437,-3849,-4113,-4489,-4841,-5061,-5369,-5647,-5816,-6043
23804010.768,-6236,-6347,-6484,-6586,-6634,-6676,-6682,-6666,-6612,-6522,-6442,-6294,-6111,-5971,-5733,-5465
23805680.112,-5270,-4953,-4609,-4366,-3982,-3576,-3295,-2858,-2406,-2097,-1625,-1143,-819,-328,163,491
23807349.456,980,1464,1782,2251,2708,3005,3436,3848,4112,4488,4840,5060,5368,5646,5815,6042
23809018.800,6235,6346,6483,6585,6633,6675,6681,6665,6611,6521,6395,6293,6110,5894,5732,5464
23810688.144,5166,4952,4608,4240,3981,3575,3150,2857,2405,1940,1624,1142,655,327,-164,-656
23812357.488,-981,-1465,-1941,-2252,-2709,-3151,-3437,-3849,-4241,-4489,-4841,-5167,-5369,-5647,-5895,-6043
23814026.832,-6236,-6396,-6484,-6586,-6652,-6676,-6682,-6652,-6612,-6522,-6396,-6294,-6111,-5895,-5733,-5465
23815696.176,-5167,-4953,-4609,-4241,-3982,-3576,-3151,-2858,-2406,-1941,-1625,-1143,-656,-328,163,655
23817365.520,980,1464,1940,2251,2708,3150,3436,3848,4240,4608,4840,5166,5464,5646,5894,6110
23819034.864,6235,6395,6521,6585,6651,6681,6681,6651,6585,6521,6395,6235,6110,5894,5646,5464
23820704.208,5166,4840,4608,4240,3848,3575,3150,2708,2405,1940,1464,1142,655,163,-164,-656
23854091.088,-6378,-6474,-6588,-6667,-6699,-6717,-6699,-6667,-6588,-6474,-6378,-6206,-6000,-5845,-5585,-5296
23855760.432,-5086,-4750,-4388,-4133,-3732,-3311,-3020,-2571,-2107,-1792,-1311,-823,-495,0,494,822
23857429.776,1310,1791,2106,2570,3019,3310,3731,4132,4387,4749,5085,5295,5584,5844,6071,6205
23859099.120,6377,6515,6587,6666,6708,6716,6698,6644,6587,6473,6324,6205,5999,5761,5584,5295
23860768.464,4976,4749,4387,4001,3731,3310,2871,2570,2106,1632,1310,822,329,0,-495,-986
23862437.808,-1311,-1792,-2263,-2571,-3020,-3454,-3732,-4133,-4511,-4750,-5086,-5396,-5585,-5845,-6072,-6206
23864107.152,-6378,-6516,-6588,-6667,-6709,-6717,-6699,-6645,-6588,-6474,-6325,-6206,-6000,-5762,-5585,-5296
23865776.496,-4977,-4750,-4388,-4002,-3732,-3311,-2872,-2571,-2107,-1633,-1311,-823,-330,164,494,985
23867445.840,1471,1791,2262,2722,3019,3453,3867,4132,4510,4864,5085,5395,5674,5844,6071,6266
23869115.184,6377,6515,6617,6666,6708,6714,6698,6644,6553,6473,6324,6140,5999,5761,5491,5295
23870784.528,4976,4631,4387,4001,3593,3310,2871,2417,2106,1632,1148,822,329,-165,-495,-986
23872453.872,-1472,-1792,-2263,-2723,-3020,-3454,-3868,-4133,-4511,-4865,-5086,-5396,-5675,-5845,-6072,-6267
23902502.064,-1640,-2117,-2429,-2886,-3327,-3611,-4021,-4409,-4654,-5001,-5321,-5518,-5789,-6029,-6170,-6355
23904171.408,-6505,-6585,-6676,-6731,-6747,-6741,-6699,-6650,-6547,-6409,-6297,-6101,-5873,-5702,-5421,-5111
23905840.752,-4888,-4533,-4153,-3887,-3470,-3035,-2735,-2274,-1800,-1479,-991,-497,-166,331,826,1153
23907510.096,1639,2116,2582,2885,3326,3749,4020,4408,4772,5000,5320,5611,5788,6028,6235,6354
23909179.440,6504,6619,6675,6730,6748,6740,6698,6619,6546,6408,6235,6100,5872,5611,5420,5110
23910848.784,4772,4532,4152,3749,3469,3034,2582,2273,1799,1316,990,496,0,-332,-827,-1317
23912518.128,-1640,-2117,-2583,-2886,-3327,-3750,-4021,-4409,-4773,-5001,-5321,-5612,-5789,-6029,-6236,-6355
23914187.472,-6505,-6620,-6676,-6731,-6749,-6741,-6699,-6620,-6547,-6409,-6236,-6101,-5873,-5612,-5421,-5111
23915856.816,-4773,-4409,-4153,-3750,-3327,-3035,-2583,-2117,-1800,-1317,-827,-497,0,496,826,1316
23917526.160,1799,2116,2582,3034,3326,3749,4152,4408,4772,5110,5320,5611,5872,6028,6235,6408
23919195.504,6504,6619,6698,6730,6748,6730,6698,6619,6504,6408,6235,6028,5872,5611,5320,5110
23920864.848,4772,4408,4152,3749,3326,3034,2582,2116,1799,1316,826,496,0,-497,-827,-1317
23952582.384,-1969,-2441,-2749,-3197,-3629,-3906,-4303,-4677,-4912,-5243,-5545,-5730,-5982,-6200,-6328,-6490
23954251.728,-6618,-6683,-6750,-6780,-6780,-6750,-6683,-6618,-6490,-6328,-6200,-5982,-5730,-5545,-5243,-4912
23955921.072,-4677,-4303,-3906,-3629,-3197,-2749,-2285,-1969,-1486,-996,-665,-167,332,664,1159,1647
23957590.416,1968,2440,2899,3196,3628,4039,4302,4676,5025,5242,5544,5816,5981,6199,6385,6489
23959259.760,6617,6708,6749,6779,6773,6749,6682,6578,6489,6327,6130,5981,5729,5447,5242,4911
23960929.104,4554,4302,3905,3486,3196,2748,2284,1968,1485,995,664,166,-333,-665,-1160,-1648
23962598.448,-1969,-2441,-2900,-3197,-3629,-4040,-4303,-4677,-5026,-5243,-5545,-5817,-5982,-6200,-6386,-6490
23964267.792,-6618,-6709,-6750,-6780,-6774,-6731,-6683,-6579,-6440,-6328,-6131,-5901,-5730,-5448,-5136,-4912
23965937.136,-4555,-4173,-3906,-3487,-3050,-2749,-2285,-1809,-1486,-996,-499,-167,332,830,1159,1647
23967606.480,2127,2440,2899,3342,3628,4039,4429,4676,5025,5346,5544,5816,6057,6199,6385,6536
23969275.824,6617,6708,6763,6779,6773,6730,6682,6578,6439,6327,6130,5900,5729,5447,5135,4911
23970945.168,4554,4172,3905,3486,3049,2748,2284,1808,1485,995,498,166,-333,-831,-1160,-1648
24002662.704,-2296,-2762,-3064,-3504,-3925,-4193,-4577,-4936,-5161,-5474,-5758,-5930,-6161,-6359,-6471,-6611
24004332.048,-6715,-6764,-6807,-6813,-6797,-6741,-6650,-6568,-6417,-6231,-6011,-5846,-5572,-5268,-5050,-4700
24006001.392,-4324,-4060,-3646,-3213,-2914,-2453,-1979,-1656,-1166,-669,-335,167,668,999,1493,1978
24007670.736,2295,2761,3212,3503,3924,4323,4576,4935,5267,5473,5757,6010,6160,6358,6521,6610
24009340.080,6714,6781,6806,6812,6781,6740,6649,6521,6416,6230,6010,5845,5571,5267,5049,4699
24011009.424,4323,4059,3645,3212,2913,2452,1978,1655,1165,668,334,-168,-669,-1000,-1494,-1979
24012678.768,-2296,-2762,-3213,-3504,-3925,-4324,-4577,-4936,-5268,-5572,-5758,-6011,-6231,-6359,-6522,-6650
24014348.112,-6715,-6782,-6813,-6813,-6782,-6715,-6650,-6522,-6359,-6231,-6011,-5758,-5572,-5268,-4936,-4700
24016017.456,-4324,-3925,-3646,-3213,-2762,-2453,-1979,-1494,-1166,-669,-168,167,668,1165,1493,1978
24017686.800,2452,2761,3212,3645,3924,4323,4699,4935,5267,5571,5757,6010,6230,6358,6521,6649
24019356.144,6714,6781,6812,6812,6781,6714,6649,6521,6358,6230,6010,5757,5571,5267,4935,4699
24021025.488,4323,3924,3645,3212,2761,2295,1978,1493,999,668,167,-335,-669,-1166,-1656,-1979
24052743.024,-2621,-3079,-3376,-3805,-4213,-4473,-4843,-5186,-5399,-5694,-5959,-6117,-6327,-6503,-6643,-6717
24054412.368,-6797,-6840,-6848,-6830,-6774,-6717,-6600,-6448,-6327,-6117,-5874,-5694,-5399,-5074,-4843,-4473
24056081.712,-4080,-3805,-3376,-2928,-2621,-2148,-1664,-1337,-839,-337,0,503,1004,1336,1826,2306
24057751.056,2620,3078,3520,3804,4212,4598,4842,5185,5500,5693,5958,6190,6326,6502,6642,6716
24059420.400,6796,6839,6847,6829,6773,6716,6599,6447,6326,6116,5873,5693,5398,5073,4842,4472
24061089.744,4079,3804,3375,2927,2620,2147,1663,1336,838,336,0,-504,-1005,-1501,-1827,-2307
24062759.088,-2776,-3079,-3521,-3944,-4213,-4599,-4960,-5186,-5501,-5786,-5959,-6191,-6389,-6503,-6643,-6748
24064428.432,-6797,-6840,-6846,-6830,-6774,-6682,-6600,-6448,-6261,-6117,-5874,-5599,-5399,-5074,-4722,-4473
24066097.776,-4080,-3664,-3376,-2928,-2465,-2148,-1664,-1171,-839,-337,168,503,1004,1500,1826,2306
24067767.120,2775,3078,3520,3943,4212,4598,4959,5185,5500,5785,5958,6190,6388,6502,6642,6747
24069436.464,6796,6839,6845,6829,6773,6681,6599,6447,6260,6039,5873,5598,5293,5073,4721,4344
24071105.808,4079,3663,3227,2927,2464,1987,1663,1170,671,336,-169,-672,-1005,-1501,-1988,-2307
24101154.000,3961,3537,3093,2788,2317,1834,1507,1009,506,168,-338,-843,-1177,-1672,-2158,-2477
24102823.344,-2942,-3392,-3823,-4099,-4494,-4865,-5098,-5424,-5721,-5901,-6146,-6357,-6478,-6631,-6748,-6806
24104492.688,-6862,-6880,-6872,-6829,-6748,-6674,-6533,-6357,-6220,-5986,-5721,-5526,-5210,-4865,-4621,-4233
24106162.032,-3823,-3538,-3094,-2633,-2318,-1835,-1343,-1010,-507,0,337,842,1342,1671,2157,2632
24107831.376,2941,3391,3822,4098,4493,4864,5097,5423,5720,5900,6145,6356,6477,6630,6747,6805
24109500.720,6861,6879,6871,6828,6747,6673,6532,6356,6219,5985,5720,5525,5209,4864,4620,4232
24111170.064,3822,3391,3093,2632,2157,1834,1342,842,506,0,-507,-843,-1343,-1835,-2158,-2633
24112839.408,-3094,-3392,-3823,-4233,-4494,-4865,-5210,-5424,-5721,-5986,-6146,-6357,-6533,-6631,-6748,-6829
24114508.752,-6862,-6880,-6862,-6829,-6748,-6631,-6533,-6357,-6146,-5986,-5721,-5424,-5210,-4865,-4494,-4233
24116178.096,-3823,-3392,-3094,-2633,-2158,-1835,-1343,-843,-507,0,506,842,1342,1834,2157,2632
24117847.440,3093,3391,3822,4232,4493,4864,5209,5423,5720,5985,6145,6356,6532,6673,6747,6828
24119516.784,6871,6879,6861,6805,6747,6630,6477,6356,6145,5900,5720,5423,5097,4864,4493,4098
24152903.664,-3259,-3699,-4118,-4386,-4767,-5123,-5344,-5652,-5930,-6097,-6320,-6509,-6616,-6745,-6838,-6880
24154573.008,-6911,-6905,-6880,-6812,-6706,-6616,-6450,-6250,-6097,-5841,-5553,-5344,-5007,-4643,-4386,-3981
24156242.352,-3554,-3259,-2802,-2329,-2007,-1515,-1015,-678,-170,339,677,1181,1679,2006,2487,2955
24157911.696,3258,3698,4117,4385,4766,5122,5343,5651,5929,6096,6319,6508,6615,6744,6837,6879
24159581.040,6910,6904,6879,6811,6705,6563,6449,6249,6014,5840,5552,5234,5006,4642,4252,3980
24161250.384,3553,3107,2801,2328,1843,1514,1014,508,169,-340,-847,-1182,-1680,-2169,-2488,-2956
24162919.728,-3408,-3699,-4118,-4516,-4767,-5123,-5450,-5652,-5930,-6175,-6320,-6509,-6663,-6745,-6838,-6895
24164589.072,-6911,-6905,-6861,-6812,-6706,-6564,-6450,-6250,-6015,-5841,-5553,-5235,-5007,-4643,-4253,-3981
24166258.416,-3554,-3108,-2802,-2329,-1844,-1515,-1015,-509,-170,339,846,1181,1679,2168,2487,2955
24167927.760,3407,3840,4117,4515,4888,5122,5449,5747,5929,6174,6386,6508,6662,6779,6837,6894
24169597.104,6912,6904,6860,6779,6705,6563,6386,6249,6014,5747,5552,5234,4888,4642,4252,3840
24171266.448,3553,3107,2645,2328,1843,1348,1014,508,0,-340,-847,-1349,-1680,-2169,-2646,-2956
24201314.640,3274,2969,2499,2016,1687,1187,680,340,-171,-681,-1020,-1522,-2017,-2340,-2815,-3275
24202983.984,-3571,-4000,-4407,-4665,-5031,-5370,-5579,-5869,-6126,-6279,-6481,-6647,-6738,-6844,-6913,-6938
24204653.328,-6944,-6913,-6871,-6778,-6647,-6540,-6350,-6126,-5958,-5679,-5370,-5147,-4790,-4407,-4138,-3716
24206322.672,-3275,-2970,-2500,-2017,-1688,-1188,-681,-341,170,680,1019,1521,2016,2339,2814,3274
24207992.016,3570,3999,4406,4664,5030,5369,5578,5868,6125,6349,6480,6646,6777,6843,6912,6943
24209661.360,6943,6912,6843,6777,6646,6480,6349,6125,5868,5678,5369,5030,4789,4406,3999,3715
24211330.704,3274,2814,2499,2016,1521,1187,680,170,-171,-681,-1188,-1522,-2017,-2500,-2815,-3275
24213000.048,-3716,-4000,-4407,-4790,-5031,-5370,-5679,-5869,-6126,-6350,-6481,-6647,-6778,-6844,-6913,-6944
24214669.392,-6944,-6913,-6844,-6778,-6647,-6481,-6350,-6126,-5869,-5679,-5370,-5031,-4790,-4407,-4000,-3716
24216338.736,-3275,-2815,-2500,-2017,-1522,-1020,-681,-171,340,680,1187,1687,2016,2499,2969,3274
24218008.080,3715,4137,4406,4789,5146,5369,5678,5957,6125,6349,6539,6646,6777,6870,6912,6943
24219677.424,6937,6912,6843,6737,6646,6480,6278,6125,5868,5578,5369,5030,4664,4406,3999,3570
24253064.304,-3878,-4294,-4687,-4935,-5285,-5606,-5803,-6073,-6309,-6448,-6627,-6770,-6845,-6927,-6971,-6979
24254733.648,-6960,-6904,-6845,-6726,-6571,-6448,-6234,-5986,-5803,-5502,-5171,-4935,-4559,-4158,-3878,-3440
24256402.992,-2984,-2671,-2190,-1696,-1362,-855,-343,0,513,1024,1361,1861,2351,2828,3137,3587
24258072.336,4018,4293,4686,5054,5284,5605,5895,6072,6308,6511,6626,6769,6876,6926,6970,6976
24259741.680,6959,6903,6809,6725,6570,6380,6233,5985,5705,5501,5170,4812,4558,4157,3733,3439
24261411.024,2983,2511,2189,1695,1193,854,342,-172,-514,-1025,-1529,-1862,-2352,-2829,-3138,-3588
24263080.368,-4019,-4294,-4687,-5055,-5285,-5606,-5896,-6073,-6309,-6512,-6627,-6770,-6877,-6927,-6971,-6977
24264749.712,-6960,-6904,-6810,-6726,-6571,-6381,-6234,-5986,-5706,-5395,-5171,-4813,-4428,-4158,-3734,-3290
24266419.056,-2984,-2512,-2026,-1696,-1194,-685,-343,171,684,1024,1528,2025,2351,2828,3289,3587
24268088.400,4018,4427,4686,5054,5394,5605,5895,6154,6308,6511,6678,6769,6876,6945,6970,6976
24269757.744,6945,6903,6809,6678,6570,6380,6154,5985,5705,5394,5170,4812,4427,4157,3733,3289
24271427.088,2983,2511,2025,1695,1193,684,342,-172,-685,-1025,-1529,-2026,-2352,-2829,-3290,-3588
24301475.280,2682,2361,1869,1367,1028,515,0,-345,-859,-1368,-1704,-2200,-2683,-2998,-3456,-3895
24303144.624,-4177,-4580,-4958,-5195,-5527,-5830,-6014,-6263,-6478,-6602,-6757,-6876,-6935,-6992,-7011,-7003
24304813.968,-6959,-6876,-6801,-6657,-6478,-6338,-6100,-5830,-5632,-5309,-4958,-4709,-4314,-3895,-3605,-3153
24306483.312,-2683,-2200,-1870,-1368,-859,-516,0,515,858,1367,1869,2199,2682,3152,3455,3894
24308152.656,4313,4579,4957,5308,5526,5829,6099,6262,6477,6656,6756,6875,6958,6991,7010,6991
24309822.000,6958,6875,6756,6656,6477,6262,6099,5829,5526,5308,4957,4579,4313,3894,3455,3152
24311491.344,2682,2199,1869,1367,858,515,0,-516,-859,-1368,-1870,-2200,-2683,-3153,-3456,-3895
24313160.688,-4314,-4580,-4958,-5309,-5527,-5830,-6100,-6263,-6478,-6657,-6757,-6876,-6959,-7003,-7011,-6992
24314830.032,-6935,-6876,-6757,-6602,-6478,-6263,-6014,-5830,-5527,-5195,-4958,-4580,-4177,-3895,-3456,-2998
24316499.376,-2683,-2200,-1704,-1368,-859,-345,0,515,1028,1367,1869,2361,2682,3152,3604,3894
24318168.720,4313,4708,4957,5308,5631,5829,6099,6337,6477,6656,6800,6875,6958,7002,7010,6991
24319838.064,6934,6875,6756,6601,6477,6262,6013,5829,5526,5194,4957,4579,4176,3894,3455,2997
24353224.944,-4469,-4857,-5220,-5445,-5759,-6042,-6213,-6440,-6633,-6741,-6873,-6968,-7010,-7042,-7036,-7010
24354894.288,-6941,-6833,-6741,-6572,-6368,-6129,-5951,-5658,-5334,-5102,-4731,-4334,-4056,-3622,-3167,-2855
24356563.632,-2374,-1879,-1544,-1034,-519,-173,345,862,1204,1711,2209,2535,3011,3471,3768,4195
24358232.976,4600,4856,5219,5552,5758,6041,6291,6439,6632,6788,6872,6967,7024,7041,7035,6990
24359902.320,6940,6832,6688,6571,6367,6128,5950,5657,5333,5101,4730,4333,4055,3621,3166,2854
24361571.664,2373,1878,1543,1033,518,172,-346,-863,-1205,-1712,-2210,-2536,-3012,-3472,-3769,-4196
24363241.008,-4601,-4981,-5220,-5553,-5857,-6042,-6292,-6508,-6633,-6789,-6909,-6968,-7025,-7044,-7036,-6991
24364910.352,-6909,-6833,-6689,-6508,-6368,-6129,-5857,-5658,-5334,-4981,-4731,-4334,-3914,-3622,-3167,-2696
24366579.696,-2374,-1879,-1375,-1034,-519,0,345,862,1374,1711,2209,2695,3011,3471,3913,4195
24368249.040,4600,4980,5219,5552,5856,6041,6291,6507,6632,6788,6908,6967,7024,7043,7035,6990
24369918.384,6908,6832,6688,6507,6367,6128,5856,5657,5333,4980,4730,4333,3913,3621,3166,2695
24371587.728,2209,1878,1374,862,518,0,-519,-863,-1375,-1879,-2210,-2696,-3167,-3472,-3914,-4334
24401635.920,2054,1719,1209,693,347,-174,-694,-1039,-1551,-2055,-2385,-2868,-3336,-3639,-4075,-4490
24403305.264,-4753,-5126,-5471,-5685,-5979,-6242,-6398,-6603,-6773,-6905,-6973,-7043,-7075,-7075,-7043,-6973
24404974.608,-6905,-6773,-6603,-6470,-6242,-5979,-5786,-5471,-5126,-4880,-4490,-4075,-3787,-3336,-2868,-2547
24406643.952,-2055,-1551,-1210,-694,-174,173,693,1209,1550,2054,2546,2867,3335,3786,4074,4489
24408313.296,4879,5125,5470,5785,5978,6241,6469,6602,6772,6904,6972,7042,7074,7074,7042,6972
24409982.640,6904,6772,6602,6469,6241,5978,5785,5470,5125,4879,4489,4074,3786,3335,2867,2546
24411651.984,2054,1550,1209,693,173,-348,-694,-1210,-1720,-2055,-2547,-3026,-3336,-3787,-4216,-4490
24413321.328,-4880,-5244,-5471,-5786,-6070,-6242,-6470,-6664,-6773,-6905,-7001,-7043,-7075,-7069,-7043,-6973
24414990.672,-6865,-6773,-6603,-6398,-6242,-5979,-5685,-5471,-5126,-4753,-4490,-4075,-3639,-3336,-2868,-2385
24416660.016,-2055,-1551,-1039,-694,-174,347,693,1209,1719,2054,2546,3025,3335,3786,4215,4489
24418329.360,4879,5243,5470,5785,6069,6241,6469,6663,6772,6904,7000,7042,7074,7068,7042,6972
24419998.704,6864,6772,6602,6397,6157,5978,5684,5358,5125,4752,4353,4074,3638,3181,2867,2384
24453385.584,-5150,-5384,-5711,-6007,-6187,-6428,-6634,-6751,-6897,-7006,-7057,-7102,-7108,-7091,-7033,-6938
24455054.928,-6853,-6695,-6500,-6351,-6099,-5813,-5606,-5269,-4903,-4645,-4236,-3804,-3505,-3040,-2559,-2231
24456724.272,-1728,-1216,-871,-349,174,522,1043,1557,1896,2395,2881,3196,3655,4093,4374,4774
24458393.616,5149,5383,5710,6006,6186,6427,6633,6750,6896,7005,7056,7101,7107,7090,7032,6937
24460062.960,6852,6694,6499,6350,6098,5812,5605,5268,4902,4510,4235,3803,3351,3039,2558,2063
24461732.304,1727,1215,696,348,-175,-697,-1044,-1558,-2064,-2396,-2882,-3352,-3656,-4094,-4511,-4775
24463401.648,-5150,-5496,-5711,-6007,-6271,-6428,-6634,-6804,-6897,-7006,-7076,-7102,-7108,-7076,-7033,-6938
24465070.992,-6804,-6695,-6500,-6271,-6099,-5813,-5496,-5269,-4903,-4511,-4236,-3804,-3352,-3040,-2559,-2064
24466740.336,-1728,-1216,-697,-349,174,696,1043,1557,2063,2395,2881,3351,3655,4093,4510,4774
24468409.680,5149,5495,5710,6006,6270,6427,6633,6803,6937,7005,7075,7107,7107,7075,7005,6937
24470079.024,6803,6633,6499,6270,6006,5812,5495,5149,4902,4510,4093,3803,3351,2881,2558,2063
24471748.368,1557,1215,696,174,-175,-697,-1216,-1558,-2064,-2559,-2882,-3352,-3804,-4094,-4511,-4903
24501796.560,1393,874,525,0,-526,-875,-1394,-1905,-2241,-2733,-3211,-3521,-3968,-4394,-4665,-5051
24503465.904,-5408,-5631,-5939,-6214,-6380,-6599,-6782,-6884,-7005,-7089,-7123,-7142,-7123,-7089,-7005,-6884
24505135.248,-6782,-6599,-6380,-6214,-5939,-5631,-5408,-5051,-4665,-4394,-3968,-3521,-3211,-2733,-2241,-1905
24506804.592,-1394,-875,-526,0,525,874,1393,1904,2240,2732,3210,3520,3967,4393,4664,5050
24508473.936,5407,5630,5938,6213,6379,6598,6781,6883,7004,7088,7122,7141,7122,7064,7004,6883
24510143.280,6724,6598,6379,6125,5938,5630,5291,5050,4664,4254,3967,3520,3053,2732,2240,1735
24511812.624,1393,874,350,0,-526,-1048,-1394,-1905,-2407,-2733,-3211,-3672,-3968,-4394,-4797,-5051
24513481.968,-5408,-5737,-5939,-6214,-6457,-6599,-6782,-6928,-7005,-7089,-7134,-7142,-7123,-7065,-7005,-6884
24515151.312,-6725,-6599,-6380,-6126,-5939,-5631,-5292,-5051,-4665,-4255,-3968,-3521,-3054,-2733,-2241,-1736
24516820.656,-1394,-875,-351,0,525,1047,1393,1904,2406,2732,3210,3671,4112,4393,4796,5172
24518490.000,5407,5736,6033,6213,6456,6663,6781,6927,7036,7088,7133,7139,7122,7064,6968,6883
24520159.344,6724,6529,6379,6125,5839,5630,5291,4924,4664,4254,3820,3520,3053,2570,2240,1735
24553546.224,-5657,-5867,-6154,-6409,-6560,-6756,-6915,-7001,-7098,-7156,-7173,-7167,-7121,-7070,-6960,-6813
24555215.568,-6694,-6486,-6243,-6062,-5763,-5433,-5197,-4819,-4415,-4132,-3689,-3226,-2908,-2418,-1914,-1572
24556884.912,-1053,-528,-177,352,878,1226,1743,2250,2582,3067,3536,3838,4273,4686,4947,5316
24558554.256,5656,5965,6153,6408,6628,6755,6914,7036,7097,7155,7174,7166,7120,7036,6959,6812
24560223.600,6628,6485,6242,5965,5762,5432,5073,4818,4414,3986,3688,3225,2745,2417,1913,1399
24561892.944,1052,527,0,-353,-879,-1400,-1744,-2251,-2746,-3068,-3537,-3987,-4274,-4687,-5074,-5317
24563562.288,-5657,-5966,-6154,-6409,-6629,-6756,-6915,-7037,-7098,-7156,-7175,-7167,-7121,-7037,-6960,-6813
24565231.632,-6629,-6486,-6243,-5966,-5763,-5433,-5074,-4819,-4415,-3987,-3689,-3226,-2746,-2418,-1914,-1400
24566900.976,-879,-528,0,527,878,1399,1913,2250,2745,3225,3536,3986,4414,4686,5073,5432
24568570.320,5656,5965,6242,6408,6628,6812,6914,7036,7120,7155,7174,7155,7120,7036,6914,6812
24570239.664,6628,6408,6242,5965,5656,5432,5073,4686,4414,3986,3536,3225,2745,2250,1913,1399
24571909.008,878,527,0,-528,-879,-1400,-1914,-2251,-2746,-3226,-3537,-3987,-4415,-4687,-5074,-5433
24601957.200,706,176,-177,-707,-1233,-1580,-2093,-2595,-2921,-3398,-3857,-4151,-4573,-4971,-5221,-5572
24603626.544,-5894,-6090,-6357,-6590,-6725,-6898,-7033,-7102,-7174,-7206,-7206,-7174,-7102,-7033,-6898,-6725
24605295.888,-6590,-6357,-6090,-5894,-5572,-5221,-4971,-4573,-4151,-3857,-3398,-2921,-2595,-2093,-1580,-1233
24606965.232,-707,-177,176,706,1232,1751,2092,2594,3081,3397,3856,4293,4572,4970,5340,5571
24608634.576,5893,6182,6356,6589,6786,6897,7032,7129,7173,7205,7199,7173,7101,6991,6897,6724
24610303.920,6515,6356,6089,5789,5571,5220,4840,4572,4150,3705,3397,2920,2428,2092,1579,1057
24611973.264,706,176,-354,-707,-1233,-1752,-2093,-2595,-3082,-3398,-3857,-4294,-4573,-4971,-5341,-5572
24613642.608,-5894,-6183,-6357,-6590,-6787,-6898,-7033,-7130,-7174,-7206,-7200,-7174,-7102,-6992,-6898,-6725
24615311.952,-6516,-6357,-6090,-5790,-5458,-5221,-4841,-4435,-4151,-3706,-3241,-2921,-2429,-1923,-1580,-1058
24616981.296,-531,-177,353,882,1232,1751,2260,2594,3081,3552,3856,4293,4708,4970,5340,5682
24618650.640,5893,6182,6438,6589,6786,6946,7032,7129,7188,7205,7199,7153,7101,6991,6843,6724
24620319.984,6515,6271,6089,5789,5457,5220,4840,4434,4150,3705,3240,2920,2428,1922,1579,1057
24652037.520,355,-178,-533,-1063,-1587,-1932,-2440,-2935,-3256,-3723,-4170,-4455,-4863,-5245,-5483,-5816
24653706.864,-6118,-6301,-6546,-6756,-6876,-7024,-7135,-7187,-7233,-7239,-7222,-7163,-7065,-6979,-6818,-6620
24655376.208,-6468,-6211,-5920,-5709,-5366,-4993,-4730,-4314,-3874,-3414,-3096,-2606,-2102,-1760,-1238,-710
24657045.552,-356,177,709,1062,1586,2101,2439,2934,3413,3722,4169,4593,4862,5244,5597,5815
24658714.896,6117,6385,6545,6755,6928,7023,7134,7205,7232,7238,7205,7162,7064,6928,6817,6619
24660384.240,6385,6210,5919,5597,5365,4992,4593,4313,3873,3413,3095,2605,2101,1759,1237,709
24662053.584,355,-178,-710,-1063,-1587,-2102,-2440,-2935,-3414,-3723,-4170,-4594,-4863,-5245,-5598,-5816
24663722.928,-6118,-6386,-6546,-6756,-6929,-7024,-7135,-7206,-7239,-7239,-7206,-7135,-7065,-6929,-6756,-6620
24665392.272,-6386,-6118,-5920,-5598,-5245,-4993,-4594,-4170,-3874,-3414,-2935,-2606,-2102,-1587,-1238,-710
24667061.616,-178,177,709,1237,1586,2101,2605,2934,3413,3873,4169,4593,4992,5244,5597,5919
24668730.960,6117,6385,6619,6755,6928,7064,7134,7205,7238,7238,7205,7134,7064,6928,6755,6619
24670400.304,6385,6117,5919,5597,5244,4992,4593,4169,3873,3413,2934,2605,2101,1586,1237,709
24702117.840,0,-535,-891,-1420,-1940,-2282,-2784,-3271,-3586,-4042,-4475,-4752,-5144,-5508,-5735,-6048
24703787.184,-6329,-6498,-6721,-6907,-7011,-7134,-7220,-7255,-7274,-7255,-7220,-7134,-7011,-6849,-6721,-6498
24705456.528,-6239,-6048,-5735,-5390,-5144,-4752,-4333,-4042,-3586,-3111,-2784,-2282,-1768,-1420,-891,-357
24707125.872,0,534,1067,1419,1939,2450,2783,3270,3739,4041,4474,4884,5143,5507,5842,6047
24708795.216,6328,6575,6720,6906,7055,7133,7219,7265,7273,7254,7194,7133,7010,6848,6720,6497
24710464.560,6238,6047,5734,5389,5143,4751,4332,4041,3585,3110,2783,2281,1767,1419,890,356
24712133.904,0,-535,-1068,-1420,-1940,-2451,-2784,-3271,-3740,-4042,-4475,-4885,-5268,-5508,-5843,-6146
24713803.248,-6329,-6576,-6787,-6907,-7056,-7167,-7220,-7266,-7272,-7255,-7195,-7098,-7011,-6849,-6650,-6498
24715472.592,-6239,-5947,-5735,-5390,-5016,-4752,-4333,-3892,-3586,-3111,-2618,-2282,-1768,-1244,-891,-357
24717141.936,178,534,1067,1593,1939,2450,2947,3270,3739,4188,4474,4884,5267,5507,5842,6145
24718811.280,6328,6575,6786,6906,7055,7166,7219,7265,7271,7254,7194,7097,7010,6848,6649,6497
24720480.624,6238,5946,5734,5389,5015,4751,4332,3891,3585,3110,2617,2111,1767,1243,713,356
24752198.160,-359,-895,-1250,-1776,-2292,-2630,-3124,-3602,-3909,-4352,-4773,-5038,-5414,-5760,-5974,-6267
24753867.504,-6526,-6750,-6879,-7042,-7166,-7227,-7286,-7306,-7298,-7251,-7166,-7087,-6937,-6750,-6605,-6357
24755536.848,-6075,-5869,-5532,-5167,-4907,-4495,-4059,-3757,-3285,-2796,-2462,-1949,-1426,-1072,-538,0
24757206.192,358,894,1425,1775,2291,2795,3123,3601,4058,4351,4772,5166,5413,5759,6074,6266
24758875.536,6525,6749,6878,7041,7165,7226,7285,7305,7297,7250,7165,7086,6936,6749,6604,6356
24760544.880,6074,5868,5531,5166,4906,4494,4058,3756,3284,2795,2461,1948,1425,1071,537,0
24762214.224,-538,-895,-1426,-1949,-2292,-2796,-3285,-3602,-4059,-4495,-4773,-5167,-5532,-5760,-6075,-6357
24763883.568,-6526,-6750,-6937,-7042,-7166,-7251,-7286,-7306,-7286,-7251,-7166,-7042,-6937,-6750,-6526,-6357
24765552.912,-6075,-5760,-5532,-5167,-4773,-4495,-4059,-3602,-3285,-2796,-2292,-1949,-1426,-895,-538,0
24767222.256,537,894,1425,1948,2291,2795,3284,3601,4058,4494,4772,5166,5531,5759,6074,6356
24768891.600,6525,6749,6936,7041,7165,7250,7285,7305,7285,7250,7165,7041,6936,6749,6525,6266
24770560.944,6074,5759,5413,5166,4772,4351,4058,3601,3123,2795,2291,1775,1425,894,358,0
24802278.480,-720,-1255,-1608,-2131,-2642,-3138,-3460,-3927,-4372,-4656,-5061,-5438,-5673,-6001,-6295,-6473
24803947.824,-6710,-6910,-7023,-7161,-7260,-7304,-7337,-7331,-7304,-7231,-7119,-7023,-6847,-6635,-6473,-6201
24805617.168,-5895,-5673,-5315,-4929,-4656,-4226,-3773,-3460,-2975,-2473,-2131,-1608,-1077,-720,-181,360
24807286.512,719,1254,1783,2130,2641,3137,3459,3926,4371,4655,5060,5437,5672,6000,6294,6472
24808955.856,6709,6909,7022,7160,7259,7303,7336,7330,7303,7230,7118,7022,6846,6634,6472,6200
24810625.200,5894,5672,5314,4928,4514,4225,3772,3299,2974,2472,1957,1607,1076,539,180,-361
24812294.544,-899,-1255,-1784,-2302,-2642,-3138,-3618,-3927,-4372,-4794,-5061,-5438,-5786,-6001,-6295,-6556
24813963.888,-6710,-6910,-7073,-7161,-7260,-7319,-7337,-7331,-7284,-7231,-7119,-6969,-6847,-6635,-6386,-6201
24815633.232,-5895,-5557,-5315,-4929,-4515,-4226,-3773,-3300,-2975,-2473,-1958,-1608,-1077,-540,-181,360
24817302.576,898,1254,1783,2301,2641,3137,3617,3926,4371,4793,5060,5437,5785,6000,6294,6555
24818971.920,6709,6909,7072,7197,7259,7318,7338,7330,7283,7197,7118,6968,6780,6634,6385,6102
24820641.264,5894,5556,5189,4928,4514,4077,3772,3299,2808,2472,1957,1431,1076,539,0,-361
24852358.800,-1082,-1616,-2140,-2484,-2988,-3475,-3790,-4245,-4677,-4951,-5339,-5699,-5922,-6228,-6502,-6665
24854028.144,-6878,-7055,-7151,-7264,-7337,-7364,-7370,-7337,-7292,-7193,-7055,-6941,-6740,-6502,-6323,-6028
24855697.488,-5699,-5463,-5084,-4677,-4392,-3944,-3475,-3152,-2654,-2140,-1792,-1261,-723,-362,180,722
24857366.832,1081,1615,2139,2483,2987,3474,3789,4244,4676,4950,5338,5698,5921,6227,6501,6664
24859036.176,6877,7054,7150,7263,7336,7363,7369,7336,7263,7192,7054,6877,6739,6501,6227,6027
24860705.520,5698,5338,5083,4676,4244,3943,3474,2987,2653,2139,1615,1260,722,180,-181,-723
24862374.864,-1261,-1616,-2140,-2654,-2988,-3475,-3944,-4245,-4677,-5084,-5339,-5699,-6028,-6228,-6502,-6740
24864044.208,-6878,-7055,-7193,-7264,-7337,-7370,-7370,-7337,-7264,-7193,-7055,-6878,-6740,-6502,-6228,-6028
24865713.552,-5699,-5339,-5084,-4677,-4245,-3944,-3475,-2988,-2654,-2140,-1616,-1261,-723,-181,180,722
24867382.896,1260,1615,2139,2653,2987,3474,3943,4391,4676,5083,5462,5698,6027,6322,6501,6739
24869052.240,6940,7054,7192,7291,7336,7369,7363,7336,7263,7150,7054,6877,6664,6501,6227,5921
24870721.584,5698,5338,4950,4676,4244,3789,3474,2987,2483,2139,1615,1081,722,180,-362,-723
24900769.776,5486,5236,4836,4410,4113,3649,3166,2833,2322,1799,1444,906,363,0,-545,-1087
24902439.120,-1445,-1975,-2495,-2834,-3330,-3807,-4114,-4556,-4973,-5237,-5607,-5948,-6157,-6443,-6694,-6842
24904108.464,-7031,-7183,-7263,-7350,-7396,-7405,-7385,-7325,-7263,-7137,-6973,-6842,-6615,-6352,-6157,-5838
24905777.808,-5487,-5237,-4837,-4411,-4114,-3650,-3167,-2834,-2323,-1800,-1445,-907,-364,0,544,1086
24907447.152,1444,1974,2494,2833,3329,3806,4113,4555,4972,5236,5606,5947,6255,6442,6693,6908
24909116.496,7030,7182,7295,7349,7395,7402,7384,7324,7224,7136,6972,6769,6614,6351,6054,5837
24910785.840,5486,5105,4836,4410,3961,3649,3166,2665,2322,1799,1265,906,363,-182,-545,-1087
24912455.184,-1623,-1975,-2495,-3001,-3330,-3807,-4264,-4556,-4973,-5363,-5607,-5948,-6256,-6443,-6694,-6909
24914124.528,-7031,-7183,-7296,-7350,-7396,-7403,-7385,-7325,-7225,-7137,-6973,-6770,-6615,-6352,-6055,-5838
24915793.872,-5487,-5106,-4837,-4411,-3962,-3650,-3167,-2666,-2323,-1800,-1266,-726,-364,181,725,1086
24917463.216,1622,2149,2494,3000,3490,3806,4263,4697,4972,5362,5723,5947,6255,6530,6693,6908
24919132.560,7085,7182,7295,7369,7395,7402,7369,7324,7224,7085,6972,6769,6530,6351,6054,5723
24952519.440,-1808,-2333,-2846,-3180,-3666,-4132,-4431,-4858,-5259,-5511,-5863,-6184,-6379,-6643,-6871,-7003
24954188.784,-7168,-7294,-7357,-7417,-7437,-7428,-7381,-7294,-7214,-7062,-6871,-6723,-6471,-6184,-5974,-5632
24955858.128,-5259,-4995,-4576,-4132,-3824,-3344,-2846,-2506,-1984,-1451,-1092,-547,0,364,910,1450
24957527.472,1983,2332,2845,3343,3665,4131,4575,4857,5258,5631,5862,6183,6470,6642,6870,7061
24959196.816,7167,7293,7380,7416,7436,7416,7380,7293,7167,7061,6870,6642,6470,6183,5862,5631
24960866.160,5258,4857,4575,4131,3665,3343,2845,2332,1983,1450,910,546,0,-547,-911,-1451
24962535.504,-1984,-2333,-2846,-3344,-3666,-4132,-4576,-4858,-5259,-5632,-5863,-6184,-6471,-6643,-6871,-7062
24964204.848,-7168,-7294,-7381,-7417,-7437,-7417,-7381,-7294,-7168,-7062,-6871,-6643,-6471,-6184,-5863,-5511
24965874.192,-5259,-4858,-4431,-4132,-3666,-3180,-2846,-2333,-1808,-1451,-911,-365,0,546,1091,1450
24967543.536,1983,2505,2845,3343,3823,4131,4575,4994,5258,5631,5973,6183,6470,6722,6870,7061
24969212.880,7213,7293,7380,7427,7436,7416,7356,7293,7167,7002,6870,6642,6378,6183,5862,5510
24970882.224,5258,4857,4430,4131,3665,3179,2845,2332,1807,1450,910,364,0,-547,-1092,-1451
25000930.416,5016,4738,4301,3840,3521,3027,2516,2168,1636,1096,732,183,-367,-733,-1278,-1816
25002599.760,-2169,-2689,-3194,-3522,-3997,-4450,-4739,-5151,-5535,-5775,-6108,-6407,-6588,-6829,-7034,-7149
25004269.104,-7289,-7389,-7434,-7468,-7461,-7434,-7360,-7246,-7149,-6970,-6753,-6588,-6311,-6000,-5775,-5410
25005938.448,-5017,-4739,-4302,-3841,-3359,-3028,-2517,-1993,-1637,-1097,-550,-184,366,914,1277,1815
25007607.792,2343,2688,3193,3681,3996,4449,4879,5150,5534,5888,6107,6406,6672,6828,7033,7199
25009277.136,7288,7388,7449,7467,7460,7413,7359,7245,7092,6969,6752,6499,6310,5999,5656,5409
25010946.480,5016,4595,4301,3840,3358,3027,2516,1992,1636,1096,549,183,-367,-915,-1278,-1816
25012615.824,-2344,-2689,-3194,-3682,-3997,-4450,-4880,-5151,-5535,-5889,-6108,-6407,-6673,-6829,-7034,-7200
25014285.168,-7289,-7389,-7450,-7470,-7461,-7414,-7327,-7246,-7093,-6902,-6753,-6500,-6211,-6000,-5657,-5282
25015954.512,-5017,-4596,-4150,-3841,-3359,-2859,-2517,-1993,-1458,-1097,-550,0,366,914,1457,1815
25017623.856,2343,2858,3193,3681,4149,4449,4879,5281,5534,5888,6210,6406,6672,6901,7033,7199
25019293.200,7326,7388,7449,7469,7460,7413,7326,7245,7092,6901,6752,6499,6210,5999,5656,5281
25052680.080,-2528,-3041,-3537,-3858,-4321,-4760,-5039,-5434,-5800,-6027,-6339,-6617,-6783,-7000,-7180,-7278
25054349.424,-7393,-7467,-7494,-7501,-7467,-7422,-7321,-7180,-7000,-6860,-6617,-6339,-6135,-5800,-5434,-5174
25056018.768,-4760,-4321,-4014,-3537,-3041,-2701,-2178,-1644,-1283,-736,-185,184,735,1282,1643,2177
25057688.112,2700,3040,3536,4013,4320,4759,5173,5433,5799,6134,6338,6616,6859,6999,7179,7320
25059357.456,7392,7466,7500,7500,7466,7392,7320,7179,6999,6859,6616,6338,6134,5799,5433,5173
25061026.800,4759,4320,4013,3536,3040,2700,2177,1643,1282,735,184,-185,-736,-1283,-1644,-2178
25062696.144,-2701,-3041,-3537,-4014,-4321,-4760,-5174,-5560,-5800,-6135,-6436,-6617,-6860,-7065,-7180,-7321
25064365.488,-7422,-7467,-7501,-7494,-7467,-7393,-7278,-7180,-7000,-6783,-6617,-6339,-6027,-5800,-5434,-5039
25066034.832,-4760,-4321,-3858,-3537,-3041,-2528,-2178,-1644,-1101,-736,-185,368,735,1282,1823,2177
25067704.176,2700,3207,3536,4013,4469,4759,5173,5559,5799,6134,6435,6616,6859,7064,7179,7320
25069373.520,7421,7466,7500,7493,7466,7392,7277,7179,6999,6782,6616,6338,6026,5799,5433,5038
25071042.864,4759,4320,3857,3373,3040,2527,2000,1643,1100,551,184,-369,-919,-1283,-1824,-2354
25101091.056,4488,4186,3714,3222,2883,2363,1831,1470,922,369,0,-555,-1106,-1471,-2010,-2539
25102760.400,-2884,-3389,-3875,-4187,-4637,-5061,-5329,-5707,-6053,-6266,-6557,-6813,-7031,-7156,-7310,-7425
25104429.744,-7480,-7527,-7534,-7516,-7455,-7353,-7263,-7096,-6890,-6732,-6464,-6162,-5941,-5584,-5197,-4923
25106099.088,-4489,-4032,-3715,-3223,-2713,-2364,-1832,-1289,-923,-370,184,554,1105,1651,2009,2538
25107768.432,3053,3388,3874,4339,4636,5060,5457,5706,6052,6366,6556,6812,7030,7155,7309,7424
25109437.776,7479,7526,7533,7515,7454,7352,7262,7095,6889,6731,6463,6161,5940,5583,5196,4922
25111107.120,4488,4031,3714,3222,2712,2363,1831,1288,922,369,-185,-739,-1106,-1652,-2188,-2539
25112776.464,-3054,-3553,-3875,-4340,-4781,-5061,-5458,-5826,-6053,-6367,-6646,-6813,-7031,-7212,-7310,-7425
25114445.808,-7500,-7527,-7534,-7500,-7455,-7353,-7212,-7096,-6890,-6646,-6464,-6162,-5826,-5584,-5197,-4781
25116115.152,-4489,-4032,-3553,-3223,-2713,-2188,-1832,-1289,-739,-370,184,738,1105,1651,2187,2538
25117784.496,3053,3552,3874,4339,4780,5060,5457,5825,6052,6366,6645,6812,7030,7211,7309,7424
25119453.840,7499,7526,7533,7499,7454,7352,7211,7030,6889,6645,6366,6161,5825,5457,5196,4780
25152840.720,-3403,-3731,-4205,-4656,-4944,-5352,-5731,-5967,-6293,-6585,-6760,-6992,-7186,-7294,-7423,-7511
25154510.064,-7548,-7568,-7548,-7511,-7423,-7294,-7186,-6992,-6760,-6585,-6293,-5967,-5731,-5352,-4944,-4656
25156179.408,-4205,-3731,-3403,-2896,-2374,-2019,-1477,-927,-557,0,556,926,1476,2018,2373,2895
25157848.752,3402,3730,4204,4655,4943,5351,5730,5966,6292,6584,6759,6991,7185,7293,7422,7510
25159518.096,7547,7567,7547,7510,7422,7293,7185,6991,6759,6584,6292,5966,5730,5351,4943,4508
25161187.440,4204,3730,3235,2895,2373,1838,1476,926,371,0,-557,-1111,-1477,-2019,-2550,-2896
25162856.784,-3403,-3891,-4205,-4656,-5083,-5352,-5731,-6079,-6293,-6585,-6842,-6992,-7186,-7341,-7423,-7511
25164526.128,-7559,-7568,-7548,-7486,-7423,-7294,-7126,-6992,-6760,-6492,-6293,-5967,-5608,-5352,-4944,-4509
25166195.472,-4205,-3731,-3236,-2896,-2374,-1839,-1477,-927,-372,0,556,1110,1476,2018,2549,2895
25167864.816,3402,3890,4204,4655,5082,5351,5730,6078,6292,6584,6841,7060,7185,7340,7456,7510
25169534.160,7558,7565,7547,7485,7383,7293,7125,6918,6759,6491,6187,5966,5607,5218,4943,4508
25171203.504,4048,3730,3235,2723,2373,1838,1293,926,371,-186,-557,-1111,-1659,-2019,-2550,-3067
25201251.696,3907,3582,3080,2560,2027,1665,1115,559,186,-373,-931,-1300,-1847,-2385,-2736,-3250
25202921.040,-3747,-4067,-4528,-4965,-5241,-5632,-5993,-6215,-6520,-6790,-6949,-7157,-7326,-7417,-7519,-7581
25204590.384,-7599,-7592,-7544,-7489,-7373,-7218,-7092,-6872,-6614,-6422,-6106,-5756,-5505,-5105,-4677,-4377
25206259.728,-3908,-3418,-3081,-2561,-2028,-1666,-1116,-560,-187,372,930,1299,1846,2384,2735,3249
25207929.072,3746,4066,4527,4964,5240,5631,5992,6214,6519,6789,6948,7156,7325,7416,7518,7580
25209598.416,7598,7591,7543,7454,7372,7217,7022,6871,6613,6319,6105,5755,5374,5104,4676,4222
25211267.760,3907,3417,2908,2560,2027,1482,1115,559,0,-373,-931,-1483,-1847,-2385,-2909,-3250
25212937.104,-3747,-4223,-4528,-4965,-5375,-5632,-5993,-6320,-6520,-6790,-7023,-7157,-7326,-7455,-7519,-7581
25214606.448,-7601,-7592,-7544,-7455,-7373,-7218,-7023,-6872,-6614,-6320,-6106,-5756,-5375,-5105,-4677,-4223
25216275.792,-3908,-3418,-2909,-2561,-2028,-1483,-1116,-560,0,372,930,1482,1846,2384,2908,3417
25217945.136,3746,4222,4676,4964,5374,5755,5992,6319,6613,6789,7022,7217,7325,7454,7543,7580
25219614.480,7600,7580,7543,7454,7325,7217,7022,6789,6613,6319,5992,5755,5374,4964,4676,4222
25253001.360,-4084,-4396,-4843,-5264,-5529,-5901,-6242,-6450,-6733,-6979,-7123,-7306,-7449,-7522,-7597,-7632
25254670.704,-7632,-7597,-7522,-7449,-7306,-7123,-6979,-6733,-6450,-6242,-5901,-5529,-5264,-4843,-4396,-4084
25256340.048,-3599,-3094,-2748,-2217,-1673,-1306,-749,-188,187,748,1305,1672,2216,2747,3093,3598
25258009.392,4083,4395,4842,5263,5528,5900,6241,6547,6732,6978,7187,7305,7448,7551,7596,7631
25259678.736,7624,7596,7521,7404,7305,7122,6900,6732,6449,6131,5900,5528,5126,4842,4395,3924
25261348.080,3598,3093,2571,2216,1672,1120,748,187,-375,-749,-1306,-1855,-2217,-2748,-3264,-3599
25263017.424,-4084,-4548,-4843,-5264,-5657,-5901,-6242,-6548,-6733,-6979,-7188,-7306,-7449,-7552,-7597,-7632
25264686.768,-7625,-7597,-7522,-7405,-7306,-7123,-6901,-6733,-6450,-6132,-5901,-5529,-5127,-4843,-4396,-3925
25266356.112,-3599,-3094,-2572,-2036,-1673,-1121,-562,-188,374,934,1305,1854,2394,2747,3263,3762
25268025.456,4083,4547,4986,5263,5656,6018,6241,6547,6818,6978,7187,7357,7448,7551,7613,7631
25269694.800,7624,7576,7521,7404,7248,7122,6900,6642,6449,6131,5780,5528,5126,4696,4395,3924
25271364.144,3432,3093,2571,2035,1672,1120,561,187,-375,-935,-1306,-1855,-2395,-2748,-3264,-3763
25301412.336,3278,2759,2404,1862,1310,938,376,-189,-564,-1125,-1680,-2045,-2583,-3107,-3447,-3942
25303081.680,-4415,-4717,-5149,-5553,-5806,-6159,-6478,-6671,-6931,-7153,-7280,-7437,-7554,-7610,-7658,-7665
25304751.024,-7646,-7584,-7481,-7390,-7219,-7010,-6849,-6576,-6269,-6045,-5681,-5287,-5008,-4568,-4102,-3779
25306420.368,-3279,-2760,-2405,-1863,-1311,-939,-377,188,563,1124,1679,2225,2582,3106,3614,3941
25308089.712,4414,4863,5148,5552,5926,6158,6477,6761,6930,7152,7336,7436,7553,7629,7657,7664
25309759.056,7629,7583,7480,7336,7218,7009,6761,6575,6268,5926,5680,5286,4863,4567,4101,3614
25311428.400,3278,2759,2225,1862,1310,751,376,-189,-752,-1125,-1680,-2226,-2583,-3107,-3615,-3942
25313097.744,-4415,-4864,-5149,-5553,-5927,-6159,-6478,-6762,-6931,-7153,-7337,-7437,-7554,-7630,-7658,-7665
25314767.088,-7630,-7584,-7481,-7337,-7219,-7010,-6762,-6478,-6269,-5927,-5553,-5287,-4864,-4415,-4102,-3615
25316436.432,-3107,-2760,-2226,-1680,-1311,-752,-189,188,751,1310,1679,2225,2759,3106,3614,4101
25318105.776,4414,4863,5286,5552,5926,6268,6477,6761,7009,7152,7336,7480,7553,7629,7664,7664
25319775.120,7629,7553,7480,7336,7152,7009,6761,6477,6268,5926,5552,5286,4863,4414,4101,3614
25351492.656,2946,2415,2053,1502,942,566,0,-567,-943,-1503,-2054,-2416,-2947,-3462,-3796,-4278
25353162.000,-4738,-5030,-5445,-5831,-6071,-6403,-6700,-6878,-7114,-7312,-7421,-7552,-7642,-7679,-7700,-7679
25354831.344,-7642,-7552,-7421,-7312,-7114,-6878,-6700,-6403,-6071,-5831,-5445,-5030,-4738,-4278,-3796,-3293
25356500.688,-2947,-2416,-1871,-1503,-943,-378,0,566,1129,1502,2053,2594,2946,3461,3958,4277
25358170.032,4737,5170,5444,5830,6184,6402,6699,6960,7113,7311,7469,7551,7641,7690,7699,7678
25359839.376,7616,7551,7420,7249,7113,6877,6604,6402,6070,5705,5444,5029,4586,4277,3795,3292
25361508.720,2946,2415,1870,1502,942,377,0,-567,-1130,-1503,-2054,-2595,-2947,-3462,-3959,-4278
25363178.064,-4738,-5171,-5445,-5831,-6185,-6403,-6700,-6961,-7114,-7312,-7470,-7587,-7642,-7691,-7698,-7679
25364847.408,-7617,-7513,-7421,-7250,-7040,-6878,-6605,-6296,-6071,-5706,-5310,-5030,-4587,-4120,-3796,-3293
25366516.752,-2772,-2416,-1871,-1317,-943,-378,188,566,1129,1686,2053,2594,3120,3461,3958,4433
25368186.096,4737,5170,5576,5830,6184,6505,6699,6960,7183,7311,7469,7586,7641,7690,7697,7678
25369855.440,7616,7512,7420,7249,7039,6877,6604,6295,6070,5705,5309,5029,4586,4119,3795,3292
25401572.976,2604,2062,1693,1134,568,189,-380,-947,-1322,-1879,-2426,-2783,-3306,-3812,-4137,-4606
25403242.320,-5051,-5332,-5729,-6096,-6322,-6632,-6907,-7069,-7280,-7452,-7544,-7648,-7711,-7730,-7723,-7674
25404911.664,-7619,-7501,-7342,-7144,-6990,-6728,-6429,-6211,-5855,-5468,-5193,-4757,-4296,-3976,-3477,-2959
25406581.008,-2605,-2063,-1509,-1135,-569,0,379,946,1508,1878,2425,2958,3305,3811,4295,4605
25408250.352,5050,5467,5728,6095,6428,6631,6906,7143,7279,7451,7583,7647,7710,7731,7722,7673
25409919.696,7583,7500,7341,7143,6989,6727,6428,6210,5854,5467,5192,4756,4295,3975,3476,2958
25411589.040,2604,2062,1508,1134,568,0,-380,-947,-1509,-1879,-2426,-2959,-3306,-3812,-4296,-4757
25413258.384,-5051,-5468,-5855,-6096,-6429,-6728,-6907,-7144,-7342,-7452,-7584,-7674,-7711,-7732,-7711,-7674
25414927.728,-7584,-7452,-7342,-7144,-6907,-6728,-6429,-6096,-5855,-5468,-5051,-4757,-4296,-3812,-3477,-2959
25416597.072,-2426,-2063,-1509,-947,-569,0,568,946,1508,2062,2425,2958,3476,3811,4295,4756
25418266.416,5050,5467,5854,6095,6428,6727,6906,7143,7341,7451,7583,7673,7710,7731,7710,7673
25419935.760,7583,7451,7341,7143,6906,6727,6428,6095,5854,5467,5050,4756,4295,3811,3305,2958
25451653.296,2254,1701,1327,761,190,-191,-762,-1328,-1702,-2255,-2795,-3147,-3661,-4155,-4472,-4926
25453322.640,-5355,-5624,-6003,-6349,-6561,-6848,-7099,-7311,-7431,-7577,-7681,-7728,-7763,-7756,-7728,-7651
25454991.984,-7533,-7431,-7245,-7020,-6848,-6561,-6237,-6003,-5624,-5215,-4926,-4472,-3992,-3661,-3147,-2616
25456661.328,-2255,-1702,-1140,-762,-191,381,761,1327,1886,2254,2794,3319,3660,4154,4625,4925
25458330.672,5354,5753,6002,6348,6660,6847,7098,7310,7430,7576,7680,7727,7762,7755,7727,7650
25460000.016,7532,7430,7244,7019,6847,6560,6236,6002,5623,5214,4925,4471,3991,3660,3146,2615
25461669.360,2254,1701,1139,571,190,-382,-951,-1328,-1887,-2436,-2795,-3320,-3828,-4155,-4626,-5072
25463338.704,-5355,-5754,-6122,-6349,-6661,-6936,-7099,-7311,-7484,-7577,-7681,-7744,-7763,-7756,-7707,-7651
25465008.048,-7533,-7373,-7245,-7020,-6756,-6561,-6237,-5880,-5624,-5215,-4778,-4472,-3992,-3492,-3147,-2616
25466677.392,-2071,-1702,-1140,-572,-191,381,950,1327,1886,2435,2794,3319,3827,4154,4625,5071
25468346.736,5354,5753,6121,6348,6660,6935,7098,7310,7483,7576,7680,7743,7762,7755,7706,7650
25470016.080,7532,7372,7173,7019,6755,6456,6236,5879,5490,5214,4777,4313,3991,3491,2971,2615
25501733.616,1894,1333,954,382,-192,-574,-1145,-1709,-2080,-2628,-3161,-3676,-4009,-4491,-4947,-5237
25503402.960,-5648,-6028,-6264,-6588,-6878,-7050,-7276,-7462,-7565,-7684,-7761,-7789,-7796,-7761,-7714,-7609
25505072.304,-7462,-7343,-7129,-6878,-6689,-6376,-6028,-5778,-5377,-4947,-4646,-4172,-3676,-3335,-2807,-2264
25506741.648,-1895,-1334,-765,-383,191,764,1144,1708,2263,2627,3160,3675,4008,4490,4946,5236
25508410.992,5647,6027,6263,6587,6877,7049,7275,7461,7564,7683,7760,7788,7795,7760,7713,7608
25510080.336,7461,7342,7128,6877,6688,6375,6027,5647,5376,4946,4490,4171,3675,3160,2806,2263
25511749.680,1708,1333,764,191,-192,-765,-1334,-1709,-2264,-2807,-3161,-3676,-4172,-4491,-4947,-5377
25513419.024,-5648,-6028,-6376,-6588,-6878,-7129,-7276,-7462,-7609,-7684,-7761,-7796,-7796,-7761,-7684,-7609
25515088.368,-7462,-7276,-7129,-6878,-6588,-6376,-6028,-5648,-5377,-4947,-4491,-4172,-3676,-3161,-2807,-2264
25516757.712,-1709,-1334,-765,-192,191,764,1333,1708,2263,2806,3160,3675,4171,4490,4946,5376
25518427.056,5647,6027,6375,6587,6877,7128,7342,7461,7608,7713,7760,7795,7788,7760,7683,7564
25520096.400,7461,7275,7049,6877,6587,6263,6027,5647,5236,4946,4490,4008,3675,3160,2627,2263
25551813.936,1527,958,384,0,-576,-1150,-1528,-2089,-2639,-2997,-3521,-4026,-4351,-4818,-5259,-5538
25553483.280,-5930,-6290,-6512,-6814,-7079,-7235,-7436,-7597,-7681,-7772,-7822,-7831,-7810,-7746,-7681,-7548
25555152.624,-7374,-7235,-6995,-6717,-6512,-6174,-5803,-5538,-5115,-4665,-4351,-3860,-3349,-2997,-2457,-1903
25556821.968,-1528,-959,-385,0,575,1149,1527,2088,2638,2996,3520,4025,4350,4817,5258,5537
25558491.312,5929,6289,6511,6813,7078,7234,7435,7596,7680,7771,7821,7828,7809,7745,7640,7547
25560160.656,7373,7158,6994,6716,6402,6173,5802,5399,5114,4664,4189,3859,3348,2818,2456,1902
25561830.000,1338,958,384,-193,-576,-1150,-1716,-2089,-2639,-3174,-3521,-4026,-4510,-4818,-5259,-5672
25563499.344,-5930,-6290,-6616,-6814,-7079,-7306,-7436,-7597,-7716,-7772,-7822,-7829,-7810,-7746,-7641,-7548
25565168.688,-7374,-7159,-6995,-6717,-6403,-6174,-5803,-5400,-5115,-4665,-4190,-3860,-3349,-2819,-2457,-1903
25566838.032,-1339,-959,-385,192,575,1149,1715,2088,2638,3173,3691,4025,4509,4967,5258,5671
25568507.376,6053,6289,6615,6906,7078,7305,7493,7596,7715,7793,7821,7828,7793,7745,7640,7493
25570176.720,7373,7158,6906,6716,6402,6053,5802,5399,4967,4664,4189,3691,3348,2818,2273,1902
25600224.912,7335,7107,6841,6537,6315,5953,5559,5280,4837,4368,4042,3535,3008,2648,2097,1534
25601894.256,1153,578,0,-386,-963,-1535,-1911,-2467,-3009,-3362,-3876,-4369,-4684,-5136,-5560,-5826
25603563.600,-6199,-6538,-6745,-7024,-7265,-7404,-7578,-7712,-7778,-7842,-7863,-7854,-7804,-7712,-7628,-7466
25605232.944,-7265,-7108,-6842,-6538,-6316,-5954,-5560,-5281,-4838,-4369,-4043,-3536,-3009,-2649,-2098,-1535
25606902.288,-1154,-579,0,385,962,1534,1910,2466,3008,3361,3875,4368,4683,5135,5559,5953
25608571.632,6198,6537,6841,7023,7264,7465,7577,7711,7803,7841,7862,7841,7803,7711,7577,7465
25610240.976,7264,7023,6841,6537,6198,5953,5559,5135,4837,4368,3875,3535,3008,2466,2097,1534
25611910.320,962,578,0,-579,-963,-1535,-2098,-2467,-3009,-3536,-3876,-4369,-4838,-5136,-5560,-5954
25613579.664,-6199,-6538,-6842,-7024,-7265,-7466,-7578,-7712,-7804,-7842,-7863,-7842,-7804,-7712,-7578,-7466
25615249.008,-7265,-7024,-6842,-6538,-6199,-5954,-5560,-5136,-4838,-4369,-3876,-3536,-3009,-2467,-1911,-1535
25616918.352,-963,-386,0,578,1153,1534,2097,2648,3008,3535,4042,4368,4837,5280,5559,5953
25618587.696,6315,6537,6841,7107,7264,7465,7627,7711,7803,7853,7862,7841,7777,7711,7577,7403
25651974.576,773,193,-388,-774,-1350,-1919,-2293,-2842,-3376,-3722,-4225,-4704,-5009,-5445,-5851,-6104
25653643.920,-6456,-6773,-6964,-7219,-7435,-7556,-7704,-7811,-7858,-7894,-7887,-7858,-7780,-7660,-7556,-7367
25655313.264,-7138,-6964,-6671,-6343,-6104,-5719,-5303,-5009,-4547,-4060,-3722,-3200,-2661,-2293,-1730,-1159
25656982.608,-774,-194,387,966,1349,1918,2476,2841,3375,3891,4224,4703,5157,5444,5850,6224
25658651.952,6455,6772,7052,7218,7434,7609,7703,7810,7874,7893,7886,7836,7779,7659,7497,7366
25660321.296,7137,6869,6670,6342,5978,5718,5302,4857,4546,4059,3549,3199,2660,2105,1729,1158
25661990.640,580,193,-388,-967,-1350,-1919,-2477,-2842,-3376,-3892,-4225,-4704,-5158,-5445,-5851,-6225
25663659.984,-6456,-6773,-7053,-7219,-7435,-7610,-7704,-7811,-7875,-7894,-7887,-7837,-7780,-7660,-7498,-7367
25665329.328,-7138,-6870,-6566,-6343,-5979,-5584,-5303,-4858,-4387,-4060,-3550,-3022,-2661,-2106,-1541,-1159
25666998.672,-581,0,387,966,1540,1918,2476,3021,3375,3891,4386,4703,5157,5583,5850,6224
25668668.016,6565,6772,7052,7294,7434,7609,7743,7810,7874,7895,7886,7836,7743,7659,7497,7294
25670337.360,7137,6869,6565,6342,5978,5583,5302,4857,4386,4059,3549,3021,2660,2105,1540,1158
25700385.552,6992,6800,6482,6128,5874,5467,5029,4723,4241,3737,3390,2853,2301,1926,1355,777
25702054.896,389,-195,-778,-1164,-1738,-2302,-2672,-3214,-3738,-4077,-4566,-5030,-5325,-5743,-6129,-6369
25703724.240,-6699,-6993,-7168,-7398,-7588,-7692,-7813,-7891,-7920,-7927,-7891,-7843,-7737,-7588,-7466,-7249
25705393.584,-6993,-6801,-6483,-6129,-5875,-5468,-5030,-4566,-4242,-3738,-3214,-2854,-2302,-1738,-1356,-778
25707062.928,-195,194,777,1355,1737,2301,2853,3213,3737,4241,4565,5029,5467,5742,6128,6482
25708732.272,6698,6992,7248,7397,7587,7736,7812,7890,7926,7926,7890,7812,7736,7587,7397,7248
25710401.616,6992,6698,6482,6128,5742,5467,5029,4565,4241,3737,3213,2853,2301,1737,1355,777
25712070.960,194,-195,-778,-1356,-1738,-2302,-2854,-3214,-3738,-4242,-4566,-5030,-5468,-5743,-6129,-6483
25713740.304,-6699,-6993,-7249,-7398,-7588,-7737,-7843,-7891,-7927,-7920,-7891,-7813,-7692,-7588,-7398,-7168
25715409.648,-6993,-6699,-6369,-6129,-5743,-5325,-5030,-4566,-4077,-3738,-3214,-2672,-2302,-1738,-1164,-778
25717078.992,-195,389,777,1355,1926,2301,2853,3390,3737,4241,4723,5029,5467,5874,6128,6482
25718748.336,6800,6992,7248,7465,7587,7736,7842,7890,7926,7919,7890,7812,7691,7587,7397,7167
25752135.216,0,-586,-1169,-1554,-2124,-2683,-3047,-3580,-4094,-4424,-4899,-5347,-5630,-6029,-6396,-6621
25753804.560,-6928,-7198,-7356,-7560,-7724,-7809,-7902,-7953,-7962,-7941,-7876,-7769,-7674,-7497,-7279,-7112
25755473.904,-6829,-6510,-6277,-5900,-5490,-5201,-4743,-4260,-3925,-3405,-2866,-2498,-1935,-1362,-975,-391
25757143.248,195,585,1168,1744,2123,2682,3226,3579,4093,4584,4898,5346,5766,6028,6395,6726
25758812.592,6927,7197,7428,7559,7723,7844,7901,7952,7959,7940,7875,7768,7673,7496,7278,7111
25760481.936,6828,6509,6276,5899,5489,5200,4742,4259,3924,3404,2865,2497,1934,1361,974,390
25762151.280,-196,-586,-1169,-1745,-2124,-2683,-3227,-3580,-4094,-4585,-5051,-5347,-5767,-6155,-6396,-6727
25763820.624,-7022,-7198,-7429,-7619,-7724,-7845,-7924,-7953,-7960,-7924,-7876,-7769,-7619,-7497,-7279,-7022
25765489.968,-6829,-6510,-6155,-5900,-5490,-5051,-4743,-4260,-3754,-3405,-2866,-2312,-1935,-1362,-781,-391
25767159.312,195,780,1168,1744,2311,2682,3226,3753,4093,4584,5050,5346,5766,6154,6395,6726
25768828.656,7021,7197,7428,7618,7723,7844,7923,7952,7959,7923,7875,7768,7618,7496,7278,7021
25770498.000,6828,6509,6154,5899,5489,5050,4742,4259,3753,3226,2865,2311,1744,1361,780,195
25800546.192,6646,6420,6052,5652,5368,4917,4441,4109,3593,3058,2693,2131,1559,1172,587,0
25802215.536,-393,-979,-1560,-1943,-2508,-3059,-3418,-3941,-4442,-4762,-5222,-5653,-5924,-6302,-6647,-6956
25803884.880,-7141,-7386,-7591,-7705,-7841,-7934,-7973,-7994,-7973,-7934,-7841,-7705,-7591,-7386,-7141,-6956
25805554.224,-6647,-6302,-6053,-5653,-5222,-4918,-4442,-3941,-3594,-3059,-2508,-2132,-1560,-979,-588,0
25807223.568,587,978,1559,2131,2507,3058,3593,3940,4441,4917,5221,5652,6052,6301,6646,6955
25808892.912,7140,7385,7590,7704,7840,7933,7972,7993,7972,7933,7840,7704,7590,7385,7140,6955
25810562.256,6646,6301,6052,5652,5221,4917,4441,3940,3593,3058,2507,2131,1559,978,392,0
25812231.600,-588,-1173,-1560,-2132,-2694,-3059,-3594,-4110,-4442,-4918,-5369,-5653,-6053,-6421,-6647,-6956
25813900.944,-7227,-7386,-7591,-7755,-7841,-7934,-7985,-7994,-7973,-7908,-7841,-7705,-7527,-7386,-7141,-6857
25815570.288,-6647,-6302,-5924,-5653,-5222,-4762,-4442,-3941,-3418,-3059,-2508,-1943,-1560,-979,-393,0
25817239.632,587,1172,1559,2131,2693,3058,3593,4109,4441,4917,5368,5652,6052,6420,6646,6955
25818908.976,7226,7385,7590,7754,7840,7933,7984,7993,7972,7907,7840,7704,7526,7307,7140,6856
25852295.856,-787,-1373,-1951,-2518,-2889,-3432,-3957,-4295,-4782,-5243,-5535,-5948,-6328,-6563,-6885,-7170
25853965.200,-7339,-7558,-7736,-7832,-7940,-8005,-8025,-8018,-7967,-7909,-7787,-7622,-7489,-7257,-6984,-6782
25855634.544,-6448,-6078,-5814,-5391,-4939,-4622,-4127,-3609,-3253,-2705,-2141,-1759,-1178,-591,-197,393
25857303.888,982,1372,1950,2517,2888,3431,3956,4294,4781,5242,5534,5947,6327,6562,6884,7169
25858973.232,7338,7557,7735,7831,7939,8004,8024,8017,7966,7908,7786,7621,7488,7256,6983,6781
25860642.576,6447,6077,5675,5390,4938,4459,4126,3608,3071,2704,2140,1566,1177,590,0,-394
25862311.920,-983,-1567,-1951,-2518,-3072,-3432,-3957,-4460,-4782,-5243,-5676,-5948,-6328,-6675,-6885,-7170
25863981.264,-7416,-7558,-7736,-7873,-7940,-8005,-8027,-8018,-7967,-7873,-7787,-7622,-7416,-7257,-6984,-6675
25865650.608,-6448,-6078,-5676,-5391,-4939,-4460,-4127,-3609,-3072,-2705,-2141,-1567,-1178,-591,0,393
25867319.952,982,1566,1950,2517,3071,3431,3956,4459,4781,5242,5675,5947,6327,6674,6884,7169
25868989.296,7415,7621,7735,7872,7966,8004,8026,8004,7966,7872,7735,7621,7415,7169,6983,6674
25870658.640,6327,6077,5675,5242,4938,4459,3956,3608,3071,2517,2140,1566,982,590,0,-591
25900706.832,6230,5971,5557,5113,4801,4311,3799,3266,2900,2339,1765,1377,790,197,-198,-791
25902376.176,-1378,-1766,-2340,-2901,-3267,-3800,-4312,-4641,-5114,-5558,-5838,-6231,-6590,-6810,-7109,-7369
25904045.520,-7520,-7713,-7864,-7942,-8021,-8058,-8058,-8021,-7942,-7864,-7713,-7520,-7369,-7109,-6810,-6590
25905714.864,-6231,-5838,-5558,-5114,-4641,-4312,-3800,-3267,-2901,-2340,-1766,-1378,-791,-198,197,790
25907384.208,1377,1765,2339,2900,3266,3799,4311,4640,5113,5557,5837,6230,6589,6809,7108,7368
25909053.552,7519,7712,7863,7941,8020,8057,8050,8020,7941,7818,7712,7519,7285,7108,6809,6473
25910722.896,6230,5837,5412,5113,4640,4143,3799,3266,2715,2339,1765,1182,790,197,-396,-791
25912392.240,-1378,-1959,-2340,-2901,-3447,-3800,-4312,-4802,-5114,-5558,-5972,-6231,-6590,-6914,-7109,-7369
25914061.584,-7589,-7713,-7864,-7973,-8021,-8058,-8051,-8021,-7942,-7819,-7713,-7520,-7286,-7109,-6810,-6474
25915730.928,-6231,-5838,-5413,-5114,-4641,-4144,-3800,-3267,-2716,-2340,-1766,-1183,-791,-198,395,790
25917400.272,1377,1958,2339,2900,3446,3972,4311,4801,5264,5557,5971,6353,6589,6913,7199,7368
25919069.616,7588,7767,7863,7972,8037,8057,8050,7999,7941,7818,7652,7519,7285,7012,6809,6473
25952456.496,-1774,-2159,-2727,-3280,-3639,-4161,-4660,-4979,-5435,-5862,-6128,-6501,-6838,-7042,-7316,-7551
25954125.840,-7685,-7851,-7974,-8032,-8084,-8091,-8071,-8006,-7897,-7800,-7620,-7399,-7229,-6942,-6617,-6380
25955795.184,-5997,-5581,-5287,-4821,-4330,-3989,-3461,-2913,-2539,-1967,-1384,-991,-398,198,595,1187
25957464.528,1773,2158,2726,3279,3638,4160,4659,4978,5434,5861,6255,6500,6837,7137,7315,7550
25959133.872,7744,7850,7973,8053,8083,8090,8053,8005,7896,7744,7619,7398,7137,6941,6616,6255
25960803.216,5996,5580,5133,4820,4329,3814,3460,2912,2349,1966,1383,793,397,-199,-794,-1188
25962472.560,-1774,-2350,-2727,-3280,-3815,-4161,-4660,-5134,-5435,-5862,-6256,-6501,-6838,-7138,-7316,-7551
25964141.904,-7745,-7851,-7974,-8054,-8084,-8091,-8054,-8006,-7897,-7745,-7620,-7399,-7138,-6942,-6617,-6256
25965811.248,-5997,-5581,-5134,-4821,-4330,-3815,-3461,-2913,-2350,-1774,-1384,-794,-199,198,793,1383
25967480.592,1773,2349,2912,3279,3814,4329,4659,5133,5580,5861,6255,6616,6837,7137,7398,7550
25969149.936,7744,7896,7973,8053,8090,8090,8053,7973,7896,7744,7550,7398,7137,6837,6616,6255
25970819.280,5861,5580,5133,4659,4329,3814,3279,2912,2349,1773,1383,793,198,-199,-794,-1384
26000867.472,5745,5306,4998,4513,4004,3652,3109,2548,2166,1585,994,597,0,-598,-995,-1586
26002536.816,-2167,-2549,-3110,-3653,-4005,-4514,-4999,-5307,-5746,-6153,-6406,-6756,-7070,-7258,-7507,-7715
26004206.160,-7831,-7969,-8064,-8103,-8125,-8103,-8064,-7969,-7831,-7715,-7507,-7258,-7070,-6756,-6406,-6153
26005875.504,-5746,-5307,-4999,-4514,-4005,-3653,-3110,-2549,-2167,-1586,-995,-598,0,597,1192,1585
26007544.848,2166,2737,3109,3652,4177,4513,4998,5456,5745,6152,6525,6755,7069,7344,7506,7714
26009214.192,7881,7968,8063,8115,8124,8102,8036,7968,7830,7649,7506,7257,6968,6755,6405,6020
26010883.536,5745,5306,4839,4513,4004,3473,3109,2548,1974,1585,994,398,0,-598,-1193,-1586
26012552.880,-2167,-2738,-3110,-3653,-4178,-4514,-4999,-5457,-5746,-6153,-6526,-6756,-7070,-7345,-7507,-7715
26014222.224,-7882,-7969,-8064,-8116,-8125,-8103,-8037,-7969,-7831,-7650,-7507,-7258,-6969,-6643,-6406,-6021
26015891.568,-5603,-5307,-4840,-4347,-4005,-3474,-2925,-2549,-1975,-1390,-995,-399,199,597,1192,1780
26017560.912,2166,2737,3292,3652,4177,4678,4998,5456,5884,6152,6525,6864,7069,7344,7580,7714
26019230.256,7881,8005,8063,8115,8122,8102,8036,7927,7830,7649,7427,7257,6968,6642,6405,6020
26052617.136,-2559,-2937,-3488,-4021,-4365,-4860,-5329,-5626,-6045,-6432,-6670,-6998,-7287,-7458,-7681,-7863
26054286.480,-7960,-8070,-8136,-8156,-8149,-8097,-8038,-7914,-7746,-7612,-7375,-7098,-6893,-6553,-6178,-5909
26055955.824,-5479,-5019,-4533,-4195,-3668,-3122,-2749,-2176,-1592,-1198,-600,0,400,998,1591,1982
26057625.168,2558,3121,3487,4020,4532,4859,5328,5768,6044,6431,6782,6997,7286,7536,7680,7862
26059294.512,8000,8069,8135,8157,8148,8096,8000,7913,7745,7536,7374,7097,6782,6552,6177,5768
26060963.856,5478,5018,4532,4194,3667,3121,2748,2175,1591,1197,599,0,-401,-999,-1592,-1983
26062633.200,-2559,-3122,-3488,-4021,-4533,-4860,-5329,-5769,-6045,-6432,-6783,-6998,-7287,-7537,-7681,-7863
26064302.544,-8001,-8097,-8136,-8158,-8136,-8097,-8001,-7863,-7746,-7537,-7287,-7098,-6783,-6432,-6178,-5769
26065971.888,-5329,-5019,-4533,-4021,-3668,-3122,-2559,-2176,-1592,-999,-600,0,599,998,1591,2175
26067641.232,2558,3121,3667,4020,4532,5018,5328,5768,6177,6431,6782,7097,7286,7536,7745,7862
26069310.576,8000,8096,8135,8157,8135,8096,8000,7862,7745,7536,7286,7097,6782,6431,6177,5768
26070979.920,5328,5018,4532,4020,3667,3121,2558,2175,1591,998,599,0,-600,-1198,-1592,-2176
26101028.112,5196,4716,4381,3861,3319,2947,2377,1794,1400,802,200,-201,-803,-1401,-1795,-2378
26102697.456,-2948,-3320,-3862,-4382,-4717,-5197,-5648,-5933,-6332,-6697,-6920,-7224,-7489,-7642,-7839,-7992
26104366.800,-8071,-8152,-8189,-8189,-8152,-8071,-7946,-7839,-7642,-7405,-7224,-6920,-6579,-6332,-5933,-5501
26106036.144,-5197,-4717,-4211,-3862,-3320,-2760,-2378,-1795,-1202,-803,-201,401,802,1400,1990,2377
26107705.488,2947,3502,3861,4381,4879,5196,5647,6069,6331,6696,7025,7223,7488,7712,7838,7991
26109374.832,8102,8151,8188,8181,8151,8070,7945,7838,7641,7404,7223,6919,6578,6331,5932,5500
26111044.176,5196,4716,4210,3861,3319,2759,2377,1794,1201,802,200,-402,-803,-1401,-1991,-2378
26112713.520,-2948,-3503,-3862,-4382,-4880,-5351,-5648,-6070,-6458,-6697,-7026,-7317,-7489,-7713,-7895,-7992
26114382.864,-8103,-8169,-8189,-8182,-8130,-8071,-7946,-7778,-7642,-7405,-7127,-6920,-6579,-6202,-5933,-5501
26116052.208,-5040,-4717,-4211,-3683,-3320,-2760,-2185,-1795,-1202,-603,-201,401,1002,1400,1990,2569
26117721.552,2947,3502,4037,4381,4879,5350,5647,6069,6457,6696,7025,7316,7488,7712,7894,7991
26119390.896,8102,8168,8188,8181,8129,8070,7945,7777,7641,7404,7126,6919,6578,6201,5932,5500
26151108.432,4898,4399,4053,3516,2959,2579,1998,1405,1006,403,-202,-605,-1207,-1802,-2194,-2771
26152777.776,-3333,-3698,-4228,-4736,-5060,-5523,-5956,-6227,-6606,-6948,-7253,-7435,-7673,-7870,-7978,-8103
26154447.120,-8185,-8214,-8222,-8185,-8135,-8024,-7870,-7744,-7519,-7253,-7054,-6724,-6357,-6094,-5671,-5218
26156116.464,-4899,-4400,-3877,-3517,-2960,-2388,-1999,-1406,-807,-404,201,806,1206,1801,2387,2770
26157785.808,3332,3876,4227,4735,5217,5522,5955,6356,6605,6947,7252,7434,7672,7869,7977,8102
26159455.152,8184,8213,8221,8184,8134,8023,7869,7743,7518,7252,7053,6723,6356,6093,5670,5217
26161124.496,4898,4399,3876,3516,2959,2387,1998,1405,806,201,-202,-807,-1406,-1802,-2388,-2960
26162793.840,-3333,-3877,-4400,-4736,-5218,-5671,-5956,-6357,-6724,-6948,-7253,-7519,-7673,-7870,-8024,-8103
26164463.184,-8185,-8222,-8222,-8185,-8103,-8024,-7870,-7673,-7519,-7253,-6948,-6724,-6357,-5956,-5671,-5218
26166132.528,-4736,-4400,-3877,-3333,-2960,-2388,-1802,-1406,-807,-202,201,806,1405,1801,2387,2959
26167801.872,3332,3876,4399,4735,5217,5670,5955,6356,6723,6947,7252,7518,7672,7869,8023,8102
26169471.216,8184,8221,8221,8184,8102,7977,7869,7672,7434,7252,6947,6605,6356,5955,5522,5217
26201188.752,4587,4069,3712,3159,2589,2202,1610,1010,607,0,-608,-1011,-1611,-2203,-2782,-3160
26202858.096,-3713,-4245,-4588,-5080,-5545,-5839,-6252,-6632,-6866,-7185,-7465,-7629,-7840,-8010,-8098,-8195
26204527.440,-8247,-8257,-8235,-8168,-8098,-7958,-7775,-7629,-7376,-7083,-6866,-6510,-6118,-5839,-5394,-4919
26206196.784,-4588,-4070,-3531,-3160,-2590,-2007,-1611,-1011,-406,0,607,1211,1610,2202,2781,3159
26207866.128,3712,4244,4587,5079,5544,5838,6251,6631,6865,7184,7464,7628,7839,8009,8097,8194
26209535.472,8246,8256,8234,8167,8097,7957,7774,7628,7375,7082,6865,6509,6117,5693,5393,4918
26211204.816,4417,4069,3530,2971,2589,2006,1411,1010,405,-203,-608,-1212,-1809,-2203,-2782,-3347
26212874.160,-3713,-4245,-4755,-5080,-5545,-5980,-6252,-6632,-6976,-7185,-7465,-7704,-7840,-8010,-8136,-8195
26214543.504,-8247,-8255,-8235,-8168,-8057,-7958,-7775,-7549,-7376,-7083,-6751,-6510,-6118,-5694,-5394,-4919
26216212.848,-4418,-4070,-3531,-2972,-2590,-2007,-1412,-1011,-406,202,607,1211,1808,2202,2781,3346
26217882.192,3712,4244,4754,5079,5544,5979,6251,6631,6975,7281,7464,7703,7901,8009,8135,8216
26219551.536,8246,8254,8216,8167,8056,7901,7774,7548,7281,7082,6750,6382,6117,5693,5237,4918
26251269.072,4261,3726,3171,2792,2210,1617,1216,609,0,-407,-1015,-1618,-2015,-2600,-3172,-3544
26252938.416,-4086,-4605,-4938,-5415,-5862,-6142,-6535,-6892,-7110,-7404,-7658,-7805,-7989,-8130,-8199,-8267
26254607.760,-8289,-8279,-8227,-8130,-8041,-7871,-7658,-7493,-7212,-6892,-6658,-6277,-5862,-5567,-5100,-4605
26256277.104,-4262,-3727,-3172,-2793,-2211,-1618,-1217,-610,0,406,1014,1617,2014,2599,3171,3543
26257946.448,4085,4604,4937,5414,5861,6141,6534,6891,7109,7403,7657,7804,7988,8129,8198,8266
26259615.792,8288,8266,8226,8129,7988,7870,7657,7403,7211,6891,6534,6276,5861,5414,5099,4604
26261285.136,4085,3726,3171,2599,2210,1617,1014,609,0,-610,-1015,-1618,-2211,-2600,-3172,-3727
26262954.480,-4086,-4605,-5100,-5415,-5862,-6277,-6535,-6892,-7212,-7404,-7658,-7871,-7989,-8130,-8227,-8267
26264623.824,-8289,-8267,-8227,-8130,-7989,-7871,-7658,-7404,-7212,-6892,-6535,-6277,-5862,-5415,-5100,-4605
26266293.168,-4086,-3727,-3172,-2600,-2211,-1618,-1015,-610,0,609,1014,1617,2210,2792,3171,3726
26267962.512,4261,4604,5099,5566,5861,6276,6657,6891,7211,7492,7657,7870,8040,8129,8226,8278
26269631.856,8288,8266,8198,8129,7988,7804,7657,7403,7109,6891,6534,6141,5861,5414,4937,4604
26299680.048,8319,8281,8199,8119,7963,7764,7522,7339,7030,6684,6432,6026,5588,5279,4791,4278
26301349.392,3922,3372,2803,2415,1823,1221,815,204,-409,-816,-1423,-2023,-2416,-2996,-3559,-3923
26303018.736,-4453,-4958,-5280,-5739,-6167,-6433,-6804,-7138,-7340,-7608,-7836,-7964,-8120,-8232,-8282,-8320
26304688.080,-8312,-8282,-8200,-8073,-7964,-7765,-7523,-7340,-7031,-6685,-6433,-6027,-5589,-5280,-4792,-4279
26306357.424,-3923,-3373,-2804,-2416,-1824,-1222,-816,-205,408,815,1422,2022,2415,2995,3558,3922
26308026.768,4452,4957,5279,5738,6166,6560,6803,7137,7433,7607,7835,8020,8119,8231,8299,8319
26309696.112,8311,8259,8199,8072,7901,7764,7522,7240,7030,6684,6301,6026,5588,5119,4791,4278
26311365.456,3741,3372,2803,2219,1823,1221,612,204,-409,-1019,-1423,-2023,-2611,-2996,-3559,-4102
26313034.800,-4453,-4958,-5436,-5739,-6167,-6561,-6804,-7138,-7434,-7608,-7836,-8021,-8120,-8232,-8300,-8320
26314704.144,-8312,-8260,-8200,-8073,-7902,-7765,-7523,-7241,-7031,-6685,-6302,-6027,-5589,-5120,-4792,-4279
26316373.488,-3742,-3185,-2804,-2220,-1624,-1222,-613,0,408,1018,1623,2022,2610,3184,3558,4101
26318042.832,4623,4957,5435,5884,6166,6560,6919,7137,7433,7688,7835,8020,8161,8231,8299,8321
26351429.712,3572,3006,2425,2030,1428,818,409,-205,-819,-1226,-1831,-2426,-2815,-3386,-3939,-4296
26353099.056,-4811,-5301,-5611,-6051,-6459,-6711,-7059,-7369,-7553,-7795,-7995,-8105,-8232,-8315,-8345,-8353
26354768.400,-8315,-8265,-8152,-7995,-7867,-7639,-7369,-7167,-6831,-6459,-6191,-5761,-5301,-4977,-4470,-3939
26356437.744,-3573,-3007,-2426,-2031,-1429,-819,-410,204,818,1428,1830,2425,3006,3385,3938,4469
26358107.088,4810,5300,5760,6050,6458,6830,7058,7368,7638,7794,7994,8151,8231,8314,8352,8352
26359776.432,8314,8231,8151,7994,7794,7638,7368,7058,6830,6458,6050,5760,5300,4810,4469,3938
26361445.776,3385,3006,2425,1830,1428,818,204,-205,-819,-1429,-1831,-2426,-3007,-3386,-3939,-4470
26363115.120,-4811,-5301,-5761,-6051,-6459,-6831,-7059,-7369,-7639,-7795,-7995,-8152,-8232,-8315,-8353,-8353
26364784.464,-8315,-8232,-8152,-7995,-7795,-7553,-7369,-7059,-6711,-6459,-6051,-5611,-5301,-4811,-4296,-3939
26366453.808,-3386,-2815,-2426,-1831,-1226,-819,-205,409,818,1428,2030,2425,3006,3572,3938,4469
26368123.152,4976,5300,5760,6190,6458,6830,7166,7368,7638,7866,7994,8151,8264,8314,8352,8344
26369792.496,8314,8231,8104,7994,7794,7552,7368,7058,6710,6458,6050,5610,5300,4810,4295,3938
26399840.688,8296,8226,8083,7897,7749,7492,7194,6974,6612,6214,5931,5478,4996,4659,4134,3586
26401510.032,3209,2630,2038,1636,1026,411,0,-617,-1231,-1637,-2238,-2826,-3210,-3772,-4313,-4660
26403179.376,-5161,-5633,-5932,-6352,-6738,-6975,-7299,-7583,-7750,-7965,-8137,-8227,-8325,-8378,-8388,-8365
26404848.720,-8297,-8227,-8084,-7898,-7750,-7493,-7195,-6975,-6613,-6215,-5932,-5479,-4997,-4488,-4135,-3587
26406518.064,-3019,-2631,-2039,-1435,-1027,-412,205,616,1230,1837,2237,2825,3399,3771,4312,4829
26408187.408,5160,5632,6074,6351,6737,7086,7298,7582,7825,7964,8136,8264,8324,8377,8385,8364
26409856.752,8296,8183,8083,7897,7668,7492,7194,6857,6612,6214,5783,5478,4996,4487,4134,3586
26411526.096,3018,2630,2038,1434,1026,411,-206,-617,-1231,-1838,-2238,-2826,-3400,-3772,-4313,-4830
26413195.440,-5161,-5633,-6075,-6352,-6738,-7087,-7299,-7583,-7826,-8027,-8137,-8265,-8348,-8378,-8386,-8348
26414864.784,-8297,-8184,-8027,-7898,-7669,-7398,-7195,-6858,-6484,-6215,-5784,-5322,-4997,-4488,-3954,-3587
26416534.128,-3019,-2435,-2039,-1435,-823,-412,205,822,1230,1837,2434,2825,3399,3953,4312,4829
26418203.472,5321,5632,6074,6483,6737,7086,7397,7582,7825,8026,8136,8264,8347,8377,8385,8347
26451590.352,2836,2245,1642,1235,619,0,-414,-1031,-1643,-2046,-2642,-3222,-3600,-4151,-4678,-5016
26453259.696,-5500,-5954,-6239,-6638,-7001,-7222,-7521,-7779,-7928,-8115,-8258,-8329,-8397,-8420,-8410,-8357
26454929.040,-8258,-8115,-7995,-7779,-7521,-7326,-7001,-6638,-6376,-5954,-5500,-5181,-4678,-4151,-3786,-3222
26456598.384,-2642,-2246,-1643,-1031,-620,0,619,1030,1642,2245,2641,3221,3785,4150,4677,5180
26458267.728,5499,5953,6375,6637,7000,7325,7520,7778,7994,8114,8257,8356,8396,8419,8396,8356
26459937.072,8257,8114,7994,7778,7520,7325,7000,6637,6375,5953,5499,5180,4677,4150,3785,3221
26461606.416,2641,2245,1642,1030,619,0,-620,-1031,-1643,-2246,-2642,-3222,-3786,-4329,-4678,-5181
26463275.760,-5655,-5954,-6376,-6763,-7001,-7326,-7612,-7779,-7995,-8168,-8258,-8357,-8410,-8420,-8397,-8329
26464945.104,-8258,-8115,-7928,-7779,-7521,-7222,-7001,-6638,-6239,-5954,-5500,-5016,-4678,-4151,-3600,-3222
26466614.448,-2642,-2046,-1643,-1031,-414,0,619,1235,1642,2245,2836,3221,3785,4328,4677,5180
26468283.792,5654,5953,6375,6762,7000,7325,7611,7778,7994,8167,8257,8356,8409,8419,8396,8328
26469953.136,8257,8114,7927,7778,7520,7221,7000,6637,6238,5953,5499,5015,4504,4150,3599,3030
26500001.328,8199,8088,7886,7641,7454,7141,6789,6533,6121,5676,5362,4867,4345,3984,3425,2847
26501670.672,2453,1851,1240,828,207,-415,-829,-1446,-2054,-2454,-3043,-3615,-3985,-4523,-5036,-5363
26503340.016,-5829,-6264,-6534,-6911,-7251,-7551,-7728,-7959,-8147,-8248,-8362,-8430,-8451,-8443,-8390,-8329
26505009.360,-8200,-8027,-7887,-7642,-7355,-7142,-6790,-6401,-6122,-5677,-5201,-4868,-4346,-3801,-3426,-2848
26506678.704,-2255,-1852,-1241,-622,-208,414,1034,1445,2053,2651,3042,3614,4166,4522,5035,5521
26508348.048,5828,6263,6663,6910,7250,7550,7727,7958,8146,8247,8361,8429,8450,8442,8389,8328
26510017.392,8199,8026,7886,7641,7354,7141,6789,6400,6121,5676,5200,4867,4345,3800,3425,2847
26511686.736,2254,1649,1240,621,0,-415,-1035,-1650,-2054,-2652,-3235,-3615,-4167,-4696,-5036,-5522
26513356.080,-5978,-6264,-6664,-7029,-7251,-7551,-7810,-7959,-8147,-8291,-8362,-8430,-8453,-8443,-8390,-8291
26515025.424,-8200,-8027,-7810,-7642,-7355,-7029,-6790,-6401,-5978,-5677,-5201,-4696,-4346,-3801,-3235,-2848
26516694.768,-2255,-1650,-1241,-622,0,414,1034,1649,2053,2651,3234,3614,4166,4695,5035,5521
26518364.112,5977,6263,6663,7028,7250,7550,7809,7958,8146,8290,8361,8429,8452,8442,8389,8290
26551750.992,2061,1450,831,416,-209,-832,-1246,-1860,-2464,-3055,-3439,-4001,-4540,-4887,-5384,-5852
26553420.336,-6146,-6560,-6938,-7170,-7484,-7758,-7918,-8121,-8280,-8361,-8445,-8484,-8484,-8445,-8361,-8280
26555089.680,-8121,-7918,-7758,-7484,-7170,-6938,-6560,-6146,-5852,-5384,-4887,-4540,-4001,-3439,-3055,-2464
26556759.024,-1860,-1451,-832,-209,208,831,1450,1859,2463,3054,3438,4000,4539,4886,5383,5851
26558428.368,6145,6559,6937,7169,7483,7757,7917,8120,8279,8360,8444,8483,8483,8444,8360,8279
26560097.712,8120,7917,7757,7483,7169,6815,6559,6145,5698,5383,4886,4362,4000,3438,2858,2463
26561767.056,1859,1245,831,208,-417,-832,-1451,-2062,-2464,-3055,-3629,-4001,-4540,-5055,-5384,-5852
26563436.400,-6288,-6560,-6938,-7279,-7484,-7758,-7990,-8121,-8280,-8394,-8445,-8484,-8476,-8445,-8361,-8232
26565105.744,-8121,-7918,-7672,-7484,-7170,-6816,-6560,-6146,-5699,-5384,-4887,-4363,-4001,-3439,-2859,-2464
26566775.088,-1860,-1246,-832,-209,416,831,1450,2061,2463,3054,3628,4000,4539,5054,5383,5851
26568444.432,6287,6559,6937,7278,7579,7757,7989,8178,8279,8393,8462,8483,8475,8422,8360,8231
26570113.776,8057,7917,7671,7383,7169,6815,6425,6145,5698,5220,4886,4362,3815,3438,2858,2263
26600161.968,8020,7870,7609,7306,7083,6715,6312,6023,5564,5074,4732,4198,3642,3065,2672,2069
26601831.312,1456,1042,418,-210,-627,-1250,-1867,-2272,-2870,-3453,-3831,-4380,-4906,-5241,-5721,-6170
26603500.656,-6451,-6843,-7198,-7413,-7701,-7948,-8089,-8264,-8394,-8455,-8509,-8517,-8496,-8427,-8312,-8211
26605170.000,-8021,-7788,-7610,-7307,-6965,-6716,-6313,-5874,-5565,-5075,-4558,-4199,-3643,-3066,-2673,-2070
26606839.344,-1457,-1043,-419,209,626,1249,1866,2271,2869,3452,3830,4379,4905,5240,5720,6169
26608508.688,6450,6842,7197,7412,7700,7947,8088,8263,8393,8477,8508,8516,8477,8426,8311,8151
26610178.032,8020,7787,7512,7306,6964,6585,6312,5873,5404,5074,4557,4015,3642,3065,2472,2069
26611847.376,1456,835,418,-210,-836,-1250,-1867,-2473,-2870,-3453,-4016,-4380,-4906,-5405,-5721,-6170
26613516.720,-6586,-6843,-7198,-7513,-7701,-7948,-8152,-8264,-8394,-8478,-8509,-8517,-8478,-8427,-8312,-8152
26615186.064,-8021,-7788,-7513,-7307,-6965,-6586,-6313,-5874,-5405,-5075,-4558,-4016,-3643,-3066,-2473,-2070
26616855.408,-1457,-836,-419,209,835,1249,1866,2472,3065,3452,4015,4557,4905,5404,5873,6169
26618524.752,6585,6964,7197,7512,7787,7947,8151,8311,8393,8477,8516,8516,8477,8393,8311,8151
26651911.632,1046,628,0,-629,-1047,-1669,-2281,-2683,-3273,-3845,-4215,-4751,-5261,-5586,-6047,-6475
26653580.976,-6742,-7110,-7440,-7638,-7900,-8120,-8241,-8387,-8487,-8528,-8551,-8528,-8487,-8387,-8241,-8120
26655250.320,-7900,-7638,-7440,-7110,-6742,-6475,-6047,-5586,-5261,-4751,-4215,-3845,-3273,-2683,-2281,-1669
26656919.664,-1047,-629,0,628,1046,1668,2280,2682,3272,3844,4214,4750,5260,5742,6046,6474
26658589.008,6868,7109,7439,7729,7899,8119,8294,8386,8486,8540,8550,8527,8458,8386,8240,8051
26660258.352,7899,7637,7334,7109,6741,6335,6046,5585,5093,4750,4214,3655,3272,2682,2077,1668
26661927.696,1046,419,0,-629,-1255,-1669,-2281,-2881,-3273,-3845,-4397,-4751,-5261,-5743,-6047,-6475
26663597.040,-6869,-7110,-7440,-7730,-7900,-8120,-8295,-8387,-8487,-8541,-8551,-8528,-8459,-8387,-8241,-8052
26665266.384,-7900,-7638,-7335,-7110,-6742,-6336,-6047,-5586,-5094,-4751,-4215,-3656,-3078,-2683,-2078,-1462
26666935.728,-1047,-420,209,628,1254,1873,2280,2880,3465,3844,4396,4923,5260,5742,6192,6474
26668605.072,6868,7224,7439,7729,7977,8119,8294,8424,8486,8540,8548,8527,8458,8343,8240,8051
26670274.416,7817,7637,7334,6991,6741,6335,5896,5585,5093,4574,4214,3655,3077,2682,2077,1461
26700322.608,7759,7468,7251,6894,6499,6216,5764,5280,4942,4413,3859,3478,2891,2289,1880,1259
26701991.952,631,210,-422,-1051,-1468,-2086,-2693,-3090,-3671,-4231,-4593,-5114,-5607,-5919,-6361,-6768
26703661.296,-7018,-7363,-7668,-7848,-8083,-8273,-8376,-8491,-8561,-8582,-8574,-8520,-8458,-8327,-8151,-8009
26705330.640,-7760,-7469,-7252,-6895,-6500,-6217,-5765,-5281,-4943,-4414,-3860,-3479,-2892,-2290,-1881,-1260
26706999.984,-632,0,421,1050,1674,2085,2692,3284,3670,4230,4768,5113,5606,6069,6360,6767
26708669.328,7137,7362,7667,7930,8082,8272,8418,8490,8560,8583,8573,8519,8418,8326,8150,7930
26710338.672,7759,7468,7137,6894,6499,6069,5764,5280,4768,4413,3859,3284,2891,2289,1674,1259
26712008.016,631,0,-422,-1051,-1675,-2086,-2693,-3285,-3671,-4231,-4769,-5114,-5607,-6070,-6361,-6768
26713677.360,-7138,-7363,-7668,-7931,-8083,-8273,-8419,-8491,-8561,-8584,-8574,-8520,-8419,-8327,-8151,-7931
26715346.704,-7668,-7469,-7138,-6768,-6500,-6070,-5607,-5281,-4769,-4231,-3860,-3285,-2693,-2290,-1675,-1051
26717016.048,-632,0,631,1050,1674,2289,2692,3284,3859,4230,4768,5280,5606,6069,6499,6767
26718685.392,7137,7468,7667,7930,8150,8272,8418,8519,8560,8583,8560,8519,8418,8272,8150,7930
26752072.272,211,-212,-845,-1474,-1888,-2502,-3102,-3492,-4062,-4610,-4962,-5467,-5942,-6241,-6661,-7045
26753741.616,-7280,-7600,-7878,-8040,-8246,-8408,-8490,-8576,-8615,-8615,-8576,-8490,-8408,-8246,-8040,-7878
26755410.960,-7600,-7280,-7045,-6661,-6241,-5787,-5467,-4962,-4430,-4062,-3492,-2903,-2502,-1888,-1265,-845
26757080.304,-212,422,844,1473,2093,2501,3101,3684,4061,4609,5132,5466,5941,6384,6660,7044
26758749.648,7390,7599,7877,8113,8245,8407,8523,8575,8614,8606,8575,8489,8358,8245,8039,7789
26760418.992,7599,7279,6921,6660,6240,5786,5466,4961,4429,4061,3491,2902,2501,1887,1264,844
26762088.336,211,-423,-845,-1474,-2094,-2502,-3102,-3685,-4062,-4610,-5133,-5467,-5942,-6385,-6661,-7045
26763757.680,-7391,-7600,-7878,-8114,-8305,-8408,-8524,-8594,-8615,-8607,-8553,-8490,-8359,-8182,-8040,-7790
26765427.024,-7498,-7280,-6922,-6525,-6241,-5787,-5302,-4962,-4430,-3875,-3492,-2903,-2299,-1888,-1265,-634
26767096.368,-212,422,1054,1473,2093,2702,3101,3684,4247,4609,5132,5628,5941,6384,6793,7044
26768765.712,7390,7696,7877,8113,8304,8407,8523,8593,8614,8606,8552,8489,8358,8181,8039,7789
26770435.056,7497,7279,6921,6524,6240,5786,5301,4961,4429,3874,3491,2902,2298,1887,1264,633
26800483.248,7419,7071,6819,6409,5964,5649,5152,4627,4263,3698,3113,2713,2101,1478,1058,424
26802152.592,-213,-637,-1270,-1896,-2307,-2915,-3506,-3889,-4447,-4981,-5322,-5809,-6265,-6550,-6948,-7308
26803821.936,-7526,-7820,-8071,-8214,-8391,-8523,-8585,-8640,-8648,-8609,-8557,-8440,-8278,-8145,-7908,-7629
26805491.280,-7420,-7072,-6687,-6410,-5965,-5488,-5153,-4628,-4078,-3699,-3114,-2511,-2102,-1479,-848,-425
26807160.624,212,847,1269,1895,2510,2914,3505,4077,4446,4980,5487,5808,6264,6686,6947,7307
26808829.968,7628,7819,8070,8277,8390,8522,8608,8639,8647,8608,8556,8439,8277,8144,7907,7628
26810499.312,7419,7071,6686,6409,5964,5487,5152,4627,4077,3698,3113,2510,2101,1478,847,424
26812168.656,-213,-848,-1270,-1896,-2511,-2915,-3506,-4078,-4628,-4981,-5488,-5965,-6265,-6687,-7072,-7308
26813838.000,-7629,-7908,-8071,-8278,-8440,-8523,-8609,-8648,-8648,-8609,-8523,-8440,-8278,-8071,-7908,-7629
26815507.344,-7308,-7072,-6687,-6265,-5965,-5488,-4981,-4628,-4078,-3506,-3114,-2511,-1896,-1479,-848,-213
26817176.688,212,847,1478,1895,2510,3113,3505,4077,4627,4980,5487,5964,6264,6686,7071,7307
26818846.032,7628,7907,8070,8277,8439,8522,8608,8647,8647,8608,8522,8439,8277,8070,7907,7628
26850563.568,7218,6844,6573,6138,5670,5341,4823,4279,3903,3322,2723,2315,1693,1062,638,0
26852232.912,-639,-1063,-1694,-2316,-2724,-3323,-3904,-4280,-4824,-5342,-5671,-6139,-6574,-6974,-7219,-7554
26853902.256,-7849,-8021,-8244,-8422,-8515,-8617,-8672,-8682,-8659,-8588,-8515,-8368,-8175,-8021,-7755,-7447
26855571.600,-7219,-6845,-6433,-6139,-5671,-5172,-4824,-4280,-3713,-3323,-2724,-2110,-1694,-1063,-427,0
26857240.944,638,1273,1693,2315,2924,3322,3903,4463,4823,5341,5830,6138,6573,6973,7218,7553
26858910.288,7848,8020,8243,8421,8514,8616,8671,8681,8658,8587,8514,8367,8174,8020,7754,7446
26860579.632,7218,6844,6432,6138,5670,5171,4823,4279,3712,3322,2723,2109,1484,1062,426,-214
26862248.976,-639,-1274,-1903,-2316,-2925,-3519,-3904,-4464,-5000,-5342,-5831,-6288,-6574,-6974,-7335,-7554
26863918.320,-7849,-8100,-8244,-8422,-8555,-8617,-8672,-8680,-8659,-8588,-8471,-8368,-8175,-7937,-7755,-7447
26865587.664,-7099,-6845,-6433,-5987,-5671,-5172,-4645,-4280,-3713,-3125,-2724,-2110,-1485,-1063,-427,213
26867257.008,638,1273,1902,2315,2924,3518,3903,4463,4999,5341,5830,6287,6573,6973,7334,7553
26868926.352,7848,8099,8243,8421,8554,8616,8671,8679,8658,8587,8470,8307,8174,7936,7656,7446
26900643.888,6999,6598,6311,5852,5361,5018,4480,3918,3531,2935,2324,1909,1278,640,213,-428
26902313.232,-1067,-1701,-2118,-2734,-3335,-3727,-4296,-4842,-5192,-5693,-6163,-6458,-6871,-7247,-7475,-7785
26903982.576,-8052,-8206,-8400,-8548,-8621,-8692,-8715,-8705,-8650,-8548,-8454,-8275,-8052,-7879,-7583,-7247
26905651.920,-7000,-6599,-6163,-5853,-5362,-4842,-4481,-3919,-3335,-2936,-2325,-1701,-1279,-641,0,427
26907321.264,1066,1700,2117,2733,3334,3726,4295,4841,5191,5692,6162,6457,6870,7246,7474,7784
26908990.608,8051,8205,8399,8547,8620,8691,8714,8704,8649,8547,8453,8274,8051,7878,7582,7246
26910659.952,6870,6598,6162,5692,5361,4841,4295,3918,3334,2733,2324,1700,1066,640,0,-641
26912329.296,-1067,-1701,-2325,-2734,-3335,-3919,-4296,-4842,-5362,-5693,-6163,-6599,-6871,-7247,-7583,-7785
26913998.640,-8052,-8275,-8400,-8548,-8650,-8692,-8715,-8692,-8650,-8548,-8400,-8275,-8052,-7785,-7583,-7247
26915667.984,-6871,-6599,-6163,-5693,-5362,-4842,-4296,-3919,-3335,-2734,-2325,-1701,-1067,-641,0,640
26917337.328,1066,1700,2324,2733,3334,3918,4295,4841,5361,5692,6162,6598,6870,7246,7582,7878
26919006.672,8051,8274,8453,8547,8649,8704,8714,8691,8620,8547,8399,8205,8051,7784,7474,7246
26950724.208,6762,6335,6031,5549,5037,4497,4123,3545,2947,2539,1916,1283,857,214,-430,-858
26952393.552,-1496,-2126,-2540,-3149,-3741,-4124,-4680,-5211,-5550,-6032,-6482,-6763,-7153,-7504,-7715,-7998
26954062.896,-8237,-8372,-8536,-8653,-8706,-8746,-8738,-8706,-8620,-8486,-8372,-8162,-7908,-7715,-7391,-7027
26955732.240,-6763,-6336,-5875,-5550,-5038,-4498,-4124,-3546,-2948,-2540,-1917,-1284,-858,-215,429,857
26957401.584,1495,2125,2539,3148,3740,4123,4679,5210,5549,6031,6481,6762,7152,7503,7714,7997
26959070.928,8236,8371,8535,8652,8723,8745,8737,8682,8619,8485,8306,8161,7907,7611,7390,7026
26960740.272,6623,6335,5874,5381,5037,4497,3932,3545,2947,2333,1916,1283,643,214,-430,-1071
26962409.616,-1496,-2126,-2744,-3149,-3741,-4312,-4680,-5211,-5714,-6032,-6482,-6897,-7153,-7504,-7814,-7998
26964078.960,-8237,-8431,-8536,-8653,-8724,-8746,-8738,-8683,-8620,-8486,-8307,-8162,-7908,-7612,-7391,-7027
26965748.304,-6624,-6336,-5875,-5382,-5038,-4498,-3933,-3546,-2948,-2334,-1917,-1284,-644,-215,429,1070
26967417.648,1495,2125,2743,3347,3740,4311,4859,5210,5713,6185,6481,6896,7273,7503,7813,8081
26969086.992,8236,8430,8579,8652,8723,8747,8737,8682,8579,8485,8306,8081,7907,7611,7273,7026
27000804.528,6506,6054,5570,5230,4697,4139,3754,3160,2548,2133,1501,860,430,-216,-861,-1289
27002473.872,-1924,-2549,-2959,-3559,-4140,-4515,-5057,-5571,-5897,-6360,-6788,-7053,-7419,-7744,-7938,-8193
27004143.216,-8403,-8518,-8652,-8739,-8771,-8779,-8739,-8686,-8568,-8403,-8268,-8028,-7744,-7532,-7180,-6788
27005812.560,-6507,-6055,-5571,-5231,-4698,-4140,-3755,-3161,-2549,-2134,-1502,-861,-431,215,860,1288
27007481.904,1923,2548,2958,3558,4139,4514,5056,5570,6054,6359,6787,7179,7418,7743,8027,8192
27009151.248,8402,8567,8651,8738,8778,8778,8738,8651,8567,8402,8192,8027,7743,7418,7179,6787
27010820.592,6359,6054,5570,5056,4697,4139,3558,3160,2548,1923,1501,860,215,-216,-861,-1502
27012489.936,-1924,-2549,-3161,-3559,-4140,-4698,-5057,-5571,-6055,-6360,-6788,-7180,-7419,-7744,-8028,-8193
27014159.280,-8403,-8568,-8652,-8739,-8779,-8779,-8739,-8652,-8568,-8403,-8193,-8028,-7744,-7419,-7180,-6788
27015828.624,-6360,-6055,-5571,-5057,-4698,-4140,-3559,-2959,-2549,-1924,-1289,-861,-216,430,860,1501
27017497.968,2133,2548,3160,3754,4139,4697,5230,5570,6054,6506,6787,7179,7531,7743,8027,8267
27019167.312,8402,8567,8685,8738,8778,8770,8738,8651,8517,8402,8192,7937,7743,7418,7052,6787
27050884.848,6232,5757,5250,4896,4344,3768,3372,2764,2141,1719,1078,432,0,-649,-1294,-1720
27052554.192,-2351,-2970,-3373,-3963,-4532,-4897,-5423,-5919,-6233,-6674,-7080,-7329,-7669,-7968,-8143,-8369
27054223.536,-8550,-8645,-8748,-8804,-8814,-8790,-8719,-8645,-8495,-8299,-8143,-7873,-7560,-7329,-6949,-6531
27055892.880,-6233,-5758,-5251,-4897,-4345,-3769,-3373,-2765,-2142,-1720,-1079,-433,216,648,1293,1931
27057562.224,2350,2969,3571,3962,4531,5075,5422,5918,6383,6673,7079,7446,7668,7967,8223,8368
27059231.568,8549,8684,8747,8803,8811,8789,8718,8599,8494,8298,8057,7872,7559,7206,6948,6530
27060900.912,6077,5757,5250,4715,4344,3768,3172,2764,2141,1506,1078,432,-217,-649,-1294,-1932
27062570.256,-2351,-2970,-3572,-3963,-4532,-5076,-5423,-5919,-6384,-6674,-7080,-7447,-7669,-7968,-8224,-8369
27064239.600,-8550,-8685,-8748,-8804,-8812,-8790,-8719,-8600,-8495,-8299,-8058,-7774,-7560,-7207,-6814,-6531
27065908.944,-6078,-5592,-5251,-4716,-4155,-3769,-3173,-2559,-2142,-1507,-864,-433,216,863,1293,1931
27067578.288,2558,2969,3571,4154,4531,5075,5591,5918,6383,6813,7079,7446,7773,7967,8223,8434
27069247.632,8549,8684,8771,8803,8811,8771,8718,8599,8434,8298,8057,7773,7559,7206,6813,6530
27099295.824,8675,8749,8821,8845,8835,8779,8675,8580,8399,8172,7996,7696,7355,7105,6697,6254
27100965.168,5940,5442,4914,4547,3977,3385,2980,2359,1725,1297,650,0,-435,-1083,-1726,-2150
27102634.512,-2775,-3386,-3783,-4361,-4915,-5270,-5778,-6255,-6555,-6974,-7356,-7588,-7902,-8173,-8329,-8526
27104303.856,-8676,-8750,-8822,-8846,-8836,-8780,-8676,-8581,-8400,-8173,-7997,-7697,-7356,-7106,-6698,-6255
27105973.200,-5778,-5443,-4915,-4361,-3978,-3386,-2775,-2360,-1726,-1083,-651,0,650,1082,1725,2359
27107642.544,2774,3385,3977,4360,4914,5442,5777,6254,6697,6973,7355,7696,7901,8172,8399,8525
27109311.888,8675,8779,8821,8845,8821,8779,8675,8525,8399,8172,7901,7696,7355,6973,6697,6254
27110981.232,5777,5442,4914,4360,3977,3385,2774,2359,1725,1082,650,0,-651,-1083,-1726,-2360
27112650.576,-2775,-3386,-3978,-4361,-4915,-5443,-5778,-6255,-6698,-6974,-7356,-7697,-7902,-8173,-8400,-8581
27114319.920,-8676,-8780,-8836,-8846,-8822,-8750,-8676,-8526,-8329,-8173,-7902,-7588,-7356,-6974,-6555,-6255
27115989.264,-5778,-5270,-4915,-4361,-3783,-3386,-2775,-2150,-1726,-1083,-435,0,650,1297,1725,2359
27117658.608,2980,3385,3977,4547,4914,5442,5940,6254,6697,7105,7355,7696,7996,8172,8399,8580
27151045.488,5632,5112,4564,4185,3598,2991,2577,1945,1302,870,217,-436,-871,-1518,-2158,-2578
27152714.832,-3196,-3797,-4186,-4751,-5289,-5633,-6123,-6579,-6864,-7260,-7616,-7831,-8118,-8360,-8497,-8664
27154384.176,-8783,-8836,-8877,-8869,-8813,-8749,-8613,-8431,-8284,-8027,-7726,-7502,-7132,-6723,-6431,-5963
27156053.520,-5463,-5113,-4565,-3992,-3599,-2992,-2368,-1946,-1303,-654,-218,435,1086,1517,2157,2784
27157722.864,3195,3796,4376,4750,5288,5799,6122,6578,6999,7259,7615,7930,8117,8359,8557,8663
27159392.208,8782,8854,8876,8868,8812,8748,8612,8430,8283,8026,7725,7501,7131,6722,6430,5962
27161061.552,5462,5112,4564,3991,3598,2991,2367,1945,1302,653,217,-436,-1087,-1518,-2158,-2785
27162730.896,-3196,-3797,-4377,-4933,-5289,-5800,-6279,-6579,-7000,-7383,-7616,-7931,-8203,-8360,-8558,-8709
27164400.240,-8783,-8855,-8879,-8869,-8813,-8709,-8613,-8431,-8203,-8027,-7726,-7383,-7132,-6723,-6279,-5963
27166069.584,-5463,-4933,-4565,-3992,-3398,-2992,-2368,-1733,-1303,-654,0,435,1086,1732,2157,2784
27167738.928,3397,3796,4376,4932,5288,5799,6278,6578,6999,7382,7615,7930,8202,8359,8557,8708
27169408.272,8782,8854,8878,8868,8812,8708,8612,8430,8202,8026,7725,7382,7131,6722,6278,5799
27199456.464,8868,8901,8909,8868,8815,8695,8527,8390,8147,7859,7643,7286,6888,6603,6144,5653
27201125.808,5308,4767,4200,3810,3207,2587,2165,1523,873,437,-219,-874,-1308,-1953,-2588,-3003
27202795.152,-3612,-4201,-4582,-5132,-5654,-5985,-6455,-6889,-7287,-7530,-7860,-8148,-8315,-8528,-8696,-8781
27204464.496,-8869,-8910,-8910,-8869,-8781,-8696,-8528,-8315,-8148,-7860,-7530,-7287,-6889,-6455,-6145,-5654
27206133.840,-5132,-4768,-4201,-3612,-3208,-2588,-1953,-1524,-874,-219,218,873,1523,1952,2587,3207
27207803.184,3611,4200,4767,5131,5653,6144,6454,6888,7286,7529,7859,8147,8314,8527,8695,8780
27209472.528,8868,8909,8909,8868,8780,8695,8527,8314,8147,7859,7529,7286,6888,6454,6144,5653
27211141.872,5131,4767,4200,3611,3207,2587,1952,1307,873,218,-438,-874,-1524,-2166,-2588,-3208
27212811.216,-3811,-4201,-4768,-5309,-5654,-6145,-6604,-6889,-7287,-7644,-7860,-8148,-8391,-8528,-8696,-8816
27214480.560,-8869,-8910,-8902,-8869,-8781,-8645,-8528,-8315,-8057,-7860,-7530,-7159,-6889,-6455,-5985,-5654
27216149.904,-5132,-4582,-4201,-3612,-3003,-2588,-1953,-1308,-874,-219,437,873,1523,2165,2587,3207
27217819.248,3810,4200,4767,5308,5653,6144,6603,6888,7286,7643,7859,8147,8390,8527,8695,8815
27251206.128,4969,4408,3824,3422,2805,2173,1745,1094,438,0,-658,-1313,-1960,-2386,-3014,-3625
27252875.472,-4022,-4599,-5151,-5503,-6007,-6479,-6773,-7185,-7557,-7783,-8086,-8346,-8494,-8677,-8814,-8878
27254544.816,-8935,-8942,-8921,-8848,-8728,-8621,-8422,-8178,-7990,-7673,-7314,-7052,-6628,-6168,-5843,-5329
27256214.160,-4786,-4409,-3825,-3220,-2806,-2174,-1530,-1095,-439,219,657,1312,1959,2385,3013,3624
27257883.504,4021,4598,5150,5502,6006,6478,6772,7184,7556,7782,8085,8345,8493,8676,8813,8877
27259552.848,8934,8941,8920,8847,8727,8620,8421,8177,7989,7672,7313,6914,6627,6167,5674,5328
27261222.192,4785,4216,3824,3219,2596,2173,1529,876,438,-220,-877,-1313,-1960,-2597,-3014,-3625
27262891.536,-4217,-4599,-5151,-5675,-6007,-6479,-6915,-7185,-7557,-7889,-8086,-8346,-8560,-8677,-8814,-8902
27264560.880,-8935,-8942,-8902,-8848,-8728,-8560,-8422,-8178,-7889,-7673,-7314,-6915,-6628,-6168,-5675,-5329
27266230.224,-4786,-4217,-3825,-3220,-2597,-2174,-1530,-877,-439,219,876,1312,1959,2596,3013,3624
27267899.568,4216,4598,5150,5674,6006,6478,6914,7313,7556,7888,8177,8345,8559,8727,8813,8901
27269568.912,8941,8941,8901,8813,8727,8559,8345,8177,7888,7556,7313,6914,6478,6167,5674,5150
27299617.104,8976,8966,8909,8804,8707,8523,8293,8114,7810,7463,7210,6797,6347,6028,5522,4987
27301286.448,4424,4035,3435,2815,2394,1751,1098,660,0,-661,-1099,-1752,-2395,-2816,-3436,-4036
27302955.792,-4425,-4988,-5523,-5864,-6348,-6798,-7077,-7464,-7811,-8019,-8294,-8524,-8652,-8805,-8910,-8953
27304625.136,-8977,-8953,-8910,-8805,-8652,-8524,-8294,-8019,-7811,-7464,-7077,-6798,-6348,-5864,-5523,-4988
27306294.480,-4425,-4036,-3436,-2816,-2395,-1752,-1099,-661,0,660,1098,1751,2394,2815,3435,4035
27307963.824,4424,4987,5522,5863,6347,6797,7076,7463,7810,8018,8293,8523,8651,8804,8909,8966
27309633.168,8976,8952,8879,8804,8651,8452,8293,8018,7699,7463,7076,6651,6347,5863,5347,4987
27311302.512,4424,3838,3435,2815,2181,1751,1098,440,0,-661,-1318,-1752,-2395,-3025,-3436,-4036
27312971.856,-4616,-4988,-5523,-6029,-6348,-6798,-7211,-7464,-7811,-8115,-8294,-8524,-8708,-8805,-8910,-8967
27314641.200,-8977,-8953,-8880,-8805,-8652,-8453,-8294,-8019,-7700,-7464,-7077,-6652,-6348,-5864,-5348,-4988
27316310.544,-4425,-3839,-3436,-2816,-2182,-1752,-1099,-441,0,660,1317,1966,2394,3024,3637,4035
27317979.888,4615,5169,5522,6028,6501,6797,7210,7583,7810,8114,8375,8523,8707,8844,8909,8966
27351366.768,4050,3651,3035,2402,1973,1322,662,221,-443,-1103,-1541,-2190,-2827,-3243,-3853,-4441
27353036.112,-4821,-5368,-5886,-6213,-6676,-7103,-7367,-7728,-8048,-8237,-8484,-8684,-8791,-8913,-8986,-9007
27354705.456,-9000,-8943,-8878,-8740,-8555,-8406,-8145,-7840,-7612,-7237,-6823,-6526,-6051,-5543,-5189,-4633
27356374.800,-4051,-3652,-3036,-2403,-1974,-1323,-663,-222,442,1102,1540,2189,2826,3242,3852,4440
27358044.144,4820,5367,5885,6370,6675,7102,7491,7727,8047,8323,8483,8683,8836,8912,8985,9009
27359713.488,8999,8942,8836,8739,8554,8323,8144,7839,7491,7236,6822,6370,6050,5542,5005,4632
27361382.832,4050,3447,3035,2402,1757,1322,662,0,-443,-1103,-1758,-2190,-2827,-3448,-3853,-4441
27363052.176,-5006,-5368,-5886,-6371,-6676,-7103,-7492,-7728,-8048,-8324,-8484,-8684,-8837,-8913,-8986,-9010
27364721.520,-9000,-8943,-8837,-8740,-8555,-8324,-8145,-7840,-7492,-7237,-6823,-6371,-6051,-5543,-5006,-4441
27366390.864,-4051,-3448,-2827,-2403,-1758,-1103,-663,0,662,1102,1757,2402,2826,3447,4050,4440
27368060.208,5005,5542,5885,6370,6822,7102,7491,7839,8047,8323,8554,8683,8836,8942,8985,9009
27369729.552,8985,8942,8836,8683,8554,8323,8047,7839,7491,7102,6822,6370,5885,5542,5005,4440
27399777.744,8999,8909,8823,8653,8436,8266,7974,7639,7393,6990,6549,6235,5736,5207,4837,4262
27401447.088,3664,3254,2625,1981,1545,886,221,-222,-887,-1546,-1982,-2626,-3255,-3665,-4263,-4838
27403116.432,-5208,-5737,-6236,-6550,-6991,-7394,-7640,-7975,-8267,-8437,-8654,-8824,-8910,-9000,-9040,-9040
27404785.776,-9000,-8910,-8824,-8654,-8437,-8267,-7975,-7640,-7394,-6991,-6550,-6236,-5737,-5208,-4838,-4263
27406455.120,-3665,-3255,-2626,-1982,-1546,-887,-222,443,886,1545,2197,2625,3254,3866,4262,4837
27408124.464,5386,5736,6235,6700,6990,7393,7756,7974,8266,8514,8653,8823,8944,8999,9039,9031
27409793.808,8999,8909,8771,8653,8436,8174,7974,7639,7263,6990,6549,6072,5736,5207,4648,4262
27411463.152,3664,3046,2625,1981,1326,886,221,-444,-887,-1546,-2198,-2626,-3255,-3867,-4263,-4838
27413132.496,-5387,-5737,-6236,-6701,-6991,-7394,-7757,-7975,-8267,-8515,-8654,-8824,-8945,-9000,-9040,-9032
27414801.840,-9000,-8910,-8772,-8587,-8437,-8175,-7868,-7640,-7264,-6848,-6550,-6073,-5564,-5208,-4649,-4066
27416471.184,-3665,-3047,-2412,-1982,-1327,-666,-222,443,1106,1545,2197,2836,3254,3866,4457,4837
27418140.528,5386,5906,6235,6700,7128,7393,7756,8077,8266,8514,8715,8823,8944,9018,9039,9031
27451527.408,3266,2846,2205,1551,1110,445,-223,-668,-1332,-1989,-2421,-3058,-3678,-4081,-4666,-5227
27453196.752,-5584,-6095,-6573,-6873,-7290,-7668,-7897,-8205,-8468,-8618,-8804,-8943,-9008,-9065,-9073,-9052
27454866.096,-8978,-8856,-8747,-8546,-8298,-8107,-7785,-7421,-7155,-6725,-6259,-5758,-5407,-4856,-4279,-3881
27456535.440,-3267,-2635,-2206,-1552,-890,-446,222,889,1331,1988,2634,3057,3677,4278,4665,5226
27458204.784,5757,6094,6572,7015,7289,7667,8004,8204,8467,8684,8803,8942,9031,9064,9072,9031
27459874.128,8977,8855,8684,8545,8297,8004,7784,7420,7015,6724,6258,5757,5406,4855,4278,3880
27461543.472,3266,2634,2205,1551,889,445,-223,-890,-1332,-1989,-2635,-3058,-3678,-4279,-4666,-5227
27463212.816,-5758,-6095,-6573,-7016,-7290,-7668,-8005,-8298,-8468,-8685,-8856,-8943,-9032,-9073,-9073,-9032
27464882.160,-8943,-8856,-8685,-8468,-8298,-8005,-7668,-7421,-7016,-6573,-6259,-5758,-5227,-4856,-4279,-3678
27466551.504,-3267,-2635,-1989,-1552,-890,-223,222,889,1551,1988,2634,3266,3677,4278,4855,5226
27468220.848,5757,6258,6572,7015,7420,7667,8004,8297,8467,8684,8855,8942,9031,9072,9072,9031
27469890.192,8942,8855,8684,8467,8297,8004,7667,7420,7015,6572,6258,5757,5226,4855,4278,3677
27499938.384,8932,8777,8647,8414,8135,7924,7572,7180,6896,6440,5949,5603,5059,4489,4094,3485
27501607.728,2856,2429,1776,1114,669,0,-670,-1115,-1777,-2430,-2857,-3486,-4095,-4490,-5060,-5604
27503277.072,-5950,-6441,-6897,-7181,-7573,-7925,-8136,-8415,-8648,-8778,-8933,-9040,-9083,-9108,-9083,-9010
27504946.416,-8933,-8778,-8576,-8415,-8136,-7812,-7573,-7181,-6749,-6441,-5950,-5426,-5060,-4490,-3895,-3486
27506615.760,-2857,-2214,-1777,-1115,-447,0,669,1336,1776,2429,3068,3485,4094,4682,5059,5603
27508285.104,6116,6440,6896,7315,7572,7924,8233,8414,8647,8834,8932,9039,9096,9107,9082,9009
27509954.448,8932,8777,8575,8414,8135,7811,7572,7180,6748,6440,5949,5425,5059,4489,3894,3485
27511623.792,2856,2213,1776,1114,446,0,-670,-1337,-1777,-2430,-3069,-3691,-4095,-4683,-5245,-5604
27513293.136,-6117,-6597,-6897,-7316,-7695,-7925,-8234,-8498,-8648,-8835,-8974,-9040,-9097,-9105,-9083,-9010
27514962.480,-8887,-8778,-8576,-8327,-8136,-7812,-7447,-7181,-6749,-6281,-5950,-5426,-4873,-4490,-3895,-3278
27516631.824,-2857,-2214,-1558,-1115,-447,223,669,1336,1995,2429,3068,3690,4094,4682,5244,5603
27518301.168,6116,6596,6896,7315,7694,7924,8233,8497,8647,8834,8973,9039,9096,9104,9082,9009
27550018.704,8866,8679,8528,8263,7953,7722,7341,6921,6620,6138,5623,5263,4699,4109,3704,3079
27551688.048,2437,2002,1341,672,224,-449,-1119,-1563,-2222,-2868,-3290,-3909,-4506,-4891,-5446,-5971
27553357.392,-6303,-6773,-7207,-7601,-7841,-8165,-8445,-8607,-8810,-8965,-9042,-9116,-9141,-9130,-9073,-8965
27555026.736,-8867,-8680,-8445,-8264,-7954,-7601,-7342,-6922,-6464,-6139,-5624,-5079,-4700,-4110,-3498,-3080
27556696.080,-2438,-1784,-1342,-673,0,448,1118,1783,2221,2867,3497,3908,4505,5078,5445,5970
27558365.424,6463,6772,7206,7600,7840,8164,8444,8606,8809,8964,9041,9115,9140,9129,9072,8964
27560034.768,8866,8679,8444,8263,7953,7600,7341,6921,6463,6138,5623,5078,4699,4109,3497,2867
27561704.112,2437,1783,1118,672,0,-673,-1119,-1784,-2438,-2868,-3498,-4110,-4506,-5079,-5624,-5971
27563373.456,-6464,-6922,-7207,-7601,-7954,-8165,-8445,-8680,-8810,-8965,-9073,-9116,-9141,-9116,-9073,-8965
27565042.800,-8810,-8680,-8445,-8165,-7954,-7601,-7207,-6922,-6464,-5971,-5624,-5079,-4506,-4110,-3498,-2868
27566712.144,-2438,-1784,-1119,-673,0,672,1118,1783,2437,2867,3497,4109,4505,5078,5623,5970
27568381.488,6463,6921,7206,7600,7953,8164,8444,8679,8809,8964,9072,9115,9140,9115,9041,8964
27600099.024,8778,8558,8386,8090,7750,7500,7091,6643,6325,5819,5282,4907,4324,3717,3301,2663
27601768.368,2009,1568,899,225,-226,-900,-1569,-2230,-2664,-3302,-3923,-4325,-4908,-5465,-5820,-6326
27603437.712,-6798,-7092,-7501,-7869,-8091,-8387,-8638,-8779,-8951,-9075,-9130,-9171,-9163,-9130,-9039,-8899
27605107.056,-8779,-8559,-8293,-8091,-7751,-7369,-7092,-6644,-6161,-5820,-5283,-4717,-4325,-3718,-3091,-2664
27606776.400,-2010,-1347,-900,-226,450,899,1568,2229,2663,3301,3922,4324,4907,5464,5819,6325
27608445.744,6797,7091,7500,7868,8090,8386,8637,8778,8950,9074,9129,9170,9162,9129,9038,8898
27610115.088,8778,8558,8292,7981,7750,7368,6946,6643,6160,5643,5282,4716,4124,3717,3090,2446
27611784.432,2009,1346,674,225,-451,-1123,-1569,-2230,-2878,-3302,-3923,-4522,-4908,-5465,-5993,-6326
27613453.776,-6798,-7233,-7501,-7869,-8195,-8387,-8638,-8842,-8951,-9075,-9149,-9171,-9163,-9105,-9039,-8899
27615123.120,-8711,-8559,-8293,-7982,-7751,-7369,-6947,-6644,-6161,-5644,-5283,-4717,-4125,-3718,-3091,-2447
27616792.464,-2010,-1347,-675,-226,450,1122,1568,2229,2877,3301,3922,4521,4907,5464,5992,6325
27618461.808,6797,7232,7627,7868,8194,8475,8637,8841,8997,9074,9148,9173,9162,9104,8997,8898
27650179.344,8668,8416,8223,7896,7527,7258,6821,6348,6013,5484,4925,4339,3936,3313,2672,2237
27651848.688,1574,902,451,-226,-903,-1351,-2018,-2673,-3102,-3732,-4340,-4734,-5302,-5841,-6183,-6668
27653518.032,-7117,-7395,-7779,-8120,-8323,-8590,-8811,-8931,-9072,-9163,-9196,-9204,-9163,-9107,-8984,-8811
27655187.376,-8669,-8417,-8120,-7897,-7528,-7117,-6822,-6349,-5841,-5485,-4926,-4340,-3937,-3314,-2673,-2238
27656856.720,-1575,-903,-452,225,902,1350,2017,2672,3101,3731,4339,4733,5301,5840,6182,6667
27658526.064,7116,7394,7778,8119,8322,8589,8810,8983,9071,9162,9203,9203,9162,9071,8983,8810
27660195.408,8589,8416,8119,7778,7527,7116,6667,6348,5840,5301,4925,4339,3731,3313,2672,2017
27661864.752,1574,902,225,-226,-903,-1575,-2018,-2673,-3314,-3732,-4340,-4926,-5302,-5841,-6349,-6668
27663534.096,-7117,-7528,-7779,-8120,-8417,-8590,-8811,-8984,-9072,-9163,-9204,-9204,-9163,-9072,-8984,-8811
27665203.440,-8590,-8417,-8120,-7779,-7528,-7117,-6668,-6349,-5841,-5302,-4926,-4340,-3732,-3314,-2673,-2018
27666872.784,-1575,-903,-226,225,902,1574,2237,2672,3313,3936,4339,4925,5484,5840,6348,6821
27668542.128,7116,7527,7896,8119,8416,8668,8810,8983,9106,9162,9203,9195,9162,9071,8930,8810
27700259.664,8536,8253,7925,7682,7284,6846,6533,6035,5504,5133,4554,3950,3535,2898,2245,1802
27701929.008,1131,453,0,-680,-1356,-1803,-2465,-3113,-3536,-4155,-4751,-5134,-5685,-6206,-6534,-6997
27703598.352,-7422,-7683,-8040,-8353,-8537,-8774,-8963,-9063,-9171,-9229,-9240,-9215,-9140,-9063,-8906,-8700
27705267.696,-8537,-8254,-7926,-7683,-7285,-6847,-6534,-6036,-5505,-5134,-4555,-3951,-3536,-2899,-2246,-1803
27706937.040,-1132,-454,0,679,1355,1802,2464,3112,3535,4154,4750,5320,5684,6205,6691,6996
27708606.384,7421,7806,8039,8352,8620,8773,8962,9103,9170,9228,9236,9214,9139,9015,8905,8699
27710275.728,8447,8253,7925,7554,7284,6846,6371,6035,5504,4943,4554,3950,3325,2898,2245,1579
27711945.072,1131,453,-227,-680,-1356,-2025,-2465,-3113,-3745,-4155,-4751,-5321,-5685,-6206,-6692,-6997
27713614.416,-7422,-7807,-8040,-8353,-8621,-8774,-8963,-9104,-9171,-9229,-9237,-9215,-9140,-9016,-8906,-8700
27715283.760,-8448,-8254,-7926,-7555,-7285,-6847,-6372,-6036,-5505,-4944,-4356,-3951,-3326,-2683,-2246,-1580
27716953.104,-906,-454,226,905,1355,2024,2682,3112,3744,4355,4750,5320,5861,6205,6691,7142
27718622.448,7421,7806,8148,8352,8620,8841,8962,9103,9195,9228,9236,9195,9139,9015,8841,8699
27750339.984,8381,8067,7709,7447,7020,6556,6226,5704,5150,4766,4168,3548,3123,2472,1808,1360
27752009.328,681,0,-455,-1135,-1809,-2253,-2909,-3549,-3965,-4571,-5151,-5524,-6057,-6557,-6870,-7310
27753678.672,-7710,-7953,-8282,-8567,-8730,-8936,-9094,-9172,-9247,-9272,-9261,-9203,-9094,-8994,-8804,-8567
27755348.016,-8382,-8068,-7710,-7448,-7021,-6557,-6227,-5705,-5151,-4767,-4169,-3549,-3124,-2473,-1809,-1135
27757017.360,-682,0,681,1134,1808,2472,2908,3548,4168,4570,5150,5704,6056,6556,7020,7309
27758686.704,7709,8067,8281,8566,8803,8935,9093,9202,9246,9271,9246,9202,9093,8935,8803,8566
27760356.048,8281,8067,7709,7309,7020,6556,6056,5704,5150,4570,4168,3548,2908,2472,1808,1134
27762025.392,681,0,-682,-1135,-1809,-2473,-2909,-3549,-4169,-4571,-5151,-5705,-6057,-6557,-7021,-7310
27763694.736,-7710,-8068,-8282,-8567,-8804,-8936,-9094,-9203,-9247,-9272,-9247,-9203,-9094,-8936,-8730,-8567
27765364.080,-8282,-7953,-7710,-7310,-6870,-6557,-6057,-5524,-5151,-4571,-3965,-3549,-2909,-2253,-1809,-1135
27767033.424,-455,0,681,1360,1808,2472,3123,3548,4168,4766,5150,5704,6226,6556,7020,7447
27768702.768,7709,8067,8381,8566,8803,8993,9093,9202,9260,9271,9246,9171,9093,8935,8729,8566
27798750.960,7980,8206,8506,8760,8904,9078,9203,9259,9301,9293,9259,9167,9025,8904,8681,8411
27800420.304,8206,7861,7473,7192,6738,6248,5902,5357,4783,4386,3770,3134,2701,2038,1365,912
27802089.648,228,-457,-913,-1591,-2261,-2702,-3349,-3979,-4387,-4978,-5543,-5903,-6416,-6895,-7193,-7608
27803758.992,-7981,-8207,-8507,-8761,-8905,-9079,-9204,-9260,-9302,-9294,-9260,-9168,-9026,-8905,-8682,-8412
27805428.336,-8207,-7862,-7474,-7046,-6739,-6249,-5725,-5358,-4784,-4184,-3771,-3135,-2482,-2039,-1366,-685
27807097.680,-229,456,1138,1590,2260,2918,3348,3978,4586,4977,5542,6077,6415,6894,7335,7607
27808767.024,7980,8311,8506,8760,8967,9078,9203,9279,9301,9293,9234,9167,9025,8835,8681,8411
27810436.368,8095,7861,7473,7045,6738,6248,5724,5357,4783,4183,3770,3134,2481,2038,1365,684
27812105.712,228,-457,-1139,-1591,-2261,-2919,-3349,-3979,-4587,-4978,-5543,-6078,-6416,-6895,-7336,-7608
27813775.056,-7981,-8312,-8597,-8761,-8968,-9126,-9204,-9280,-9305,-9294,-9235,-9126,-9026,-8836,-8597,-8412
27815444.400,-8096,-7737,-7474,-7046,-6580,-6249,-5725,-5170,-4784,-4184,-3561,-3135,-2482,-1816,-1366,-685
27817113.744,0,456,1138,1815,2260,2918,3560,3978,4586,5169,5542,6077,6579,6894,7335,7736
27850500.624,8009,7634,7218,6918,6438,5923,5562,4995,4401,3992,3360,2710,2268,1596,915,458
27852169.968,-230,-916,-1371,-2046,-2711,-3146,-3785,-4402,-4801,-5377,-5924,-6271,-6763,-7219,-7501,-7889
27853839.312,-8236,-8442,-8712,-8936,-9058,-9201,-9293,-9335,-9335,-9293,-9201,-9111,-8936,-8712,-8537,-8236
27855508.656,-7889,-7635,-7219,-6763,-6439,-5924,-5377,-4996,-4402,-3785,-3361,-2711,-2046,-1597,-916,-230
27857178.000,229,915,1596,2045,2710,3360,3784,4401,4995,5376,5923,6438,6762,7218,7634,7888
27858847.344,8235,8536,8711,8935,9110,9200,9292,9334,9334,9292,9200,9110,8935,8711,8536,8235
27860516.688,7888,7634,7218,6762,6438,5923,5376,4995,4401,3784,3360,2710,2045,1596,915,229
27862186.032,-230,-916,-1597,-2046,-2711,-3361,-3993,-4402,-4996,-5563,-5924,-6439,-6919,-7219,-7635,-8010
27863855.376,-8236,-8537,-8792,-8936,-9111,-9237,-9293,-9335,-9327,-9293,-9201,-9058,-8936,-8712,-8442,-8236
27865524.720,-7889,-7501,-7219,-6763,-6271,-5924,-5377,-4801,-4402,-3785,-3146,-2711,-2046,-1371,-916,-230
27867194.064,458,915,1596,2268,2710,3360,3992,4401,4995,5562,5923,6438,6918,7218,7634,8009
27868863.408,8235,8536,8791,8935,9110,9236,9292,9334,9326,9292,9200,9057,8935,8711,8441,8235
27898911.600,8471,8657,8897,9089,9190,9300,9359,9370,9345,9269,9190,9031,8823,8657,8370,8037
27900580.944,7791,7387,6943,6626,6120,5582,5205,4618,4006,3585,2939,2276,1828,1147,459,0
27902250.288,-690,-1375,-1829,-2500,-3157,-3586,-4214,-4818,-5206,-5766,-6293,-6787,-7096,-7527,-7917,-8154
27903919.632,-8472,-8743,-8898,-9090,-9233,-9301,-9360,-9368,-9346,-9270,-9144,-9032,-8824,-8567,-8371,-8038
27905588.976,-7662,-7388,-6944,-6462,-6121,-5583,-5014,-4619,-4007,-3373,-2940,-2277,-1603,-1148,-460,229
27907258.320,689,1374,2053,2499,3156,3797,4213,4817,5395,5765,6292,6786,7095,7526,7916,8153
27908927.664,8471,8742,8897,9089,9232,9300,9359,9367,9345,9269,9143,9031,8823,8566,8370,8037
27910597.008,7661,7387,6943,6461,6120,5582,5013,4618,4006,3372,2720,2276,1602,918,459,-230
27912266.352,-919,-1375,-2054,-2721,-3157,-3798,-4418,-4818,-5396,-5945,-6293,-6787,-7244,-7527,-7917,-8265
27913935.696,-8472,-8743,-8968,-9090,-9233,-9326,-9360,-9368,-9326,-9270,-9144,-8968,-8824,-8567,-8265,-8038
27915605.040,-7662,-7244,-6944,-6462,-5945,-5583,-5014,-4418,-4007,-3373,-2721,-2277,-1603,-919,-460,229
27917274.384,918,1374,2053,2720,3156,3797,4417,4817,5395,5944,6292,6786,7243,7526,7916,8264
27950661.264,7552,7119,6648,6314,5784,5223,4834,4227,3598,3167,2507,1834,1379,691,0,-692
27952330.608,-1151,-1835,-2508,-2950,-3599,-4228,-4635,-5224,-5785,-6142,-6649,-7120,-7413,-7819,-8182,-8399
27953999.952,-8688,-8929,-9063,-9222,-9333,-9378,-9403,-9378,-9333,-9222,-9063,-8929,-8688,-8399,-8182,-7819
27955669.296,-7413,-7120,-6649,-6142,-5785,-5224,-4635,-4228,-3599,-2950,-2508,-1835,-1151,-692,0,691
27957338.640,1150,1834,2507,2949,3598,4227,4634,5223,5784,6141,6648,7119,7412,7818,8181,8398
27959007.984,8687,8928,9062,9221,9332,9377,9402,9377,9332,9221,9062,8928,8687,8398,8064,7818
27960677.328,7412,6967,6648,6141,5601,5223,4634,4020,3598,2949,2284,1834,1150,461,0,-692
27962346.672,-1380,-1835,-2508,-3168,-3599,-4228,-4835,-5224,-5785,-6315,-6649,-7120,-7553,-7819,-8182,-8500
27964016.016,-8688,-8929,-9121,-9222,-9333,-9392,-9403,-9378,-9301,-9222,-9063,-8854,-8688,-8399,-8065,-7819
27965685.360,-7413,-6968,-6649,-6142,-5602,-5224,-4635,-4021,-3599,-2950,-2285,-1835,-1151,-462,0,691
27967354.704,1379,1834,2507,3167,3598,4227,4834,5223,5784,6314,6648,7119,7552,7943,8181,8499
27969024.048,8772,8928,9120,9264,9332,9391,9399,9377,9300,9174,9062,8853,8596,8398,8064,7687
27999072.240,8884,9029,9206,9333,9390,9432,9424,9390,9296,9152,9029,8803,8529,8321,7971,7578
28000741.584,7293,6833,6336,5805,5433,4851,4242,3823,3178,2516,2067,1384,693,231,-464,-1156
28002410.928,-1614,-2293,-2960,-3396,-4035,-4651,-5049,-5621,-6164,-6507,-6992,-7439,-7715,-8094,-8429,-8627
28004080.272,-8885,-9094,-9207,-9334,-9411,-9433,-9425,-9365,-9297,-9153,-8960,-8804,-8530,-8210,-7972,-7579
28005749.616,-7145,-6834,-6337,-5806,-5434,-4852,-4243,-3824,-3179,-2517,-2068,-1385,-694,-232,463,1155
28007418.960,1613,2292,2959,3395,4034,4650,5048,5620,6163,6506,6991,7438,7714,8093,8428,8626
28009088.304,8884,9093,9254,9333,9410,9435,9424,9364,9254,9152,8959,8717,8529,8209,7845,7578
28010757.648,7144,6672,6336,5805,5242,4851,4242,3610,3178,2516,1840,1384,693,0,-464,-1156
28012426.992,-1841,-2293,-2960,-3611,-4035,-4651,-5243,-5621,-6164,-6673,-6992,-7439,-7846,-8094,-8429,-8718
28014096.336,-8885,-9094,-9255,-9334,-9411,-9436,-9425,-9365,-9255,-9153,-8960,-8718,-8530,-8210,-7846,-7579
28015765.680,-7145,-6673,-6337,-5806,-5243,-4852,-4243,-3611,-3179,-2517,-1841,-1385,-694,0,463,1155
28017435.024,1840,2516,2959,3610,4242,4650,5242,5805,6163,6672,7144,7438,7845,8209,8428,8717
28050821.904,6857,6529,6006,5452,5065,4463,3837,3407,2748,2074,1618,928,232,-233,-929,-1619
28052491.248,-2075,-2749,-3408,-3838,-4464,-5066,-5453,-6007,-6530,-6858,-7320,-7742,-8000,-8351,-8657,-8835
28054160.592,-9061,-9239,-9330,-9424,-9466,-9466,-9424,-9330,-9239,-9061,-8835,-8657,-8351,-8000,-7742,-7320
28055829.936,-6858,-6530,-6007,-5453,-5066,-4464,-3838,-3408,-2749,-2075,-1619,-929,-233,232,928,1618
28057499.280,2074,2748,3407,3837,4463,5065,5640,6006,6529,7015,7319,7741,8121,8350,8656,8915
28059168.624,9060,9238,9366,9423,9465,9457,9423,9329,9184,9060,8834,8559,8350,7999,7605,7319
28060837.968,6857,6358,6006,5452,4868,4463,3837,3189,2748,2074,1389,928,232,-465,-929,-1619
28062507.312,-2301,-2749,-3408,-4049,-4464,-5066,-5641,-6007,-6530,-7016,-7320,-7742,-8122,-8351,-8657,-8916
28064176.656,-9061,-9239,-9367,-9424,-9466,-9458,-9424,-9330,-9185,-9061,-8835,-8560,-8351,-8000,-7606,-7320
28065846.000,-6858,-6359,-6007,-5453,-4869,-4258,-3838,-3190,-2526,-2075,-1390,-697,-233,464,1159,1618
28067515.344,2300,2970,3407,4048,4667,5065,5640,6184,6529,7015,7464,7741,8121,8457,8656,8915
28069184.688,9125,9238,9366,9442,9465,9457,9397,9329,9184,8990,8834,8559,8238,7999,7605,7169
28099232.880,9216,9361,9430,9490,9498,9475,9398,9270,9157,8946,8686,8487,8149,7768,7490,7040
28100902.224,6551,6206,5660,5083,4683,4062,3419,2980,2308,1624,1163,466,-234,-699,-1395,-2082
28102571.568,-2535,-3202,-3851,-4272,-4885,-5472,-5846,-6381,-6882,-7195,-7632,-8028,-8268,-8590,-8865,-9023
28104240.912,-9217,-9362,-9431,-9491,-9499,-9476,-9399,-9271,-9158,-8947,-8687,-8488,-8150,-7769,-7491,-7041
28105910.256,-6552,-6207,-5661,-5084,-4684,-4063,-3420,-2981,-2309,-1625,-932,-467,233,931,1394,2081
28107579.600,2758,3201,3850,4479,4884,5471,6027,6380,6881,7344,7631,8027,8379,8589,8864,9092
28109248.944,9216,9361,9455,9490,9498,9455,9398,9270,9092,8946,8686,8379,8149,7768,7344,7040
28110918.288,6551,6027,5660,5083,4479,4062,3419,2758,2308,1624,931,466,-234,-932,-1395,-2082
28112587.632,-2759,-3202,-3851,-4480,-4885,-5472,-6028,-6381,-6882,-7345,-7632,-8028,-8380,-8590,-8865,-9093
28114256.976,-9217,-9362,-9456,-9491,-9499,-9456,-9399,-9271,-9093,-8865,-8687,-8380,-8028,-7769,-7345,-6882
28115926.320,-6552,-6028,-5472,-5084,-4480,-3851,-3420,-2759,-2082,-1625,-932,-234,233,931,1624,2081
28117595.664,2758,3419,3850,4479,5083,5471,6027,6551,6881,7344,7768,8027,8379,8686,8864,9092
28150982.544,6227,5865,5296,4699,4286,3648,2990,2542,1860,1167,701,0,-702,-1168,-1861,-2543
28152651.888,-2991,-3649,-4287,-4700,-5297,-5866,-6228,-6742,-7219,-7516,-7928,-8296,-8516,-8809,-9053,-9189
28154321.232,-9351,-9463,-9508,-9534,-9508,-9463,-9351,-9189,-9053,-8809,-8516,-8296,-7928,-7516,-7065,-6742
28155990.576,-6228,-5680,-5297,-4700,-4077,-3649,-2991,-2317,-1861,-1168,-468,0,701,1398,1860,2542
28157659.920,3211,3648,4286,4901,5296,5865,6402,6741,7218,7657,7927,8295,8618,8808,9052,9247
28159329.264,9350,9462,9522,9533,9507,9430,9350,9188,8976,8808,8515,8177,7927,7515,7064,6741
28160998.608,6227,5679,5296,4699,4076,3648,2990,2316,1860,1167,467,0,-702,-1399,-1861,-2543
28162667.952,-3212,-3649,-4287,-4902,-5297,-5866,-6403,-6742,-7219,-7658,-7928,-8296,-8619,-8895,-9053,-9248
28164337.296,-9394,-9463,-9523,-9531,-9508,-9431,-9303,-9189,-8977,-8716,-8516,-8178,-7795,-7516,-7065,-6574
28166006.640,-6228,-5680,-5101,-4700,-4077,-3432,-2991,-2317,-1630,-1168,-468,233,701,1398,2088,2542
28167675.984,3211,3863,4286,4901,5489,5865,6402,6904,7218,7657,8054,8295,8618,8894,9052,9247
28169345.328,9393,9462,9522,9530,9507,9430,9302,9188,8976,8715,8515,8177,7794,7515,7064,6573
28199393.520,9463,9540,9563,9555,9494,9425,9280,9083,8925,8648,8323,8082,7684,7243,6928,6424
28201062.864,5885,5508,4918,4301,3876,3222,2551,2095,1403,703,234,-470,-1172,-1636,-2325,-3001
28202732.208,-3444,-4091,-4716,-5119,-5699,-6249,-6597,-7089,-7542,-7822,-8206,-8546,-8747,-9008,-9221,-9335
28204401.552,-9464,-9541,-9567,-9556,-9495,-9383,-9281,-9084,-8839,-8649,-8324,-7955,-7685,-7244,-6765,-6425
28206070.896,-5886,-5315,-4919,-4302,-3661,-3223,-2552,-1867,-1404,-704,0,469,1171,1866,2324,3000
28207740.240,3660,4090,4715,5314,5698,6248,6764,7088,7541,7954,8205,8545,8838,9007,9220,9382
28209409.584,9463,9540,9566,9555,9494,9382,9280,9083,8838,8648,8323,7954,7684,7243,6764,6424
28211078.928,5885,5314,4918,4301,3660,3222,2551,1866,1403,703,0,-470,-1172,-1867,-2325,-3001
28212748.272,-3661,-4302,-4716,-5315,-5886,-6249,-6765,-7244,-7542,-7955,-8324,-8546,-8839,-9084,-9221,-9383
28214417.616,-9495,-9541,-9567,-9541,-9495,-9383,-9221,-9084,-8839,-8546,-8324,-7955,-7542,-7244,-6765,-6249
28216086.960,-5886,-5315,-4716,-4302,-3661,-3001,-2552,-1867,-1172,-704,0,703,1171,1866,2551,3000
28217756.304,3660,4301,4715,5314,5885,6248,6764,7243,7541,7954,8323,8545,8838,9083,9220,9382
28251143.184,5527,5135,4525,3890,3454,2786,2103,1641,941,235,-236,-942,-1642,-2104,-2787,-3455
28252812.528,-3891,-4526,-5136,-5528,-6090,-6620,-7113,-7421,-7849,-8234,-8467,-8777,-9039,-9187,-9367,-9496
28254481.872,-9554,-9597,-9589,-9554,-9459,-9313,-9187,-8957,-8679,-8467,-8111,-7711,-7421,-6953,-6447,-6090
28256151.216,-5528,-4936,-4526,-3891,-3235,-2787,-2104,-1409,-942,-236,471,941,1641,2332,2786,3454
28257820.560,4104,4525,5135,5718,6089,6619,7112,7420,7848,8233,8466,8776,9038,9186,9366,9495
28259489.904,9553,9596,9588,9553,9458,9312,9186,8956,8678,8466,8110,7710,7420,6952,6446,6089
28261159.248,5527,4935,4525,3890,3234,2560,2103,1408,706,235,-472,-1176,-1642,-2333,-3012,-3455
28262828.592,-4105,-4732,-5136,-5719,-6271,-6620,-7113,-7568,-7849,-8234,-8575,-8777,-9039,-9252,-9367,-9496
28264497.936,-9574,-9597,-9589,-9528,-9459,-9313,-9116,-8957,-8679,-8353,-8111,-7711,-7269,-6953,-6447,-5906
28266167.280,-5528,-4936,-4317,-3891,-3235,-2561,-2104,-1409,-707,-236,471,1175,1641,2332,3011,3454
28267836.624,4104,4731,5135,5718,6270,6619,7112,7567,7848,8233,8574,8776,9038,9251,9366,9495
28269505.968,9573,9599,9588,9527,9415,9312,9115,8869,8678,8352,7981,7710,7268,6788,6446,5905
28299554.160,9621,9629,9606,9528,9398,9283,9069,8806,8604,8262,7875,7593,7137,6642,6291,5738
28301223.504,5153,4748,4118,3466,3021,2340,1646,1179,472,-237,-945,-1414,-2111,-2797,-3246,-3904
28302892.848,-4541,-4953,-5547,-6111,-6469,-6977,-7447,-7738,-8139,-8496,-8708,-8988,-9218,-9345,-9492,-9587
28304562.192,-9622,-9630,-9587,-9529,-9399,-9218,-9070,-8807,-8496,-8263,-7876,-7447,-7138,-6643,-6111,-5739
28306231.536,-5154,-4541,-4119,-3467,-2797,-2341,-1647,-945,-473,236,944,1413,2110,2796,3245,3903
28307900.880,4540,4952,5546,6110,6468,6976,7446,7737,8138,8495,8707,8987,9217,9344,9491,9586
28309570.224,9621,9629,9586,9528,9398,9217,9069,8806,8495,8138,7875,7446,6976,6642,6110,5546
28311239.568,5153,4540,3903,3466,2796,2110,1646,944,236,-237,-945,-1647,-2111,-2797,-3467,-3904
28312908.912,-4541,-5154,-5547,-6111,-6643,-6977,-7447,-7876,-8139,-8496,-8807,-8988,-9218,-9399,-9492,-9587
28314578.256,-9630,-9630,-9587,-9492,-9399,-9218,-8988,-8807,-8496,-8139,-7876,-7447,-6977,-6643,-6111,-5547
28316247.600,-5154,-4541,-3904,-3467,-2797,-2111,-1647,-945,-237,236,944,1646,2110,2796,3466,3903
28317916.944,4540,5153,5546,6110,6642,7137,7446,7875,8262,8495,8806,9069,9217,9398,9528,9586
28349634.480,9664,9638,9592,9478,9314,9176,8929,8632,8409,8035,7619,7318,6834,6312,5757,5369
28351303.824,4763,4132,3698,3031,2348,1885,1183,474,0,-711,-1419,-1886,-2578,-3256,-3699,-4346
28352973.168,-4969,-5370,-5946,-6491,-6835,-7319,-7763,-8036,-8410,-8737,-8930,-9177,-9376,-9479,-9593,-9654
28354642.512,-9665,-9639,-9560,-9479,-9315,-9100,-8930,-8633,-8290,-8036,-7620,-7162,-6835,-6313,-5758,-5370
28356311.856,-4764,-4133,-3699,-3032,-2349,-1886,-1184,-475,0,710,1418,1885,2577,3255,3698,4345
28357981.200,4968,5369,5945,6490,6834,7318,7762,8035,8409,8736,8929,9176,9375,9522,9592,9653
28359650.544,9661,9638,9559,9429,9314,9099,8835,8632,8289,7901,7619,7161,6664,6312,5757,5170
28361319.888,4763,4132,3478,3031,2348,1652,1183,474,-238,-711,-1419,-2118,-2578,-3256,-3917,-4346
28362989.232,-4969,-5566,-5946,-6491,-7000,-7319,-7763,-8166,-8410,-8737,-9017,-9177,-9376,-9523,-9593,-9654
28364658.576,-9662,-9639,-9560,-9430,-9315,-9100,-8836,-8633,-8290,-7902,-7620,-7162,-6665,-6313,-5758,-5171
28366327.920,-4764,-4133,-3479,-3032,-2349,-1653,-1184,-475,237,947,1418,2117,2805,3255,3916,4555
28367997.264,4968,5565,6131,6490,6999,7470,7762,8165,8523,8736,9016,9248,9375,9522,9618,9653
28399714.800,9686,9624,9511,9407,9208,8959,8766,8437,8063,7789,7343,6857,6512,5966,5387,4985
28401384.144,4360,3711,3267,2586,1892,1422,713,0,-476,-1188,-1893,-2357,-3042,-3712,-4147,-4781
28403053.488,-5388,-5777,-6335,-6858,-7186,-7646,-8064,-8318,-8663,-8960,-9131,-9347,-9512,-9593,-9672,-9698
28404722.832,-9687,-9625,-9512,-9408,-9209,-8960,-8767,-8438,-8064,-7790,-7344,-6858,-6513,-5967,-5388,-4986
28406392.176,-4361,-3712,-3268,-2587,-1893,-1423,-714,0,475,1187,1892,2356,3041,3711,4146,4780
28408061.520,5387,5966,6334,6857,7343,7645,8063,8437,8662,8959,9208,9346,9511,9624,9671,9697
28409730.864,9671,9624,9511,9346,9208,8959,8662,8437,8063,7645,7343,6857,6334,5966,5387,4780
28411400.208,4360,3711,3041,2586,1892,1187,713,0,-714,-1188,-1893,-2587,-3042,-3712,-4361,-4781
28413069.552,-5388,-5967,-6335,-6858,-7344,-7646,-8064,-8438,-8663,-8960,-9209,-9347,-9512,-9625,-9672,-9698
28414738.896,-9672,-9625,-9512,-9347,-9209,-8960,-8663,-8438,-8064,-7646,-7344,-6858,-6335,-5777,-5388,-4781
28416408.240,-4147,-3712,-3042,-2357,-1893,-1188,-476,0,713,1422,1892,2586,3267,3711,4360,4985
28418077.584,5387,5966,6512,6857,7343,7789,8063,8437,8766,8959,9208,9407,9511,9624,9686,9697
28449795.120,9683,9587,9439,9311,9078,8796,8581,8220,7815,7521,7047,6534,6173,5603,5002,4586
28451464.464,3943,3278,2824,2131,1427,953,238,-478,-954,-1664,-2365,-2825,-3503,-4161,-4587,-5206
28453133.808,-5797,-6174,-6710,-7211,-7522,-7956,-8347,-8582,-8896,-9163,-9312,-9495,-9626,-9684,-9728,-9720
28454803.152,-9684,-9588,-9440,-9312,-9079,-8797,-8582,-8221,-7816,-7522,-7048,-6535,-6174,-5604,-5003,-4587
28456472.496,-3944,-3279,-2825,-2132,-1428,-716,-239,477,1191,1663,2364,3052,3502,4160,4796,5205
28458141.840,5796,6355,6709,7210,7671,7955,8346,8691,8895,9162,9378,9494,9625,9704,9727,9719
28459811.184,9657,9587,9439,9239,9078,8796,8466,8220,7815,7368,7047,6534,5986,5603,5002,4374
28461480.528,3943,3278,2595,2131,1427,715,238,-478,-1192,-1664,-2365,-3053,-3503,-4161,-4797,-5206
28463149.872,-5797,-6356,-6710,-7211,-7672,-7956,-8347,-8692,-8896,-9163,-9379,-9495,-9626,-9705,-9728,-9720
28464819.216,-9658,-9544,-9440,-9240,-8991,-8797,-8467,-8091,-7816,-7369,-6881,-6535,-5987,-5406,-5003,-4375
28466488.560,-3724,-3279,-2596,-1899,-1428,-716,0,477,1191,1898,2364,3052,3723,4160,4796,5405
28468157.904,5796,6355,6880,7210,7671,8090,8346,8691,8990,9162,9378,9543,9625,9704,9730,9719
28498206.096,6193,6556,7071,7547,7842,8248,8610,8826,9109,9343,9471,9620,9716,9752,9760,9716
28499875.440,9657,9526,9343,9193,8926,8610,8374,7982,7547,7234,6732,6193,5816,5223,4602,4174
28501544.784,3514,2834,2372,1669,957,479,-240,-958,-1433,-2140,-2835,-3290,-3957,-4603,-5020,-5623
28503214.128,-6194,-6557,-7072,-7548,-7843,-8249,-8611,-8827,-9110,-9344,-9472,-9621,-9717,-9753,-9761,-9717
28504883.472,-9658,-9527,-9344,-9194,-8927,-8611,-8375,-7983,-7548,-7072,-6733,-6194,-5623,-5224,-4603,-3957
28506552.816,-3515,-2835,-2140,-1670,-958,-240,239,957,1669,2139,2834,3514,3956,4602,5223,5622
28508222.160,6193,6732,7071,7547,7982,8248,8610,8926,9109,9343,9526,9620,9716,9760,9760,9716
28509891.504,9620,9526,9343,9109,8926,8610,8248,7982,7547,7071,6732,6193,5622,5223,4602,3956
28511560.848,3514,2834,2139,1669,957,239,-240,-958,-1670,-2140,-2835,-3515,-3957,-4603,-5224,-5623
28513230.192,-6194,-6733,-7072,-7548,-7983,-8375,-8611,-8927,-9194,-9344,-9527,-9658,-9717,-9761,-9753,-9717
28514899.536,-9621,-9472,-9344,-9110,-8827,-8611,-8249,-7843,-7548,-7072,-6557,-6194,-5623,-5020,-4603,-3957
28516568.880,-3290,-2835,-2140,-1433,-958,-240,479,957,1669,2372,2834,3514,4174,4602,5223,5816
28549955.760,9608,9441,9224,9051,8750,8402,8145,7723,7258,6927,6399,5835,5442,4828,4188,3748
28551625.104,3072,2380,1911,1199,480,0,-721,-1438,-1912,-2613,-3301,-3749,-4405,-5037,-5443,-6028
28553294.448,-6580,-6928,-7419,-7869,-8146,-8524,-8857,-9052,-9303,-9504,-9609,-9724,-9786,-9794,-9771,-9691
28554963.792,-9559,-9442,-9225,-8957,-8751,-8403,-8010,-7724,-7259,-6756,-6400,-5836,-5242,-4829,-4189,-3526
28556633.136,-3073,-2381,-1675,-1200,-481,240,720,1437,2146,2612,3300,3970,4404,5036,5641,6027
28558302.480,6579,7095,7418,7868,8276,8523,8856,9140,9302,9503,9652,9723,9785,9793,9770,9690
28559971.824,9558,9441,9224,8956,8750,8402,8009,7723,7258,6755,6399,5835,5241,4828,4188,3525
28561641.168,3072,2380,1674,1199,480,-241,-721,-1438,-2147,-2844,-3301,-3971,-4619,-5037,-5642,-6215
28563310.512,-6580,-7096,-7573,-7869,-8277,-8640,-8857,-9141,-9375,-9504,-9653,-9750,-9786,-9794,-9750,-9691
28564979.856,-9559,-9375,-9225,-8957,-8640,-8403,-8010,-7573,-7259,-6756,-6215,-5836,-5242,-4619,-4189,-3526
28566649.200,-2844,-2381,-1675,-961,-481,240,960,1437,2146,2843,3300,3970,4618,5036,5641,6214
28568318.544,6579,7095,7572,7868,8276,8639,8856,9140,9374,9503,9652,9749,9785,9793,9749,9690
28598366.736,6950,7282,7748,8172,8430,8779,9080,9254,9472,9639,9722,9802,9828,9817,9754,9639
28600036.080,9534,9332,9080,8885,8551,8172,7894,7442,6950,6600,6046,5460,5053,4418,3761,3311
28601705.424,2621,1917,1442,722,0,-483,-1204,-1918,-2389,-3083,-3762,-4203,-4845,-5461,-5855,-6420
28603374.768,-6951,-7443,-7749,-8173,-8552,-8780,-9081,-9333,-9473,-9640,-9755,-9803,-9829,-9803,-9755,-9640
28605044.112,-9473,-9333,-9081,-8780,-8552,-8173,-7749,-7443,-6951,-6420,-6047,-5461,-4845,-4419,-3762,-3083
28606713.456,-2622,-1918,-1204,-723,0,722,1203,1917,2621,3082,3761,4418,4844,5460,6046,6419
28608382.800,6950,7442,7748,8172,8551,8779,9080,9332,9472,9639,9754,9802,9828,9802,9754,9639
28610052.144,9472,9332,9080,8779,8551,8172,7748,7442,6950,6419,6046,5460,4844,4202,3761,3082
28611721.488,2388,1917,1203,482,0,-723,-1443,-1918,-2622,-3312,-3762,-4419,-5054,-5461,-6047,-6601
28613390.832,-6951,-7443,-7895,-8173,-8552,-8886,-9081,-9333,-9535,-9640,-9755,-9818,-9829,-9803,-9723,-9640
28615060.176,-9473,-9255,-9081,-8780,-8431,-8173,-7749,-7283,-6951,-6420,-5855,-5461,-4845,-4203,-3762,-3083
28616729.520,-2389,-1918,-1204,-483,0,722,1442,1917,2621,3311,3761,4418,5053,5460,6046,6600
